StationCode,StationName,Latitude,Longitude,day1_date,day1_probability,day1_prediction,day1_threshold,day1_no_recent_sample,day1_top_factor_1,day1_top_factor_2,day1_top_factor_3,day1_top_factor_4,day1_top_factor_5,day1_top_factor_6,day1_top_factor_7,day1_top_factor_8,day1_top_factor_9,day1_top_factor_10,day1_top_factor_11,day1_top_factor_12,day1_top_factor_13,day1_top_factor_14,day1_top_factor_15,day1_shap_direction_1,day1_shap_direction_2,day1_shap_direction_3,day1_shap_direction_4,day1_shap_direction_5,day1_shap_direction_6,day1_shap_direction_7,day1_shap_direction_8,day1_shap_direction_9,day1_shap_direction_10,day1_shap_direction_11,day1_shap_direction_12,day1_shap_direction_13,day1_shap_direction_14,day1_shap_direction_15,day1_rain_today_mm,day1_rain_prior3d_mm,day1_wind_kph,day1_air_temp_c,day1_solar_mj,day1_water_temp_c,day1_wave_height_m,day1_tide_range_m,day1_spring_tide,day1_river_flow,day1_cso_dist_km,day2_date,day2_probability,day2_prediction,day2_threshold,day2_no_recent_sample,day2_top_factor_1,day2_top_factor_2,day2_top_factor_3,day2_top_factor_4,day2_top_factor_5,day2_top_factor_6,day2_top_factor_7,day2_top_factor_8,day2_top_factor_9,day2_top_factor_10,day2_top_factor_11,day2_top_factor_12,day2_top_factor_13,day2_top_factor_14,day2_top_factor_15,day2_shap_direction_1,day2_shap_direction_2,day2_shap_direction_3,day2_shap_direction_4,day2_shap_direction_5,day2_shap_direction_6,day2_shap_direction_7,day2_shap_direction_8,day2_shap_direction_9,day2_shap_direction_10,day2_shap_direction_11,day2_shap_direction_12,day2_shap_direction_13,day2_shap_direction_14,day2_shap_direction_15,day2_rain_today_mm,day2_rain_prior3d_mm,day2_wind_kph,day2_air_temp_c,day2_solar_mj,day2_water_temp_c,day2_wave_height_m,day2_tide_range_m,day2_spring_tide,day2_river_flow,day2_cso_dist_km,day3_date,day3_probability,day3_prediction,day3_threshold,day3_no_recent_sample,day3_top_factor_1,day3_top_factor_2,day3_top_factor_3,day3_top_factor_4,day3_top_factor_5,day3_top_factor_6,day3_top_factor_7,day3_top_factor_8,day3_top_factor_9,day3_top_factor_10,day3_top_factor_11,day3_top_factor_12,day3_top_factor_13,day3_top_factor_14,day3_top_factor_15,day3_shap_direction_1,day3_shap_direction_2,day3_shap_direction_3,day3_shap_direction_4,day3_shap_direction_5,day3_shap_direction_6,day3_shap_direction_7,day3_shap_direction_8,day3_shap_direction_9,day3_shap_direction_10,day3_shap_direction_11,day3_shap_direction_12,day3_shap_direction_13,day3_shap_direction_14,day3_shap_direction_15,day3_rain_today_mm,day3_rain_prior3d_mm,day3_wind_kph,day3_air_temp_c,day3_solar_mj,day3_water_temp_c,day3_wave_height_m,day3_tide_range_m,day3_spring_tide,day3_river_flow,day3_cso_dist_km
21MABCH-MA053694,Short,42.4293,-70.93167,2026-09-15,0.1066,Safe,0.14,True,Average wave period (3 days ago),Alongshore wind today,Onshore wind (1 day ago),Wind speed (1 day ago),Wind speed,Seasonal pattern,Onshore wind (2 days ago),Rainfall today,Wave height (4 days ago),Onshore wind (3 days ago),Solar radiation today,River discharge,Wave height (3 days ago),2-day cumulative rainfall,Rainfall (2 days ago),increasing risk,increasing risk,decreasing risk,decreasing risk,increasing risk,decreasing risk,decreasing risk,decreasing risk,decreasing risk,decreasing risk,increasing risk,decreasing risk,increasing risk,increasing risk,decreasing risk,0.0,45.0,30.0,16.6,21.0,18.9,0.44,3.25,1.0,low,3.55,2026-09-16,0.1088,Safe,0.17,True,Wave height (4 days ago),Alongshore wind today,Wave period (1 day ago),Wind speed (1 day ago),Rain and high tide combination,Wind speed (2 days ago),Average wave period (3 days ago),Wave period (4 days ago),Wave height (3 days ago),River discharge (3 days ago),Alongshore wind (1 day ago),Onshore wind (3 days ago),Solar radiation (3 days ago),3-day cumulative rainfall,Lunar cycle,decreasing risk,decreasing risk,decreasing risk,decreasing risk,decreasing risk,decreasing risk,increasing risk,increasing risk,increasing risk,increasing risk,decreasing risk,decreasing risk,increasing risk,decreasing risk,increasing risk,0.0,45.0,22.0,25.1,19.1,18.9,0.44,3.25,1.0,low,3.55,2026-09-17,0.0971,Safe,0.15,True,Onshore wind (3 days ago),Alongshore wind today,Average wave period (3 days ago),Wave period (4 days ago),Solar radiation (4 days ago),Alongshore wind (1 day ago),Wave height,Solar radiation (1 day ago),River discharge,Wave height (3 days ago),Alongshore wind (2 days ago),14-day cumulative rainfall,Wave period (1 day ago),Wave height (4 days ago),Rainfall (4 days ago),decreasing risk,increasing risk,increasing risk,increasing risk,increasing risk,decreasing risk,decreasing risk,decreasing risk,decreasing risk,increasing risk,decreasing risk,increasing risk,decreasing risk,decreasing risk,decreasing risk,2.9,0.0,15.0,20.5,15.0,18.9,0.44,3.25,1.0,low,3.55
21MABCH-MA053694-1,Short - Location 1,42.4293,-70.93167,2026-09-15,0.1066,Safe,0.14,True,Average wave period (3 days ago),Alongshore wind today,Onshore wind (1 day ago),Wind speed (1 day ago),Wind speed,Seasonal pattern,Onshore wind (2 days ago),Rainfall today,Wave height (4 days ago),Onshore wind (3 days ago),Solar radiation today,River discharge,Wave height (3 days ago),2-day cumulative rainfall,Rainfall (2 days ago),increasing risk,increasing risk,decreasing risk,decreasing risk,increasing risk,decreasing risk,decreasing risk,decreasing risk,decreasing risk,decreasing risk,increasing risk,decreasing risk,increasing risk,increasing risk,decreasing risk,0.0,45.0,30.0,16.6,21.0,18.9,0.44,3.25,1.0,low,3.55,2026-09-16,0.1088,Safe,0.17,True,Wave height (4 days ago),Alongshore wind today,Wave period (1 day ago),Wind speed (1 day ago),Rain and high tide combination,Wind speed (2 days ago),Average wave period (3 days ago),Wave period (4 days ago),Wave height (3 days ago),River discharge (3 days ago),Alongshore wind (1 day ago),Onshore wind (3 days ago),Solar radiation (3 days ago),3-day cumulative rainfall,Lunar cycle,decreasing risk,decreasing risk,decreasing risk,decreasing risk,decreasing risk,decreasing risk,increasing risk,increasing risk,increasing risk,increasing risk,decreasing risk,decreasing risk,increasing risk,decreasing risk,increasing risk,0.0,45.0,22.0,25.1,19.1,18.9,0.44,3.25,1.0,low,3.55,2026-09-17,0.0971,Safe,0.15,True,Onshore wind (3 days ago),Alongshore wind today,Average wave period (3 days ago),Wave period (4 days ago),Solar radiation (4 days ago),Alongshore wind (1 day ago),Wave height,Solar radiation (1 day ago),River discharge,Wave height (3 days ago),Alongshore wind (2 days ago),14-day cumulative rainfall,Wave period (1 day ago),Wave height (4 days ago),Rainfall (4 days ago),decreasing risk,increasing risk,increasing risk,increasing risk,increasing risk,decreasing risk,decreasing risk,decreasing risk,decreasing risk,increasing risk,decreasing risk,increasing risk,decreasing risk,decreasing risk,decreasing risk,2.9,0.0,15.0,20.5,15.0,18.9,0.44,3.25,1.0,low,3.55
21MABCH-MA104582,Nantasket,42.27227,-70.85714,2026-09-15,0.1066,Safe,0.14,True,Average wave period (3 days ago),Onshore wind (1 day ago),Alongshore wind today,Wind speed (1 day ago),Seasonal pattern,Rainfall today,Solar radiation today,Wave height (4 days ago),Wave height (3 days ago),River discharge,Wave period (4 days ago),Onshore wind today,Solar radiation (5 days ago),Air temperature (5 days ago),Air temperature (3 days ago),increasing risk,decreasing risk,increasing risk,decreasing risk,decreasing risk,decreasing risk,increasing risk,decreasing risk,increasing risk,decreasing risk,increasing risk,decreasing risk,increasing risk,increasing risk,increasing risk,0.0,22.0,22.0,17.1,20.9,18.9,0.44,3.25,1.0,low,15.35,2026-09-16,0.1114,Safe,0.17,True,Wave height (4 days ago),Wave period (1 day ago),Wave period (4 days ago),Wave height (3 days ago),Solar radiation (3 days ago),Alongshore wind today,Average wave period (3 days ago),River discharge (3 days ago),Solar radiation (4 days ago),Alongshore wind (3 days ago),Alongshore wind (1 day ago),Onshore wave energy (2 days ago),Wind speed (3 days ago),Rainfall (3 days ago),14-day cumulative rainfall,decreasing risk,decreasing risk,increasing risk,increasing risk,increasing risk,decreasing risk,increasing risk,increasing risk,increasing risk,decreasing risk,decreasing risk,increasing risk,decreasing risk,increasing risk,increasing risk,0.0,22.0,16.0,25.1,19.1,18.9,0.44,3.25,1.0,low,15.35,2026-09-17,0.0971,Safe,0.15,True,Onshore wind (3 days ago),Alongshore wind today,Wave period (4 days ago),Average wave period (3 days ago),Solar radiation (4 days ago),Rain and high tide combination,Solar radiation (1 day ago),Wave height (3 days ago),Wave height (4 days ago),Rainfall (4 days ago),River discharge,Wind direction,Wave height,Solar radiation today,Wind speed (2 days ago),decreasing risk,increasing risk,increasing risk,increasing risk,increasing risk,decreasing risk,decreasing risk,increasing risk,decreasing risk,decreasing risk,decreasing risk,increasing risk,decreasing risk,increasing risk,increasing risk,2.9,0.0,15.0,20.5,15.0,18.9,0.44,3.25,1.0,low,15.35
21MABCH-MA124463,Tenean,42.293,-71.04314,2026-09-15,0.1372,Safe,0.22,True,Onshore wind (1 day ago),Alongshore wind today,Average wave period (3 days ago),Solar radiation today,Solar radiation (2 days ago),Wave height (4 days ago),Alongshore wind (3 days ago),Seasonal pattern,Rain and high tide combination,River discharge,Alongshore wave energy today,Wave period,Onshore wind today,Rainfall today,Wave period (1 day ago),decreasing risk,increasing risk,increasing risk,increasing risk,increasing risk,decreasing risk,decreasing risk,decreasing risk,decreasing risk,decreasing risk,decreasing risk,increasing risk,decreasing risk,decreasing risk,decreasing risk,0.0,19.1,15.0,17.7,20.6,18.9,0.44,3.25,1.0,low,3.76,2026-09-16,0.1481,Safe,0.23,True,Rain and high tide combination,Wave height (4 days ago),Wave period (1 day ago),Alongshore wind today,Wave period,Air temperature (1 day ago),Air temperature (4 days ago),Wave height (1 day ago),Wave period (5 days ago),Wind speed (2 days ago),Solar radiation (3 days ago),River discharge,Wave height (3 days ago),Low tide level (yesterday),Wind speed (3 days ago),decreasing risk,decreasing risk,decreasing risk,decreasing risk,increasing risk,decreasing risk,increasing risk,increasing risk,decreasing risk,decreasing risk,increasing risk,decreasing risk,increasing risk,increasing risk,decreasing risk,0.0,19.1,16.0,25.1,19.1,18.9,0.44,3.25,1.0,low,3.76,2026-09-17,0.3408,Unsafe,0.2,True,Alongshore wind today,Average wave period (3 days ago),Solar radiation (4 days ago),Onshore wind (3 days ago),Wave period,River discharge,Air temperature (3 days ago),Wind direction,Overnight low temperature,Solar radiation today,Wave period (1 day ago),Wind speed (1 day ago),Daytime high temperature,Onshore wind (1 day ago),Solar radiation (2 days ago),increasing risk,increasing risk,increasing risk,decreasing risk,increasing risk,decreasing risk,increasing risk,increasing risk,increasing risk,increasing risk,decreasing risk,increasing risk,increasing risk,increasing risk,increasing risk,2.9,0.0,15.0,20.5,15.0,18.9,0.44,3.25,1.0,low,3.76
21MABCH-MA124463-1,Tenean (DCR) - Location 1,42.293,-71.04314,2026-09-15,0.1372,Safe,0.22,False,Onshore wind (1 day ago),Alongshore wind today,Average wave period (3 days ago),Wave height (4 days ago),Solar radiation today,Solar radiation (2 days ago),Alongshore wind (3 days ago),Seasonal pattern,River discharge,Wave period,Alongshore wave energy today,Onshore wind today,Rainfall today,2-day cumulative rainfall,Wave period (1 day ago),decreasing risk,increasing risk,increasing risk,decreasing risk,increasing risk,increasing risk,decreasing risk,decreasing risk,decreasing risk,increasing risk,decreasing risk,decreasing risk,decreasing risk,increasing risk,decreasing risk,0.0,19.1,15.0,17.7,20.6,18.9,0.44,3.25,1.0,low,3.76,2026-09-16,0.1481,Safe,0.23,False,Wave height (4 days ago),Rain and high tide combination,Wave period (1 day ago),Alongshore wind today,Wave period,Air temperature (4 days ago),Wind speed (2 days ago),Average wave period (3 days ago),Wave height (1 day ago),Wave height (3 days ago),Onshore wind (2 days ago),River discharge,Wave period (5 days ago),Solar radiation (3 days ago),Low tide level (yesterday),decreasing risk,decreasing risk,decreasing risk,decreasing risk,increasing risk,increasing risk,decreasing risk,increasing risk,increasing risk,increasing risk,decreasing risk,decreasing risk,decreasing risk,increasing risk,increasing risk,0.0,19.1,16.0,25.1,19.1,18.9,0.44,3.25,1.0,low,3.76,2026-09-17,0.3408,Unsafe,0.2,False,Alongshore wind today,Average wave period (3 days ago),Solar radiation (4 days ago),Onshore wind (3 days ago),Wave period,River discharge,Overnight low temperature,Air temperature (3 days ago),Solar radiation today,Wave period (1 day ago),Wind speed (1 day ago),Wind direction,Daytime high temperature,Solar radiation (2 days ago),Onshore wind (1 day ago),increasing risk,increasing risk,increasing risk,decreasing risk,increasing risk,decreasing risk,increasing risk,increasing risk,increasing risk,decreasing risk,increasing risk,increasing risk,increasing risk,increasing risk,increasing risk,2.9,0.0,15.0,20.5,15.0,18.9,0.44,3.25,1.0,low,3.76
21MABCH-MA135071,Nantasket,42.28066,-70.86635,2026-09-15,0.1066,Safe,0.14,True,Average wave period (3 days ago),Onshore wind (1 day ago),Alongshore wind today,Wind speed (1 day ago),Seasonal pattern,Rainfall today,Solar radiation today,Wave height (4 days ago),Wave height (3 days ago),River discharge,Wave period (4 days ago),Solar radiation (5 days ago),Onshore wind today,Air temperature (3 days ago),Daytime high temperature,increasing risk,decreasing risk,increasing risk,decreasing risk,decreasing risk,decreasing risk,increasing risk,decreasing risk,increasing risk,decreasing risk,increasing risk,increasing risk,decreasing risk,increasing risk,decreasing risk,0.0,22.0,22.0,17.1,20.9,18.9,0.44,3.25,1.0,low,14.27,2026-09-16,0.1114,Safe,0.17,True,Wave height (4 days ago),Wave period (1 day ago),Wave period (4 days ago),Wave height (3 days ago),Solar radiation (3 days ago),Alongshore wind today,Average wave period (3 days ago),River discharge (3 days ago),Solar radiation (4 days ago),Alongshore wind (3 days ago),Alongshore wind (1 day ago),Onshore wave energy (2 days ago),14-day cumulative rainfall,Rainfall (3 days ago),Low tide level (yesterday),decreasing risk,decreasing risk,increasing risk,increasing risk,increasing risk,decreasing risk,increasing risk,increasing risk,increasing risk,decreasing risk,decreasing risk,increasing risk,increasing risk,increasing risk,increasing risk,0.0,22.0,16.0,25.1,19.1,18.9,0.44,3.25,1.0,low,14.27,2026-09-17,0.0971,Safe,0.15,True,Onshore wind (3 days ago),Alongshore wind today,Wave period (4 days ago),Average wave period (3 days ago),Rain and high tide combination,Solar radiation (4 days ago),Solar radiation (1 day ago),Wind direction,Wave height (3 days ago),Rainfall (4 days ago),Wave height (4 days ago),River discharge,Wave height,Solar radiation today,River discharge (2 days ago),decreasing risk,increasing risk,increasing risk,increasing risk,decreasing risk,increasing risk,decreasing risk,increasing risk,increasing risk,decreasing risk,decreasing risk,decreasing risk,decreasing risk,increasing risk,increasing risk,2.9,0.0,15.0,20.5,15.0,18.9,0.44,3.25,1.0,low,14.27
21MABCH-MA151015-1,Black Rock (Nahant) - Location 1,42.43056,-70.93508,2026-09-15,0.1372,Safe,0.14,True,Alongshore wind today,Onshore wind (1 day ago),Average wave period (3 days ago),Seasonal pattern,Wind speed,Onshore wind (2 days ago),Onshore wind (3 days ago),Solar radiation (2 days ago),River discharge,Wave height (4 days ago),Solar radiation (3 days ago),Alongshore wave energy today,Solar radiation today,Wave period,Rainfall (2 days ago),increasing risk,decreasing risk,increasing risk,decreasing risk,increasing risk,decreasing risk,decreasing risk,increasing risk,decreasing risk,decreasing risk,decreasing risk,decreasing risk,increasing risk,increasing risk,decreasing risk,0.0,45.0,30.0,16.6,21.0,18.9,0.44,3.25,1.0,low,3.34,2026-09-16,0.1088,Safe,0.17,True,Alongshore wind today,Wave period (1 day ago),Wave height (4 days ago),Wind speed (1 day ago),Onshore wind (3 days ago),Rain and high tide combination,Wind speed (2 days ago),Average wave period (3 days ago),Wave period,River discharge,Alongshore wind (1 day ago),Wave period (5 days ago),3-day cumulative rainfall,Wave height (3 days ago),Lunar cycle,decreasing risk,decreasing risk,decreasing risk,decreasing risk,decreasing risk,decreasing risk,decreasing risk,increasing risk,increasing risk,decreasing risk,decreasing risk,decreasing risk,decreasing risk,increasing risk,increasing risk,0.0,45.0,22.0,25.1,19.1,18.9,0.44,3.25,1.0,low,3.34,2026-09-17,0.1268,Safe,0.15,True,Onshore wind (3 days ago),Alongshore wind today,Average wave period (3 days ago),River discharge,Solar radiation (4 days ago),Wave period,Alongshore wind (2 days ago),Alongshore wind (1 day ago),Solar radiation today,Seasonal pattern,Wave period (4 days ago),Wave height,14-day cumulative rainfall,Wave period (1 day ago),Solar radiation (1 day ago),decreasing risk,increasing risk,increasing risk,decreasing risk,increasing risk,increasing risk,decreasing risk,decreasing risk,increasing risk,decreasing risk,increasing risk,decreasing risk,increasing risk,decreasing risk,decreasing risk,2.9,0.0,15.0,20.5,15.0,18.9,0.44,3.25,1.0,low,3.34
21MABCH-MA186671,Revere,42.42273,-70.98284,2026-09-15,0.1107,Safe,0.14,True,Onshore wind (1 day ago),Alongshore wind today,Average wave period (3 days ago),Overnight low temperature,Seasonal pattern,Wave height (4 days ago),Solar radiation (2 days ago),Wave period (4 days ago),Solar radiation today,Alongshore wave energy today,Wave period (3 days ago),Onshore wind today,2-day cumulative rainfall,Wave period,Wave period (1 day ago),decreasing risk,increasing risk,increasing risk,decreasing risk,decreasing risk,decreasing risk,increasing risk,increasing risk,increasing risk,decreasing risk,decreasing risk,decreasing risk,increasing risk,increasing risk,decreasing risk,0.0,13.7,16.0,17.1,21.2,18.9,0.44,3.25,1.0,,3.96,2026-09-16,0.1114,Safe,0.17,True,Wave height (4 days ago),Wave period (1 day ago),Alongshore wind today,Air temperature (1 day ago),Wave period (4 days ago),Average wave period (3 days ago),Wave height (3 days ago),Rain and high tide combination,Wind speed (2 days ago),Lunar cycle,Seasonal pattern,Wave period (3 days ago),Solar radiation (3 days ago),Solar radiation (5 days ago),Solar radiation (4 days ago),decreasing risk,decreasing risk,decreasing risk,decreasing risk,increasing risk,increasing risk,increasing risk,decreasing risk,decreasing risk,increasing risk,decreasing risk,decreasing risk,increasing risk,increasing risk,increasing risk,0.0,13.7,16.0,25.1,19.1,18.9,0.44,3.25,1.0,,3.96,2026-09-17,0.1976,Unsafe,0.15,True,Alongshore wind today,Average wave period (3 days ago),Wave period (4 days ago),Onshore wind (3 days ago),Solar radiation (4 days ago),Wave period (1 day ago),Solar radiation today,Wave height,Solar radiation (1 day ago),Wave period (3 days ago),Onshore wind today,Onshore wind (1 day ago),Daytime high temperature,Wave period,Wave height (4 days ago),increasing risk,increasing risk,increasing risk,decreasing risk,increasing risk,decreasing risk,increasing risk,decreasing risk,decreasing risk,decreasing risk,increasing risk,increasing risk,increasing risk,increasing risk,decreasing risk,2.9,0.0,15.0,20.5,15.0,18.9,0.44,3.25,1.0,,3.96
21MABCH-MA187787,Constitution,42.38217,-71.01095,2026-09-15,0.0886,Safe,0.11,True,Average wave period (3 days ago),Onshore wind (1 day ago),Alongshore wind today,Wave period (3 days ago),Wave height (4 days ago),Overnight low temperature,Seasonal pattern,Solar radiation today,Onshore wind today,Rainfall today,Air temperature (5 days ago),Wave height (3 days ago),Rainfall (2 days ago),River discharge,Wind speed (1 day ago),increasing risk,decreasing risk,increasing risk,decreasing risk,decreasing risk,decreasing risk,decreasing risk,increasing risk,decreasing risk,decreasing risk,increasing risk,increasing risk,decreasing risk,decreasing risk,increasing risk,0.0,13.7,16.0,17.1,21.2,18.9,0.44,3.25,1.0,low,1.33,2026-09-16,0.0787,Safe,0.12,True,Wave height (4 days ago),Wave period (3 days ago),Air temperature (1 day ago),Wave period (1 day ago),Alongshore wind (3 days ago),Alongshore wind today,Wave period (4 days ago),Solar radiation (3 days ago),Average wave period (3 days ago),Wave height (3 days ago),Rain and high tide combination,River discharge (3 days ago),Alongshore wind (1 day ago),Wind speed (2 days ago),Wind speed,decreasing risk,decreasing risk,decreasing risk,decreasing risk,decreasing risk,decreasing risk,increasing risk,increasing risk,increasing risk,increasing risk,decreasing risk,increasing risk,increasing risk,decreasing risk,increasing risk,0.0,13.7,16.0,25.1,19.1,18.9,0.44,3.25,1.0,low,1.33,2026-09-17,0.0733,Safe,0.13,True,Alongshore wind today,Wave period (3 days ago),Onshore wind (3 days ago),Wave period (4 days ago),Average wave period (3 days ago),Wave height (4 days ago),Wave height (3 days ago),Wave height,Solar radiation (1 day ago),Wave period (1 day ago),Solar radiation (4 days ago),River discharge (2 days ago),River discharge (1 day ago),Wave period (2 days ago),Alongshore wind (2 days ago),increasing risk,decreasing risk,decreasing risk,increasing risk,increasing risk,decreasing risk,increasing risk,decreasing risk,decreasing risk,decreasing risk,increasing risk,increasing risk,decreasing risk,decreasing risk,increasing risk,2.9,0.0,15.0,20.5,15.0,18.9,0.44,3.25,1.0,low,1.33
21MABCH-MA198444,Revere,42.40725,-70.99001,2026-09-15,0.1066,Safe,0.14,True,Onshore wind (1 day ago),Average wave period (3 days ago),Alongshore wind today,Wave height (4 days ago),Overnight low temperature,Seasonal pattern,Solar radiation today,Wave height (3 days ago),Rainfall today,Wave period (1 day ago),Onshore wind today,Air temperature (2 days ago),Air temperature (5 days ago),Wave period (3 days ago),Wind speed (3 days ago),decreasing risk,increasing risk,increasing risk,decreasing risk,decreasing risk,decreasing risk,increasing risk,increasing risk,decreasing risk,decreasing risk,decreasing risk,increasing risk,increasing risk,decreasing risk,decreasing risk,0.0,13.7,16.0,17.1,21.2,18.9,0.44,3.25,1.0,,2.77,2026-09-16,0.1088,Safe,0.17,True,Wave height (4 days ago),Wave period (1 day ago),Air temperature (1 day ago),Alongshore wind today,Wave height (3 days ago),Average wave period (3 days ago),Rain and high tide combination,Wave period (4 days ago),Wind speed (2 days ago),Solar radiation (3 days ago),Lunar cycle,Wind speed (3 days ago),Alongshore wind (1 day ago),Wave period (3 days ago),Low tide level (yesterday),decreasing risk,decreasing risk,decreasing risk,decreasing risk,increasing risk,increasing risk,decreasing risk,increasing risk,decreasing risk,increasing risk,increasing risk,decreasing risk,increasing risk,decreasing risk,increasing risk,0.0,13.7,16.0,25.1,19.1,18.9,0.44,3.25,1.0,,2.77,2026-09-17,0.1481,Safe,0.15,True,Alongshore wind today,Wave period (4 days ago),Average wave period (3 days ago),Onshore wind (3 days ago),Solar radiation (4 days ago),Wave height,Wave period (1 day ago),Wave height (3 days ago),Solar radiation (1 day ago),Wave height (4 days ago),Wave period (3 days ago),Daytime high temperature,Alongshore wind (2 days ago),Wind direction,Onshore wind today,increasing risk,increasing risk,increasing risk,decreasing risk,increasing risk,decreasing risk,decreasing risk,increasing risk,decreasing risk,decreasing risk,decreasing risk,increasing risk,increasing risk,increasing risk,increasing risk,2.9,0.0,15.0,20.5,15.0,18.9,0.44,3.25,1.0,,2.77
21MABCH-MA203090,Wollaston,42.27893,-71.01436,2026-09-15,0.1372,Safe,0.14,True,Onshore wind (1 day ago),Alongshore wind today,Average wave period (3 days ago),Seasonal pattern,Solar radiation (2 days ago),Alongshore wind (3 days ago),Overnight low temperature,Wave height (4 days ago),Wave period,River discharge,Onshore wind today,Alongshore wave energy today,Solar radiation today,Rainfall today,Low tide level (yesterday),decreasing risk,increasing risk,increasing risk,decreasing risk,increasing risk,decreasing risk,decreasing risk,decreasing risk,increasing risk,decreasing risk,decreasing risk,decreasing risk,increasing risk,decreasing risk,increasing risk,0.0,19.1,15.0,17.7,20.6,18.9,0.44,3.25,1.0,low,5.79,2026-09-16,0.1168,Safe,0.17,True,Wave height (4 days ago),Rain and high tide combination,Wave period (1 day ago),Alongshore wind today,Wave period,Wave period (4 days ago),Wave period (5 days ago),Onshore wind (2 days ago),Seasonal pattern,River discharge,Solar radiation (3 days ago),Lunar cycle,Wind speed (2 days ago),Wind speed (1 day ago),Solar radiation (1 day ago),decreasing risk,decreasing risk,decreasing risk,decreasing risk,increasing risk,increasing risk,decreasing risk,decreasing risk,decreasing risk,decreasing risk,increasing risk,increasing risk,decreasing risk,increasing risk,increasing risk,0.0,19.1,16.0,25.1,19.1,18.9,0.44,3.25,1.0,low,5.79,2026-09-17,0.3408,Unsafe,0.15,True,Alongshore wind today,Average wave period (3 days ago),Solar radiation today,Solar radiation (4 days ago),Onshore wind (3 days ago),River discharge,Wave period,Wind direction,Wave period (1 day ago),Onshore wind (1 day ago),Seasonal pattern,Daytime high temperature,Wave period (4 days ago),Solar radiation (1 day ago),Onshore wind today,increasing risk,increasing risk,increasing risk,increasing risk,decreasing risk,decreasing risk,increasing risk,increasing risk,decreasing risk,increasing risk,decreasing risk,increasing risk,increasing risk,decreasing risk,increasing risk,2.9,0.0,15.0,20.5,15.0,18.9,0.44,3.25,1.0,low,5.79
21MABCH-MA203090-1,Wollaston @ Milton Street (DCR) - Location 1,42.2814,-71.01764,2026-09-15,0.1372,Safe,0.14,True,Onshore wind (1 day ago),Alongshore wind today,Average wave period (3 days ago),Seasonal pattern,Wave height (4 days ago),Solar radiation (2 days ago),Alongshore wind (3 days ago),Overnight low temperature,Wave period,River discharge,Onshore wind today,Alongshore wave energy today,Solar radiation today,Rainfall today,Low tide level (yesterday),decreasing risk,increasing risk,increasing risk,decreasing risk,decreasing risk,increasing risk,decreasing risk,decreasing risk,increasing risk,decreasing risk,decreasing risk,decreasing risk,increasing risk,decreasing risk,increasing risk,0.0,19.1,15.0,17.7,20.6,18.9,0.44,3.25,1.0,low,5.47,2026-09-16,0.1114,Safe,0.17,True,Wave height (4 days ago),Wave period (1 day ago),Alongshore wind today,Rain and high tide combination,Air temperature (1 day ago),Wave period,Wave period (4 days ago),Average wave period (3 days ago),Wave height (3 days ago),River discharge,Wind speed (2 days ago),Onshore wind (2 days ago),Seasonal pattern,Wave period (5 days ago),Lunar cycle,decreasing risk,decreasing risk,decreasing risk,decreasing risk,decreasing risk,increasing risk,increasing risk,increasing risk,increasing risk,decreasing risk,decreasing risk,decreasing risk,decreasing risk,decreasing risk,increasing risk,0.0,19.1,16.0,25.1,19.1,18.9,0.44,3.25,1.0,low,5.47,2026-09-17,0.2426,Unsafe,0.15,True,Alongshore wind today,Average wave period (3 days ago),Solar radiation today,Solar radiation (4 days ago),Onshore wind (3 days ago),River discharge,Wave period,Seasonal pattern,Wave period (1 day ago),Onshore wind (1 day ago),Daytime high temperature,Wave period (4 days ago),Onshore wind today,Solar radiation (1 day ago),Wind direction,increasing risk,increasing risk,increasing risk,increasing risk,decreasing risk,decreasing risk,increasing risk,decreasing risk,decreasing risk,increasing risk,increasing risk,increasing risk,increasing risk,decreasing risk,increasing risk,2.9,0.0,15.0,20.5,15.0,18.9,0.44,3.25,1.0,low,5.47
21MABCH-MA203203,Nahant Beach,42.44849,-70.93801,2026-09-15,0.1066,Safe,0.14,True,Average wave period (3 days ago),Alongshore wind today,Onshore wind (1 day ago),Wind speed (1 day ago),Wind speed,Onshore wind (2 days ago),Seasonal pattern,Onshore wind (3 days ago),Wave height (4 days ago),Rainfall today,Solar radiation today,River discharge,Wave height (3 days ago),Solar radiation (3 days ago),Rainfall (2 days ago),increasing risk,increasing risk,decreasing risk,decreasing risk,increasing risk,decreasing risk,decreasing risk,decreasing risk,decreasing risk,decreasing risk,increasing risk,decreasing risk,increasing risk,decreasing risk,decreasing risk,0.0,45.0,30.0,16.6,21.0,18.9,0.44,3.25,1.0,low,1.37,2026-09-16,0.1088,Safe,0.17,True,Wave height (4 days ago),Alongshore wind today,Wave period (1 day ago),Wind speed (1 day ago),Rain and high tide combination,Wave period (4 days ago),Average wave period (3 days ago),Wave height (3 days ago),Wind speed (2 days ago),River discharge (3 days ago),Alongshore wind (1 day ago),Onshore wind (3 days ago),Solar radiation (3 days ago),3-day cumulative rainfall,River discharge,decreasing risk,decreasing risk,decreasing risk,decreasing risk,decreasing risk,increasing risk,increasing risk,increasing risk,decreasing risk,increasing risk,decreasing risk,decreasing risk,increasing risk,decreasing risk,decreasing risk,0.0,45.0,22.0,25.1,19.1,18.9,0.44,3.25,1.0,low,1.37,2026-09-17,0.0971,Safe,0.15,True,Onshore wind (3 days ago),Alongshore wind today,Average wave period (3 days ago),Wave period (4 days ago),Solar radiation (4 days ago),River discharge,Alongshore wind (1 day ago),Wave height (3 days ago),Solar radiation (1 day ago),Alongshore wind (2 days ago),Wave height,14-day cumulative rainfall,River discharge (2 days ago),Wave height (4 days ago),Wave period (1 day ago),decreasing risk,increasing risk,increasing risk,increasing risk,increasing risk,decreasing risk,decreasing risk,increasing risk,decreasing risk,decreasing risk,decreasing risk,increasing risk,increasing risk,decreasing risk,decreasing risk,2.9,0.0,15.0,20.5,15.0,18.9,0.44,3.25,1.0,low,1.37
21MABCH-MA211183,Nahant Beach,42.44369,-70.9384,2026-09-15,0.1066,Safe,0.14,True,Alongshore wind today,Onshore wind (1 day ago),Average wave period (3 days ago),Wind speed (1 day ago),Wind speed,Seasonal pattern,Onshore wind (3 days ago),Onshore wind (2 days ago),Solar radiation (2 days ago),Rainfall today,River discharge,Solar radiation today,Wave height (4 days ago),Wave height (3 days ago),Solar radiation (3 days ago),increasing risk,decreasing risk,increasing risk,decreasing risk,increasing risk,decreasing risk,decreasing risk,decreasing risk,increasing risk,decreasing risk,decreasing risk,increasing risk,decreasing risk,increasing risk,decreasing risk,0.0,45.0,30.0,16.6,21.0,18.9,0.44,3.25,1.0,low,1.86,2026-09-16,0.1088,Safe,0.17,True,Alongshore wind today,Wave height (4 days ago),Wave period (1 day ago),Wind speed (1 day ago),Rain and high tide combination,Onshore wind (3 days ago),Wave period (4 days ago),Average wave period (3 days ago),River discharge (3 days ago),Wave height (3 days ago),Alongshore wind (1 day ago),3-day cumulative rainfall,Wind speed (2 days ago),Solar radiation (3 days ago),Wave height,decreasing risk,decreasing risk,decreasing risk,decreasing risk,decreasing risk,decreasing risk,increasing risk,increasing risk,increasing risk,increasing risk,decreasing risk,decreasing risk,decreasing risk,increasing risk,decreasing risk,0.0,45.0,22.0,25.1,19.1,18.9,0.44,3.25,1.0,low,1.86,2026-09-17,0.1235,Safe,0.15,True,Onshore wind (3 days ago),Alongshore wind today,Average wave period (3 days ago),Wave period (4 days ago),Solar radiation (4 days ago),River discharge,Alongshore wind (2 days ago),Solar radiation (1 day ago),14-day cumulative rainfall,Wave height,Wave period (1 day ago),Alongshore wind (1 day ago),Air temperature (2 days ago),Rainfall (4 days ago),Wave height (3 days ago),decreasing risk,increasing risk,increasing risk,increasing risk,increasing risk,decreasing risk,decreasing risk,decreasing risk,increasing risk,decreasing risk,decreasing risk,decreasing risk,decreasing risk,decreasing risk,increasing risk,2.9,0.0,15.0,20.5,15.0,18.9,0.44,3.25,1.0,low,1.86
21MABCH-MA227000,Revere,42.43544,-70.96933,2026-09-15,0.1066,Safe,0.14,True,Onshore wind (1 day ago),Average wave period (3 days ago),Alongshore wind today,Wave height (4 days ago),Overnight low temperature,Seasonal pattern,Solar radiation today,Rainfall today,Wave period (1 day ago),Onshore wind today,Wind speed (3 days ago),Air temperature (5 days ago),Wave height (3 days ago),Air temperature (2 days ago),Wave period,decreasing risk,increasing risk,increasing risk,decreasing risk,decreasing risk,decreasing risk,increasing risk,decreasing risk,decreasing risk,decreasing risk,decreasing risk,increasing risk,increasing risk,increasing risk,increasing risk,0.0,13.7,16.0,17.1,21.2,18.9,0.44,3.25,1.0,,2.54,2026-09-16,0.1088,Safe,0.17,True,Wave height (4 days ago),Wave period (1 day ago),Air temperature (1 day ago),Alongshore wind today,Wave period (4 days ago),Wave height (3 days ago),Average wave period (3 days ago),Rain and high tide combination,Wind speed (2 days ago),Solar radiation (3 days ago),Wind speed (3 days ago),Low tide level (yesterday),Onshore wave energy (2 days ago),Lunar cycle,Wave height,decreasing risk,decreasing risk,decreasing risk,decreasing risk,increasing risk,increasing risk,increasing risk,decreasing risk,decreasing risk,increasing risk,decreasing risk,increasing risk,increasing risk,increasing risk,decreasing risk,0.0,13.7,16.0,25.1,19.1,18.9,0.44,3.25,1.0,,2.54,2026-09-17,0.1481,Safe,0.15,True,Alongshore wind today,Wave period (4 days ago),Onshore wind (3 days ago),Average wave period (3 days ago),Solar radiation (4 days ago),Wave height,Solar radiation (1 day ago),Wave period (1 day ago),Wave height (4 days ago),Wave height (3 days ago),Daytime high temperature,Onshore wave energy (2 days ago),Alongshore wind (2 days ago),Wind direction,Wave period (3 days ago),increasing risk,increasing risk,decreasing risk,increasing risk,increasing risk,decreasing risk,decreasing risk,decreasing risk,decreasing risk,increasing risk,increasing risk,increasing risk,increasing risk,increasing risk,decreasing risk,2.9,0.0,15.0,20.5,15.0,18.9,0.44,3.25,1.0,,2.54
21MABCH-MA259042,Malibu,42.30666,-71.04784,2026-09-15,0.1066,Safe,0.14,True,Onshore wind (1 day ago),Alongshore wind today,Average wave period (3 days ago),Wave height (4 days ago),Solar radiation today,Solar radiation (2 days ago),Seasonal pattern,Rain and high tide combination,Alongshore wind (3 days ago),River discharge,Wind speed,Onshore wind today,Alongshore wave energy today,Rainfall today,Wave period (3 days ago),decreasing risk,increasing risk,increasing risk,decreasing risk,increasing risk,increasing risk,decreasing risk,decreasing risk,decreasing risk,decreasing risk,decreasing risk,decreasing risk,decreasing risk,decreasing risk,decreasing risk,0.0,19.1,15.0,17.7,20.6,18.9,0.44,3.25,1.0,low,2.25,2026-09-16,0.1114,Safe,0.17,True,Wave height (4 days ago),Wave period (1 day ago),Rain and high tide combination,Alongshore wind today,Wave period,Average wave period (3 days ago),Air temperature (1 day ago),Alongshore wind (1 day ago),River discharge,Wave height (1 day ago),Wind speed (2 days ago),Wave height (3 days ago),Lunar cycle,Onshore wind (2 days ago),Air temperature (4 days ago),decreasing risk,decreasing risk,decreasing risk,decreasing risk,increasing risk,increasing risk,decreasing risk,increasing risk,decreasing risk,increasing risk,decreasing risk,increasing risk,increasing risk,decreasing risk,increasing risk,0.0,19.1,16.0,25.1,19.1,18.9,0.44,3.25,1.0,low,2.25,2026-09-17,0.2426,Unsafe,0.15,True,Alongshore wind today,Average wave period (3 days ago),Solar radiation (4 days ago),River discharge,Air temperature (3 days ago),Wave period,Onshore wind (3 days ago),Solar radiation today,Daytime high temperature,Overnight low temperature,Wave height,Solar radiation (2 days ago),Wave period (1 day ago),Wind direction,Solar radiation (1 day ago),increasing risk,increasing risk,increasing risk,decreasing risk,increasing risk,increasing risk,decreasing risk,increasing risk,increasing risk,increasing risk,decreasing risk,increasing risk,decreasing risk,increasing risk,decreasing risk,2.9,0.0,15.0,20.5,15.0,18.9,0.44,3.25,1.0,low,2.25
21MABCH-MA259042-1,Malibu (DCR) - Location 1,42.30666,-71.04784,2026-09-15,0.1066,Safe,0.14,False,Onshore wind (1 day ago),Alongshore wind today,Average wave period (3 days ago),Rain and high tide combination,Wave height (4 days ago),Solar radiation today,Seasonal pattern,River discharge,Alongshore wind (3 days ago),Onshore wind today,Rainfall today,Wave period (1 day ago),Overnight low temperature,Low tide level (yesterday),Wave height (3 days ago),decreasing risk,increasing risk,increasing risk,decreasing risk,decreasing risk,increasing risk,decreasing risk,decreasing risk,decreasing risk,decreasing risk,decreasing risk,decreasing risk,decreasing risk,increasing risk,increasing risk,0.0,19.1,15.0,17.7,20.6,18.9,0.44,3.25,1.0,low,2.25,2026-09-16,0.2006,Unsafe,0.17,False,Wave height (4 days ago),Wave period (1 day ago),Rain and high tide combination,Alongshore wind today,Wave period,Lunar cycle,Wave height (1 day ago),Alongshore wind (1 day ago),River discharge,Air temperature (4 days ago),Average wave period (3 days ago),Onshore wind (2 days ago),Wind speed (3 days ago),Wave height (3 days ago),Wind speed (2 days ago),decreasing risk,decreasing risk,decreasing risk,decreasing risk,increasing risk,increasing risk,increasing risk,increasing risk,decreasing risk,increasing risk,increasing risk,decreasing risk,decreasing risk,increasing risk,decreasing risk,0.0,19.1,16.0,25.1,19.1,18.9,0.44,3.25,1.0,low,2.25,2026-09-17,0.3408,Unsafe,0.15,False,Alongshore wind today,Rain and high tide combination,Solar radiation (4 days ago),Onshore wind (3 days ago),River discharge,Average wave period (3 days ago),Wave period,Air temperature (3 days ago),Wind direction,Wave period (1 day ago),Daytime high temperature,Overnight low temperature,Solar radiation today,Solar radiation (2 days ago),Wave period (4 days ago),increasing risk,decreasing risk,increasing risk,decreasing risk,decreasing risk,increasing risk,increasing risk,increasing risk,increasing risk,decreasing risk,increasing risk,increasing risk,increasing risk,increasing risk,increasing risk,2.9,0.0,15.0,20.5,15.0,18.9,0.44,3.25,1.0,low,2.25
21MABCH-MA272297,Nahant Beach,42.4551,-70.93597,2026-09-15,0.1066,Safe,0.14,True,Onshore wind (1 day ago),Average wave period (3 days ago),Alongshore wind today,Onshore wind (2 days ago),Wind speed (1 day ago),Rainfall today,Wave height (4 days ago),Seasonal pattern,River discharge (2 days ago),Solar radiation today,Wave height (3 days ago),Wave period (3 days ago),River discharge,Air temperature (5 days ago),Wave period,decreasing risk,increasing risk,increasing risk,decreasing risk,decreasing risk,decreasing risk,decreasing risk,decreasing risk,increasing risk,increasing risk,increasing risk,decreasing risk,decreasing risk,increasing risk,increasing risk,0.0,28.0,16.0,17.7,20.6,18.9,0.44,3.25,1.0,low,0.88,2026-09-16,0.1154,Safe,0.17,True,Wave height (4 days ago),Wave period (1 day ago),Wave period (4 days ago),Average wave period (3 days ago),Alongshore wind today,River discharge (3 days ago),Air temperature (1 day ago),Wave height (3 days ago),Rain and high tide combination,Solar radiation (3 days ago),River discharge,Overnight low temperature,Low tide level (yesterday),Air temperature (2 days ago),Solar radiation (4 days ago),decreasing risk,decreasing risk,increasing risk,increasing risk,decreasing risk,increasing risk,decreasing risk,increasing risk,decreasing risk,increasing risk,decreasing risk,decreasing risk,increasing risk,increasing risk,increasing risk,0.0,28.0,15.0,26.6,19.3,18.9,0.44,3.25,1.0,low,0.88,2026-09-17,0.1267,Safe,0.15,True,Onshore wind (3 days ago),Wave period (4 days ago),Average wave period (3 days ago),Alongshore wind today,Solar radiation (4 days ago),Wave height (4 days ago),River discharge (2 days ago),River discharge,Solar radiation (1 day ago),Wave period,Alongshore wind (2 days ago),Wind direction,Daytime high temperature,Wave period (1 day ago),Rainfall (4 days ago),decreasing risk,increasing risk,increasing risk,increasing risk,increasing risk,decreasing risk,increasing risk,decreasing risk,decreasing risk,increasing risk,increasing risk,increasing risk,increasing risk,decreasing risk,decreasing risk,0.9,0.0,12.0,23.3,11.6,18.9,0.44,3.25,1.0,low,0.88
21MABCH-MA289542-1,Constitution (DCR)-Middle,42.38403,-71.00929,2026-09-15,0.1066,Safe,0.11,True,Average wave period (3 days ago),Onshore wind (1 day ago),Alongshore wind today,Wave period (3 days ago),Wave height (4 days ago),Overnight low temperature,Seasonal pattern,Solar radiation today,River discharge,Onshore wind today,Rainfall today,Wave height (3 days ago),Air temperature (5 days ago),Air temperature (2 days ago),Rainfall (2 days ago),increasing risk,decreasing risk,increasing risk,decreasing risk,decreasing risk,decreasing risk,decreasing risk,increasing risk,decreasing risk,decreasing risk,decreasing risk,increasing risk,increasing risk,increasing risk,decreasing risk,0.0,13.7,16.0,17.1,21.2,18.9,0.44,3.25,1.0,low,1.44,2026-09-16,0.0837,Safe,0.12,True,Wave height (4 days ago),Wave period (3 days ago),Wave period (1 day ago),Alongshore wind today,Air temperature (1 day ago),Wave period (4 days ago),Solar radiation (3 days ago),Rain and high tide combination,Wave height (3 days ago),Average wave period (3 days ago),Wind speed (2 days ago),River discharge (3 days ago),Lunar cycle,Wave period (2 days ago),Alongshore wind (1 day ago),decreasing risk,decreasing risk,decreasing risk,decreasing risk,decreasing risk,increasing risk,increasing risk,decreasing risk,increasing risk,increasing risk,decreasing risk,increasing risk,increasing risk,decreasing risk,increasing risk,0.0,13.7,16.0,25.1,19.1,18.9,0.44,3.25,1.0,low,1.44,2026-09-17,0.0971,Safe,0.13,True,Alongshore wind today,Wave period (3 days ago),Onshore wind (3 days ago),Average wave period (3 days ago),Wave period (4 days ago),Wave height,Wave height (4 days ago),Wave height (3 days ago),Solar radiation (1 day ago),River discharge,Wave period (1 day ago),Solar radiation (4 days ago),Daytime high temperature,River discharge (1 day ago),Alongshore wind (2 days ago),increasing risk,decreasing risk,decreasing risk,increasing risk,increasing risk,decreasing risk,decreasing risk,increasing risk,decreasing risk,decreasing risk,decreasing risk,increasing risk,increasing risk,decreasing risk,increasing risk,2.9,0.0,15.0,20.5,15.0,18.9,0.44,3.25,1.0,low,1.44
21MABCH-MA289542-2,Constitution (DCR)-North,42.38441,-71.00713,2026-09-15,0.1066,Safe,0.11,False,Onshore wind (1 day ago),Alongshore wind today,Average wave period (3 days ago),Wave period (3 days ago),Overnight low temperature,Seasonal pattern,Wave height (4 days ago),Solar radiation (2 days ago),River discharge,Wave period,Alongshore wave energy today,Onshore wind today,Solar radiation today,Wave period (4 days ago),2-day cumulative rainfall,decreasing risk,increasing risk,increasing risk,decreasing risk,decreasing risk,decreasing risk,decreasing risk,increasing risk,decreasing risk,increasing risk,decreasing risk,decreasing risk,increasing risk,increasing risk,increasing risk,0.0,13.7,16.0,17.1,21.2,18.9,0.44,3.25,1.0,low,1.51,2026-09-16,0.0938,Safe,0.12,False,Wave period (3 days ago),Wave height (4 days ago),Wave period (1 day ago),Alongshore wind today,Rain and high tide combination,River discharge,Air temperature (1 day ago),Average wave period (3 days ago),Wave period,Wind speed (2 days ago),Wave period (5 days ago),Alongshore wind (1 day ago),Wave period (4 days ago),Lunar cycle,Seasonal pattern,decreasing risk,decreasing risk,decreasing risk,decreasing risk,decreasing risk,decreasing risk,decreasing risk,increasing risk,increasing risk,decreasing risk,decreasing risk,increasing risk,increasing risk,increasing risk,decreasing risk,0.0,13.7,16.0,25.1,19.1,18.9,0.44,3.25,1.0,low,1.51,2026-09-17,0.1481,Unsafe,0.13,False,Alongshore wind today,Wave period (3 days ago),Average wave period (3 days ago),River discharge,Solar radiation (4 days ago),Wave period,Solar radiation today,Wave period (1 day ago),Onshore wind today,Wave height,Onshore wind (3 days ago),Solar radiation (1 day ago),Wave height (4 days ago),Daytime high temperature,Onshore wind (1 day ago),increasing risk,decreasing risk,increasing risk,decreasing risk,increasing risk,increasing risk,increasing risk,decreasing risk,increasing risk,decreasing risk,decreasing risk,decreasing risk,decreasing risk,increasing risk,increasing risk,2.9,0.0,15.0,20.5,15.0,18.9,0.44,3.25,1.0,low,1.51
21MABCH-MA289542-3,Constitution (DCR)-Rec Center,42.38217,-71.01095,2026-09-15,0.0886,Safe,0.11,True,Average wave period (3 days ago),Onshore wind (1 day ago),Alongshore wind today,Wave period (3 days ago),Wave height (4 days ago),Overnight low temperature,Seasonal pattern,Solar radiation today,Onshore wind today,Rainfall today,Air temperature (5 days ago),Wave height (3 days ago),Rainfall (2 days ago),River discharge,Wind speed (1 day ago),increasing risk,decreasing risk,increasing risk,decreasing risk,decreasing risk,decreasing risk,decreasing risk,increasing risk,decreasing risk,decreasing risk,increasing risk,increasing risk,decreasing risk,decreasing risk,increasing risk,0.0,13.7,16.0,17.1,21.2,18.9,0.44,3.25,1.0,low,1.33,2026-09-16,0.0787,Safe,0.12,True,Wave height (4 days ago),Wave period (3 days ago),Air temperature (1 day ago),Wave period (1 day ago),Alongshore wind (3 days ago),Alongshore wind today,Wave period (4 days ago),Solar radiation (3 days ago),Average wave period (3 days ago),Wave height (3 days ago),Rain and high tide combination,River discharge (3 days ago),Alongshore wind (1 day ago),Wind speed (2 days ago),Wind speed,decreasing risk,decreasing risk,decreasing risk,decreasing risk,decreasing risk,decreasing risk,increasing risk,increasing risk,increasing risk,increasing risk,decreasing risk,increasing risk,increasing risk,decreasing risk,increasing risk,0.0,13.7,16.0,25.1,19.1,18.9,0.44,3.25,1.0,low,1.33,2026-09-17,0.0733,Safe,0.13,True,Alongshore wind today,Wave period (3 days ago),Onshore wind (3 days ago),Wave period (4 days ago),Average wave period (3 days ago),Wave height (4 days ago),Wave height (3 days ago),Wave height,Solar radiation (1 day ago),Wave period (1 day ago),Solar radiation (4 days ago),River discharge (2 days ago),River discharge (1 day ago),Wave period (2 days ago),Alongshore wind (2 days ago),increasing risk,decreasing risk,decreasing risk,increasing risk,increasing risk,decreasing risk,increasing risk,decreasing risk,decreasing risk,decreasing risk,increasing risk,increasing risk,decreasing risk,decreasing risk,increasing risk,2.9,0.0,15.0,20.5,15.0,18.9,0.44,3.25,1.0,low,1.33
21MABCH-MA334293,Carson Beach,42.32614,-71.04762,2026-09-15,0.0723,Safe,0.14,True,Average wave period (3 days ago),Onshore wind (1 day ago),Alongshore wind today,Alongshore wind (3 days ago),Wave height (4 days ago),Wave period (3 days ago),Solar radiation today,Rainfall today,Onshore wind today,Wind speed,Wave period (1 day ago),Wind speed (1 day ago),Wave height (3 days ago),Air temperature (3 days ago),River discharge (5 days ago),increasing risk,decreasing risk,increasing risk,decreasing risk,decreasing risk,decreasing risk,increasing risk,decreasing risk,decreasing risk,decreasing risk,decreasing risk,increasing risk,increasing risk,increasing risk,decreasing risk,0.0,19.1,15.0,17.7,20.6,18.9,0.44,3.25,1.0,low,0.18,2026-09-16,0.0787,Safe,0.17,True,Wave height (4 days ago),Wave period (3 days ago),Air temperature (4 days ago),Air temperature (1 day ago),Alongshore wind (3 days ago),Wave period (1 day ago),Wave period (5 days ago),Wave height (3 days ago),Alongshore wind today,Rain and high tide combination,Average wave period (3 days ago),Solar radiation (3 days ago),Wave period (4 days ago),Wind speed (2 days ago),Alongshore wind (1 day ago),decreasing risk,decreasing risk,increasing risk,decreasing risk,decreasing risk,decreasing risk,decreasing risk,increasing risk,decreasing risk,decreasing risk,increasing risk,increasing risk,increasing risk,decreasing risk,increasing risk,0.0,19.1,16.0,25.1,19.1,18.9,0.44,3.25,1.0,low,0.18,2026-09-17,0.0733,Safe,0.15,True,Alongshore wind today,Onshore wind (3 days ago),Wave period (3 days ago),Air temperature (3 days ago),Wave period (4 days ago),Wave height (3 days ago),Daytime high temperature,Wave height,Average wave period (3 days ago),Solar radiation (1 day ago),River discharge (1 day ago),Rainfall (7 days ago),Wave height (4 days ago),Wave period (2 days ago),Wind direction,increasing risk,decreasing risk,decreasing risk,increasing risk,increasing risk,increasing risk,decreasing risk,decreasing risk,increasing risk,decreasing risk,decreasing risk,decreasing risk,decreasing risk,decreasing risk,increasing risk,2.9,0.0,15.0,20.5,15.0,18.9,0.44,3.25,1.0,low,0.18
21MABCH-MA388986,Nantasket,42.276,-70.86186,2026-09-15,0.1066,Safe,0.14,True,Average wave period (3 days ago),Onshore wind (1 day ago),Alongshore wind today,Wind speed (1 day ago),Seasonal pattern,Rainfall today,Solar radiation today,Wave height (4 days ago),Wave height (3 days ago),River discharge,Wave period (4 days ago),Solar radiation (5 days ago),Onshore wind today,Air temperature (3 days ago),Rain near combined sewer outfalls,increasing risk,decreasing risk,increasing risk,decreasing risk,decreasing risk,decreasing risk,increasing risk,decreasing risk,increasing risk,decreasing risk,increasing risk,increasing risk,decreasing risk,increasing risk,decreasing risk,0.0,22.0,22.0,17.1,20.9,18.9,0.44,3.25,1.0,low,14.82,2026-09-16,0.1114,Safe,0.17,True,Wave height (4 days ago),Wave period (1 day ago),Wave period (4 days ago),Wave height (3 days ago),Solar radiation (3 days ago),Alongshore wind today,Average wave period (3 days ago),River discharge (3 days ago),Solar radiation (4 days ago),Alongshore wind (3 days ago),Alongshore wind (1 day ago),Onshore wave energy (2 days ago),Wind speed (3 days ago),Rainfall (3 days ago),Low tide level (yesterday),decreasing risk,decreasing risk,increasing risk,increasing risk,increasing risk,decreasing risk,increasing risk,increasing risk,increasing risk,decreasing risk,decreasing risk,increasing risk,decreasing risk,increasing risk,increasing risk,0.0,22.0,16.0,25.1,19.1,18.9,0.44,3.25,1.0,low,14.82,2026-09-17,0.0971,Safe,0.15,True,Onshore wind (3 days ago),Alongshore wind today,Wave period (4 days ago),Average wave period (3 days ago),Rain and high tide combination,Solar radiation (4 days ago),Solar radiation (1 day ago),Wind direction,Wave height (3 days ago),Wave height (4 days ago),Rainfall (4 days ago),River discharge,Wave height,Solar radiation today,Wind speed (2 days ago),decreasing risk,increasing risk,increasing risk,increasing risk,decreasing risk,increasing risk,decreasing risk,increasing risk,increasing risk,decreasing risk,decreasing risk,decreasing risk,decreasing risk,increasing risk,increasing risk,2.9,0.0,15.0,20.5,15.0,18.9,0.44,3.25,1.0,low,14.82
21MABCH-MA446515,Kings,42.46532,-70.92081,2026-09-15,0.1372,Safe,0.27,True,Onshore wind (1 day ago),Average wave period (3 days ago),Alongshore wind today,Onshore wind (2 days ago),Wave height (4 days ago),Seasonal pattern,River discharge,River discharge (2 days ago),Wave period (2 days ago),Rainfall today,Solar radiation today,Solar radiation (6 days ago),Solar radiation (3 days ago),Onshore wind today,3-day cumulative rainfall,decreasing risk,increasing risk,increasing risk,decreasing risk,decreasing risk,decreasing risk,decreasing risk,increasing risk,decreasing risk,decreasing risk,increasing risk,increasing risk,decreasing risk,decreasing risk,decreasing risk,0.0,28.0,16.0,17.7,20.6,18.9,0.44,3.25,1.0,low,0.2,2026-09-16,0.3208,Safe,0.33,True,Wave period (5 days ago),Wave height (4 days ago),Wave period (1 day ago),Rain and high tide combination,Wave period,Solar radiation (5 days ago),River discharge,Wave period (4 days ago),Solar radiation (2 days ago),Lunar cycle,Onshore wind today,Wave height (3 days ago),Wave period (3 days ago),Wave height (2 days ago),30-day cumulative rainfall,decreasing risk,decreasing risk,decreasing risk,decreasing risk,increasing risk,increasing risk,decreasing risk,increasing risk,decreasing risk,increasing risk,increasing risk,increasing risk,decreasing risk,increasing risk,decreasing risk,0.0,28.0,15.0,26.6,19.3,18.9,0.44,3.25,1.0,low,0.2,2026-09-17,0.375,Unsafe,0.35,True,Onshore wind (3 days ago),Solar radiation (4 days ago),River discharge,Alongshore wind today,Wave period,Wave period (4 days ago),River discharge (2 days ago),Wave height (4 days ago),Solar radiation (1 day ago),Solar radiation today,Daytime high temperature,Air temperature (3 days ago),Average wave period (3 days ago),Wave period (1 day ago),River discharge (5 days ago),decreasing risk,increasing risk,decreasing risk,increasing risk,increasing risk,increasing risk,increasing risk,decreasing risk,decreasing risk,increasing risk,increasing risk,decreasing risk,increasing risk,decreasing risk,decreasing risk,0.9,0.0,12.0,23.3,11.6,18.9,0.44,3.25,1.0,low,0.2
21MABCH-MA503638,Nahant Beach,42.43807,-70.93709,2026-09-15,0.1066,Safe,0.14,True,Average wave period (3 days ago),Alongshore wind today,Onshore wind (1 day ago),Wind speed (1 day ago),Wind speed,Seasonal pattern,Onshore wind (2 days ago),Rainfall today,Onshore wind (3 days ago),Solar radiation today,Wave height (4 days ago),River discharge,Wave height (3 days ago),Solar radiation (3 days ago),Rainfall (2 days ago),increasing risk,increasing risk,decreasing risk,decreasing risk,increasing risk,decreasing risk,decreasing risk,decreasing risk,decreasing risk,increasing risk,decreasing risk,decreasing risk,increasing risk,decreasing risk,decreasing risk,0.0,45.0,30.0,16.6,21.0,18.9,0.44,3.25,1.0,low,2.49,2026-09-16,0.1088,Safe,0.17,True,Wave height (4 days ago),Alongshore wind today,Wave period (1 day ago),Wind speed (1 day ago),Rain and high tide combination,Wave period (4 days ago),Average wave period (3 days ago),Wave height (3 days ago),Wind speed (2 days ago),Alongshore wind (1 day ago),River discharge (3 days ago),Onshore wind (3 days ago),Solar radiation (3 days ago),3-day cumulative rainfall,Lunar cycle,decreasing risk,decreasing risk,decreasing risk,decreasing risk,decreasing risk,increasing risk,increasing risk,increasing risk,decreasing risk,decreasing risk,increasing risk,decreasing risk,increasing risk,decreasing risk,increasing risk,0.0,45.0,22.0,25.1,19.1,18.9,0.44,3.25,1.0,low,2.49,2026-09-17,0.0971,Safe,0.15,True,Onshore wind (3 days ago),Alongshore wind today,Average wave period (3 days ago),Wave period (4 days ago),Solar radiation (4 days ago),Alongshore wind (1 day ago),River discharge,Wave height (3 days ago),Wave height,Alongshore wind (2 days ago),Solar radiation (1 day ago),14-day cumulative rainfall,Wave period (1 day ago),Wave height (4 days ago),Rainfall (4 days ago),decreasing risk,increasing risk,increasing risk,increasing risk,increasing risk,decreasing risk,decreasing risk,increasing risk,decreasing risk,decreasing risk,decreasing risk,increasing risk,decreasing risk,decreasing risk,decreasing risk,2.9,0.0,15.0,20.5,15.0,18.9,0.44,3.25,1.0,low,2.49
21MABCH-MA544995-1,Kings (DCR)-Kimball Rd.,42.46327,-70.92527,2026-09-15,0.1372,Safe,0.27,True,Onshore wind (1 day ago),Average wave period (3 days ago),Alongshore wind today,Onshore wind (2 days ago),Wave height (4 days ago),Seasonal pattern,River discharge,3-day cumulative rainfall,River discharge (2 days ago),Solar radiation today,Wave period (3 days ago),Alongshore wave energy today,Wave period,Overnight low temperature,Solar radiation (5 days ago),decreasing risk,increasing risk,increasing risk,decreasing risk,decreasing risk,decreasing risk,decreasing risk,decreasing risk,increasing risk,increasing risk,decreasing risk,decreasing risk,increasing risk,decreasing risk,increasing risk,0.0,28.0,16.0,17.7,20.6,18.9,0.44,3.25,1.0,low,0.48,2026-09-16,0.1481,Safe,0.33,True,Wave height (4 days ago),Wave period (1 day ago),Alongshore wind today,Wave period,Wave period (4 days ago),Average wave period (3 days ago),Air temperature (1 day ago),Rain and high tide combination,River discharge,Wave period (5 days ago),Wave height (3 days ago),Solar radiation (3 days ago),Wind speed (2 days ago),Solar radiation (5 days ago),30-day cumulative rainfall,decreasing risk,decreasing risk,decreasing risk,increasing risk,increasing risk,increasing risk,decreasing risk,decreasing risk,decreasing risk,decreasing risk,increasing risk,increasing risk,decreasing risk,increasing risk,decreasing risk,0.0,28.0,15.0,26.6,19.3,18.9,0.44,3.25,1.0,low,0.48,2026-09-17,0.1481,Safe,0.35,True,Onshore wind (3 days ago),Average wave period (3 days ago),Alongshore wind today,Solar radiation (4 days ago),Wave period,River discharge,Wave height (4 days ago),River discharge (2 days ago),Solar radiation today,Solar radiation (1 day ago),Wave period (4 days ago),Alongshore wind (2 days ago),Wave period (1 day ago),Air temperature (3 days ago),Daytime high temperature,decreasing risk,increasing risk,increasing risk,increasing risk,increasing risk,decreasing risk,decreasing risk,increasing risk,increasing risk,decreasing risk,increasing risk,increasing risk,decreasing risk,decreasing risk,increasing risk,0.9,0.0,12.0,23.3,11.6,18.9,0.44,3.25,1.0,low,0.48
21MABCH-MA544995-2,Kings (DCR)-Pierce Rd.,42.46459,-70.92371,2026-09-15,0.1372,Safe,0.27,True,Onshore wind (1 day ago),Average wave period (3 days ago),Alongshore wind today,Onshore wind (2 days ago),Seasonal pattern,River discharge,Wave height (4 days ago),3-day cumulative rainfall,River discharge (2 days ago),Wave period (3 days ago),Solar radiation today,Wave period,Onshore wind (3 days ago),Rainfall today,Overnight low temperature,decreasing risk,increasing risk,increasing risk,decreasing risk,decreasing risk,decreasing risk,decreasing risk,decreasing risk,increasing risk,decreasing risk,increasing risk,increasing risk,decreasing risk,decreasing risk,decreasing risk,0.0,28.0,16.0,17.7,20.6,18.9,0.44,3.25,1.0,low,0.28,2026-09-16,0.1608,Safe,0.33,True,Wave height (4 days ago),Wave period (1 day ago),Rain and high tide combination,Wave period,Alongshore wind today,Air temperature (1 day ago),Wave period (5 days ago),Wave period (4 days ago),River discharge,Solar radiation (3 days ago),Solar radiation (5 days ago),Wind speed (2 days ago),7-day cumulative rainfall,Average wave period (3 days ago),Lunar cycle,decreasing risk,decreasing risk,decreasing risk,increasing risk,decreasing risk,decreasing risk,decreasing risk,increasing risk,decreasing risk,increasing risk,increasing risk,decreasing risk,increasing risk,increasing risk,increasing risk,0.0,28.0,15.0,26.6,19.3,18.9,0.44,3.25,1.0,low,0.28,2026-09-17,0.1481,Safe,0.35,True,Onshore wind (3 days ago),Alongshore wind today,Average wave period (3 days ago),Wave period,Solar radiation (4 days ago),River discharge,Solar radiation today,River discharge (2 days ago),Rain and high tide combination,Solar radiation (1 day ago),Wave period (4 days ago),Wave height (4 days ago),Wind direction,Air temperature (3 days ago),River discharge (5 days ago),decreasing risk,increasing risk,increasing risk,increasing risk,increasing risk,decreasing risk,increasing risk,increasing risk,decreasing risk,decreasing risk,increasing risk,decreasing risk,increasing risk,decreasing risk,decreasing risk,0.9,0.0,12.0,23.3,11.6,18.9,0.44,3.25,1.0,low,0.28
21MABCH-MA544995-3,Kings (DCR)-Eastern Ave.,42.46532,-70.92081,2026-09-15,0.2812,Unsafe,0.27,False,Onshore wind (1 day ago),Alongshore wind today,Average wave period (3 days ago),Onshore wind (2 days ago),Seasonal pattern,Wave height (4 days ago),River discharge,River discharge (2 days ago),Onshore wind today,Solar radiation (6 days ago),Solar radiation today,Average wave period (5 days ago),Wave period (2 days ago),3-day cumulative rainfall,Overnight low temperature,decreasing risk,increasing risk,increasing risk,decreasing risk,decreasing risk,decreasing risk,decreasing risk,increasing risk,decreasing risk,increasing risk,increasing risk,decreasing risk,decreasing risk,decreasing risk,decreasing risk,0.0,28.0,16.0,17.7,20.6,18.9,0.44,3.25,1.0,low,0.2,2026-09-16,0.4462,Unsafe,0.33,False,Wave period (5 days ago),Wave height (4 days ago),Wave period (1 day ago),Average wave period (4 days ago),Alongshore wind today,River discharge,Rain and high tide combination,Wave period (4 days ago),Solar radiation (5 days ago),Lunar cycle,Wave period,Onshore wind (1 day ago),Onshore wind today,Wave height (2 days ago),Tide level at sample time,decreasing risk,decreasing risk,decreasing risk,increasing risk,decreasing risk,decreasing risk,decreasing risk,increasing risk,increasing risk,increasing risk,increasing risk,increasing risk,increasing risk,increasing risk,decreasing risk,0.0,28.0,15.0,26.6,19.3,18.9,0.44,3.25,1.0,low,0.2,2026-09-17,0.4297,Unsafe,0.35,False,Onshore wind (3 days ago),Solar radiation (4 days ago),Alongshore wind today,River discharge,Wave period (4 days ago),Wave height (4 days ago),Solar radiation (1 day ago),Daytime high temperature,River discharge (2 days ago),Wave period,Air temperature (3 days ago),Average wave period (3 days ago),River discharge (5 days ago),Onshore wind (1 day ago),Wave period (2 days ago),decreasing risk,increasing risk,increasing risk,decreasing risk,increasing risk,decreasing risk,decreasing risk,increasing risk,increasing risk,increasing risk,decreasing risk,increasing risk,decreasing risk,increasing risk,decreasing risk,0.9,0.0,12.0,23.3,11.6,18.9,0.44,3.25,1.0,low,0.2
21MABCH-MA562850,Wollaston,42.2814,-71.01764,2026-09-15,0.1372,Safe,0.14,True,Onshore wind (1 day ago),Alongshore wind today,Average wave period (3 days ago),Seasonal pattern,Wave height (4 days ago),Solar radiation (2 days ago),Alongshore wind (3 days ago),Overnight low temperature,Wave period,River discharge,Onshore wind today,Alongshore wave energy today,Solar radiation today,Rainfall today,Low tide level (yesterday),decreasing risk,increasing risk,increasing risk,decreasing risk,decreasing risk,increasing risk,decreasing risk,decreasing risk,increasing risk,decreasing risk,decreasing risk,decreasing risk,increasing risk,decreasing risk,increasing risk,0.0,19.1,15.0,17.7,20.6,18.9,0.44,3.25,1.0,low,5.47,2026-09-16,0.1114,Safe,0.17,True,Wave height (4 days ago),Wave period (1 day ago),Alongshore wind today,Rain and high tide combination,Air temperature (1 day ago),Wave period,Wave period (4 days ago),Average wave period (3 days ago),Wave height (3 days ago),River discharge,Wind speed (2 days ago),Onshore wind (2 days ago),Seasonal pattern,Wave period (5 days ago),Lunar cycle,decreasing risk,decreasing risk,decreasing risk,decreasing risk,decreasing risk,increasing risk,increasing risk,increasing risk,increasing risk,decreasing risk,decreasing risk,decreasing risk,decreasing risk,decreasing risk,increasing risk,0.0,19.1,16.0,25.1,19.1,18.9,0.44,3.25,1.0,low,5.47,2026-09-17,0.2426,Unsafe,0.15,True,Alongshore wind today,Average wave period (3 days ago),Solar radiation today,Solar radiation (4 days ago),Onshore wind (3 days ago),River discharge,Wave period,Seasonal pattern,Wave period (1 day ago),Onshore wind (1 day ago),Daytime high temperature,Wave period (4 days ago),Onshore wind today,Solar radiation (1 day ago),Wind direction,increasing risk,increasing risk,increasing risk,increasing risk,decreasing risk,decreasing risk,increasing risk,decreasing risk,decreasing risk,increasing risk,increasing risk,increasing risk,increasing risk,decreasing risk,increasing risk,2.9,0.0,15.0,20.5,15.0,18.9,0.44,3.25,1.0,low,5.47
21MABCH-MA562850-1,Wollaston @ Rice Road (DCR) - Location 1,42.27516,-71.00332,2026-09-15,0.1372,Safe,0.14,True,Onshore wind (1 day ago),Alongshore wind today,Average wave period (3 days ago),Seasonal pattern,Wave height (4 days ago),Solar radiation (2 days ago),Overnight low temperature,Wave period,Alongshore wind (3 days ago),River discharge,Onshore wind today,Alongshore wave energy today,Solar radiation today,2-day cumulative rainfall,Low tide level (yesterday),decreasing risk,increasing risk,increasing risk,decreasing risk,decreasing risk,increasing risk,decreasing risk,increasing risk,decreasing risk,decreasing risk,decreasing risk,decreasing risk,increasing risk,increasing risk,increasing risk,0.0,19.1,15.0,17.7,20.6,18.9,0.44,3.25,1.0,low,6.45,2026-09-16,0.1114,Safe,0.17,True,Wave height (4 days ago),Wave period (1 day ago),Alongshore wind today,Wave period,Wave period (4 days ago),Average wave period (3 days ago),Wave period (5 days ago),Rain and high tide combination,Wind speed (2 days ago),Lunar cycle,Wave height (3 days ago),Seasonal pattern,River discharge,Wind speed (3 days ago),Solar radiation (3 days ago),decreasing risk,decreasing risk,decreasing risk,increasing risk,increasing risk,increasing risk,decreasing risk,decreasing risk,decreasing risk,increasing risk,increasing risk,decreasing risk,decreasing risk,decreasing risk,increasing risk,0.0,19.1,16.0,25.1,19.1,18.9,0.44,3.25,1.0,low,6.45,2026-09-17,0.1976,Unsafe,0.15,True,Alongshore wind today,Average wave period (3 days ago),Onshore wind (3 days ago),Solar radiation (4 days ago),Solar radiation today,River discharge,Wave period,Onshore wind (1 day ago),Wave period (1 day ago),Wave period (4 days ago),Solar radiation (1 day ago),Wave height (4 days ago),Seasonal pattern,Onshore wind today,Daytime high temperature,increasing risk,increasing risk,decreasing risk,increasing risk,increasing risk,decreasing risk,increasing risk,increasing risk,decreasing risk,increasing risk,decreasing risk,decreasing risk,decreasing risk,increasing risk,increasing risk,2.9,0.0,15.0,20.5,15.0,18.9,0.44,3.25,1.0,low,6.45
21MABCH-MA565550,Kings,42.4661,-70.92138,2026-09-15,0.1739,Safe,0.27,True,Onshore wind (1 day ago),Alongshore wind today,Average wave period (3 days ago),Onshore wind (2 days ago),Seasonal pattern,Wave height (4 days ago),River discharge (2 days ago),Onshore wind today,Rainfall today,Average wave period (5 days ago),3-day cumulative rainfall,Overnight low temperature,Solar radiation today,River discharge,Wind speed (1 day ago),decreasing risk,increasing risk,increasing risk,decreasing risk,decreasing risk,decreasing risk,increasing risk,decreasing risk,decreasing risk,decreasing risk,decreasing risk,decreasing risk,increasing risk,decreasing risk,decreasing risk,0.0,28.0,16.0,17.7,20.6,18.9,0.44,3.25,1.0,low,0.1,2026-09-16,0.3803,Unsafe,0.33,True,Wave period (5 days ago),Wave height (4 days ago),Rain and high tide combination,Air temperature (4 days ago),Wave period (1 day ago),Average wave period (4 days ago),Wave period (3 days ago),Lunar cycle,Alongshore wind today,Wave period (4 days ago),River discharge,Wave period,Onshore wind (1 day ago),Onshore wind today,Solar radiation (5 days ago),decreasing risk,decreasing risk,decreasing risk,increasing risk,decreasing risk,increasing risk,decreasing risk,increasing risk,decreasing risk,increasing risk,decreasing risk,increasing risk,increasing risk,increasing risk,increasing risk,0.0,28.0,15.0,26.6,19.3,18.9,0.44,3.25,1.0,low,0.1,2026-09-17,0.3408,Safe,0.35,True,Onshore wind (3 days ago),Alongshore wind today,Solar radiation (4 days ago),River discharge,Rainfall (7 days ago),Wave height (4 days ago),Wave period (4 days ago),Solar radiation (1 day ago),Average wave period (3 days ago),River discharge (2 days ago),Wave period,Onshore wind (1 day ago),River discharge (5 days ago),Seasonal pattern,Wind direction,decreasing risk,increasing risk,increasing risk,decreasing risk,decreasing risk,decreasing risk,increasing risk,decreasing risk,increasing risk,increasing risk,increasing risk,increasing risk,decreasing risk,decreasing risk,increasing risk,0.9,0.0,12.0,23.3,11.6,18.9,0.44,3.25,1.0,low,0.1
21MABCH-MA570977-1,Winthrop Beach (DCR) - Location 1,42.37576,-70.96862,2026-09-15,0.1107,Safe,0.14,False,Average wave period (3 days ago),Onshore wind (1 day ago),Alongshore wind today,Overnight low temperature,Wave height (4 days ago),Seasonal pattern,River discharge,Alongshore wave energy today,Onshore wind today,Solar radiation today,Wave period (4 days ago),Solar radiation (2 days ago),Rainfall today,Air temperature (5 days ago),Wave height (3 days ago),increasing risk,decreasing risk,increasing risk,decreasing risk,decreasing risk,decreasing risk,decreasing risk,decreasing risk,decreasing risk,increasing risk,increasing risk,increasing risk,decreasing risk,increasing risk,increasing risk,0.0,13.7,16.0,17.1,21.2,18.9,0.44,3.25,1.0,low,4.66,2026-09-16,0.1114,Safe,0.17,False,Wave height (4 days ago),Wave period (1 day ago),Rain and high tide combination,Alongshore wind today,Wind speed (2 days ago),Alongshore wind (1 day ago),River discharge,Wave period (5 days ago),Lunar cycle,Average wave period (3 days ago),Wave height (3 days ago),Onshore wave energy (3 days ago),Wave period (4 days ago),Wind speed (3 days ago),Onshore wave energy (2 days ago),decreasing risk,decreasing risk,decreasing risk,decreasing risk,decreasing risk,increasing risk,decreasing risk,decreasing risk,increasing risk,increasing risk,increasing risk,increasing risk,increasing risk,decreasing risk,increasing risk,0.0,13.7,16.0,25.1,19.1,18.9,0.44,3.25,1.0,low,4.66,2026-09-17,0.1976,Unsafe,0.15,False,Alongshore wind today,Average wave period (3 days ago),Onshore wind (3 days ago),River discharge,Solar radiation (4 days ago),Solar radiation today,Wave period (1 day ago),Wave height (4 days ago),Onshore wind today,Onshore wind (1 day ago),Wave height,Wave period (4 days ago),Wave period (3 days ago),Solar radiation (1 day ago),River discharge (2 days ago),increasing risk,increasing risk,decreasing risk,decreasing risk,increasing risk,increasing risk,decreasing risk,decreasing risk,increasing risk,increasing risk,decreasing risk,increasing risk,decreasing risk,decreasing risk,increasing risk,2.9,0.0,15.0,20.5,15.0,18.9,0.44,3.25,1.0,low,4.66
21MABCH-MA579166,Kings,42.46459,-70.92371,2026-09-15,0.1372,Safe,0.27,True,Onshore wind (1 day ago),Average wave period (3 days ago),Alongshore wind today,Onshore wind (2 days ago),Wave height (4 days ago),River discharge,Seasonal pattern,3-day cumulative rainfall,River discharge (2 days ago),Wave period (3 days ago),Solar radiation today,Wave period,Overnight low temperature,Air temperature (3 days ago),Solar radiation (5 days ago),decreasing risk,increasing risk,increasing risk,decreasing risk,decreasing risk,decreasing risk,decreasing risk,decreasing risk,increasing risk,decreasing risk,increasing risk,increasing risk,decreasing risk,decreasing risk,increasing risk,0.0,28.0,16.0,17.7,20.6,18.9,0.44,3.25,1.0,low,0.28,2026-09-16,0.1608,Safe,0.33,True,Wave height (4 days ago),Wave period (1 day ago),Wave period,Alongshore wind today,Average wave period (3 days ago),Air temperature (1 day ago),Wave period (4 days ago),Wave period (5 days ago),River discharge,Rain and high tide combination,Wave height (3 days ago),Wind speed (2 days ago),Solar radiation (3 days ago),Solar radiation (5 days ago),30-day cumulative rainfall,decreasing risk,decreasing risk,increasing risk,decreasing risk,increasing risk,decreasing risk,increasing risk,decreasing risk,decreasing risk,decreasing risk,increasing risk,decreasing risk,increasing risk,increasing risk,decreasing risk,0.0,28.0,15.0,26.6,19.3,18.9,0.44,3.25,1.0,low,0.28,2026-09-17,0.1481,Safe,0.35,True,Onshore wind (3 days ago),Average wave period (3 days ago),Solar radiation (4 days ago),Wave period,River discharge,Alongshore wind today,Wave height (4 days ago),River discharge (2 days ago),Solar radiation today,Solar radiation (1 day ago),Wave period (4 days ago),Wave period (1 day ago),Air temperature (3 days ago),Daytime high temperature,Rainfall (4 days ago),decreasing risk,increasing risk,increasing risk,increasing risk,decreasing risk,increasing risk,decreasing risk,increasing risk,increasing risk,decreasing risk,increasing risk,decreasing risk,decreasing risk,increasing risk,decreasing risk,0.9,0.0,12.0,23.3,11.6,18.9,0.44,3.25,1.0,low,0.28
21MABCH-MA641647,Carson Beach,42.32966,-71.04004,2026-09-15,0.0723,Safe,0.14,True,Average wave period (3 days ago),Onshore wind (1 day ago),Alongshore wind today,Wave period (3 days ago),Alongshore wind (3 days ago),Wave height (4 days ago),Solar radiation today,Rainfall today,Onshore wind today,Wind speed,Wind speed (1 day ago),Wave period (1 day ago),Seasonal pattern,Air temperature (3 days ago),Wave height (3 days ago),increasing risk,decreasing risk,increasing risk,decreasing risk,decreasing risk,decreasing risk,increasing risk,decreasing risk,decreasing risk,decreasing risk,increasing risk,decreasing risk,decreasing risk,increasing risk,increasing risk,0.0,19.1,15.0,17.7,20.6,18.9,0.44,3.25,1.0,low,0.16,2026-09-16,0.0787,Safe,0.17,True,Wave period (3 days ago),Wave height (4 days ago),Air temperature (4 days ago),Air temperature (1 day ago),Alongshore wind (3 days ago),Wave period (1 day ago),Wave period (5 days ago),Alongshore wind today,Solar radiation (3 days ago),Wave height (3 days ago),Average wave period (3 days ago),Wave period (4 days ago),Wind speed (2 days ago),Wave period (2 days ago),River discharge (3 days ago),decreasing risk,decreasing risk,increasing risk,decreasing risk,decreasing risk,decreasing risk,decreasing risk,decreasing risk,increasing risk,increasing risk,increasing risk,increasing risk,decreasing risk,decreasing risk,increasing risk,0.0,19.1,16.0,25.1,19.1,18.9,0.44,3.25,1.0,low,0.16,2026-09-17,0.0733,Safe,0.15,True,Alongshore wind today,Onshore wind (3 days ago),Wave period (3 days ago),Wave period (4 days ago),Air temperature (3 days ago),Daytime high temperature,Wave height,Average wave period (3 days ago),Wave height (3 days ago),Rainfall (7 days ago),River discharge (1 day ago),Solar radiation (1 day ago),Wind speed (1 day ago),Wave period (2 days ago),Wind direction,increasing risk,decreasing risk,decreasing risk,increasing risk,increasing risk,decreasing risk,decreasing risk,increasing risk,increasing risk,decreasing risk,decreasing risk,decreasing risk,increasing risk,decreasing risk,increasing risk,2.9,0.0,15.0,20.5,15.0,18.9,0.44,3.25,1.0,low,0.16
21MABCH-MA667947,Short,42.39261,-70.98103,2026-09-15,0.1066,Safe,0.14,True,Onshore wind (1 day ago),Average wave period (3 days ago),Alongshore wind today,Wave height (4 days ago),Overnight low temperature,Seasonal pattern,Solar radiation today,River discharge,Wave height (3 days ago),Rainfall today,Wave period (1 day ago),Onshore wind today,Air temperature (5 days ago),Air temperature (2 days ago),Rainfall (2 days ago),decreasing risk,increasing risk,increasing risk,decreasing risk,decreasing risk,decreasing risk,increasing risk,decreasing risk,increasing risk,decreasing risk,decreasing risk,decreasing risk,increasing risk,increasing risk,decreasing risk,0.0,13.7,16.0,17.1,21.2,18.9,0.44,3.25,1.0,low,3.14,2026-09-16,0.1088,Safe,0.17,True,Wave height (4 days ago),Wave period (1 day ago),Air temperature (1 day ago),Alongshore wind today,Wave height (3 days ago),Wave period (4 days ago),Average wave period (3 days ago),Rain and high tide combination,Wind speed (2 days ago),Solar radiation (3 days ago),River discharge (3 days ago),Low tide level (yesterday),Lunar cycle,River discharge,Onshore wave energy (2 days ago),decreasing risk,decreasing risk,decreasing risk,decreasing risk,increasing risk,increasing risk,increasing risk,decreasing risk,decreasing risk,increasing risk,increasing risk,increasing risk,increasing risk,decreasing risk,increasing risk,0.0,13.7,16.0,25.1,19.1,18.9,0.44,3.25,1.0,low,3.14,2026-09-17,0.1267,Safe,0.15,True,Alongshore wind today,Average wave period (3 days ago),Onshore wind (3 days ago),Wave period (4 days ago),Solar radiation (4 days ago),Wave height (3 days ago),Wave height,River discharge,Wave height (4 days ago),Wave period (1 day ago),Solar radiation (1 day ago),Alongshore wind (2 days ago),Daytime high temperature,Wave period (3 days ago),Onshore wind (1 day ago),increasing risk,increasing risk,decreasing risk,increasing risk,increasing risk,increasing risk,decreasing risk,decreasing risk,decreasing risk,decreasing risk,decreasing risk,increasing risk,increasing risk,decreasing risk,increasing risk,2.9,0.0,15.0,20.5,15.0,18.9,0.44,3.25,1.0,low,3.14
21MABCH-MA667947-1,Short (DCR) - Location 1,42.39261,-70.98103,2026-09-15,0.1372,Safe,0.14,False,Onshore wind (1 day ago),Alongshore wind today,Average wave period (3 days ago),Seasonal pattern,Overnight low temperature,Wave height (4 days ago),Rain and high tide combination,River discharge,Solar radiation today,Wave period (4 days ago),Onshore wind today,Wave period,Solar radiation (3 days ago),Wave height (3 days ago),Wave period (3 days ago),decreasing risk,increasing risk,increasing risk,decreasing risk,decreasing risk,decreasing risk,decreasing risk,decreasing risk,increasing risk,increasing risk,decreasing risk,increasing risk,increasing risk,increasing risk,decreasing risk,0.0,13.7,16.0,17.1,21.2,18.9,0.44,3.25,1.0,low,3.14,2026-09-16,0.1608,Safe,0.17,False,Wave height (4 days ago),Wave period (1 day ago),Alongshore wind today,Rain and high tide combination,Lunar cycle,Wave period,River discharge,Wave period (4 days ago),Onshore wind (1 day ago),Seasonal pattern,Wave period (3 days ago),Alongshore wind (1 day ago),Wind speed (3 days ago),Wave height (3 days ago),Wind speed (2 days ago),decreasing risk,decreasing risk,decreasing risk,decreasing risk,increasing risk,increasing risk,decreasing risk,increasing risk,increasing risk,decreasing risk,decreasing risk,increasing risk,decreasing risk,increasing risk,decreasing risk,0.0,13.7,16.0,25.1,19.1,18.9,0.44,3.25,1.0,low,3.14,2026-09-17,0.2426,Unsafe,0.15,False,Alongshore wind today,River discharge,Average wave period (3 days ago),Solar radiation (4 days ago),Onshore wind (3 days ago),Wave period (3 days ago),Wave period (1 day ago),River discharge (2 days ago),Onshore wind (1 day ago),Wave period (4 days ago),Wave period,Solar radiation today,Alongshore wind (2 days ago),River discharge (5 days ago),Daytime high temperature,increasing risk,decreasing risk,increasing risk,increasing risk,decreasing risk,decreasing risk,decreasing risk,increasing risk,increasing risk,increasing risk,increasing risk,increasing risk,increasing risk,decreasing risk,increasing risk,2.9,0.0,15.0,20.5,15.0,18.9,0.44,3.25,1.0,low,3.14
21MABCH-MA689045-1,Carson Beach (DCR)-I Street,42.32966,-71.04004,2026-09-15,0.0862,Safe,0.14,False,Onshore wind (1 day ago),Average wave period (3 days ago),Alongshore wind today,Wave period (3 days ago),Wave height (4 days ago),Alongshore wind (3 days ago),Rainfall today,Average wave period (5 days ago),Seasonal pattern,Onshore wind today,Wind speed,Solar radiation today,Wave period (2 days ago),Wave period (1 day ago),Average wave period (4 days ago),decreasing risk,increasing risk,increasing risk,decreasing risk,decreasing risk,decreasing risk,decreasing risk,decreasing risk,decreasing risk,decreasing risk,decreasing risk,increasing risk,decreasing risk,decreasing risk,increasing risk,0.0,19.1,15.0,17.7,20.6,18.9,0.44,3.25,1.0,low,0.16,2026-09-16,0.0938,Safe,0.17,False,Wave period (3 days ago),Wave height (4 days ago),Air temperature (4 days ago),Wave period (5 days ago),Wave period (1 day ago),Alongshore wind (3 days ago),Alongshore wind (1 day ago),Wind speed (2 days ago),Alongshore wind today,Onshore wind today,River discharge,Solar radiation (3 days ago),Average wave period (4 days ago),Average wave period (3 days ago),Rain and high tide combination,decreasing risk,decreasing risk,increasing risk,decreasing risk,decreasing risk,decreasing risk,increasing risk,decreasing risk,decreasing risk,increasing risk,decreasing risk,increasing risk,increasing risk,increasing risk,decreasing risk,0.0,19.1,16.0,25.1,19.1,18.9,0.44,3.25,1.0,low,0.16,2026-09-17,0.0733,Safe,0.15,False,Onshore wind (3 days ago),Wave period (3 days ago),Air temperature (3 days ago),Alongshore wind today,River discharge (1 day ago),Average wave period (3 days ago),Rainfall (7 days ago),Wave height,Wind speed (1 day ago),River discharge,Onshore wind today,Wave period (1 day ago),River discharge (2 days ago),Solar radiation (1 day ago),Average wave period,decreasing risk,decreasing risk,increasing risk,increasing risk,decreasing risk,increasing risk,decreasing risk,decreasing risk,increasing risk,decreasing risk,increasing risk,decreasing risk,increasing risk,decreasing risk,decreasing risk,2.9,0.0,15.0,20.5,15.0,18.9,0.44,3.25,1.0,low,0.16
21MABCH-MA689045-2,Carson Beach (DCR)-Bathhouse,42.32614,-71.04762,2026-09-15,0.0723,Safe,0.14,True,Average wave period (3 days ago),Onshore wind (1 day ago),Alongshore wind today,Alongshore wind (3 days ago),Wave height (4 days ago),Wave period (3 days ago),Solar radiation today,Rainfall today,Onshore wind today,Wind speed,Wave period (1 day ago),Wind speed (1 day ago),Wave height (3 days ago),Air temperature (3 days ago),River discharge (5 days ago),increasing risk,decreasing risk,increasing risk,decreasing risk,decreasing risk,decreasing risk,increasing risk,decreasing risk,decreasing risk,decreasing risk,decreasing risk,increasing risk,increasing risk,increasing risk,decreasing risk,0.0,19.1,15.0,17.7,20.6,18.9,0.44,3.25,1.0,low,0.18,2026-09-16,0.0787,Safe,0.17,True,Wave height (4 days ago),Wave period (3 days ago),Air temperature (4 days ago),Air temperature (1 day ago),Alongshore wind (3 days ago),Wave period (1 day ago),Wave period (5 days ago),Wave height (3 days ago),Alongshore wind today,Rain and high tide combination,Average wave period (3 days ago),Solar radiation (3 days ago),Wave period (4 days ago),Wind speed (2 days ago),Alongshore wind (1 day ago),decreasing risk,decreasing risk,increasing risk,decreasing risk,decreasing risk,decreasing risk,decreasing risk,increasing risk,decreasing risk,decreasing risk,increasing risk,increasing risk,increasing risk,decreasing risk,increasing risk,0.0,19.1,16.0,25.1,19.1,18.9,0.44,3.25,1.0,low,0.18,2026-09-17,0.0733,Safe,0.15,True,Alongshore wind today,Onshore wind (3 days ago),Wave period (3 days ago),Air temperature (3 days ago),Wave period (4 days ago),Wave height (3 days ago),Daytime high temperature,Wave height,Average wave period (3 days ago),Solar radiation (1 day ago),River discharge (1 day ago),Rainfall (7 days ago),Wave height (4 days ago),Wave period (2 days ago),Wind direction,increasing risk,decreasing risk,decreasing risk,increasing risk,increasing risk,increasing risk,decreasing risk,decreasing risk,increasing risk,decreasing risk,decreasing risk,decreasing risk,decreasing risk,decreasing risk,increasing risk,2.9,0.0,15.0,20.5,15.0,18.9,0.44,3.25,1.0,low,0.18
21MABCH-MA693303-1,Revere (DCR)-Oak Island St.,42.42273,-70.98284,2026-09-15,0.1372,Safe,0.14,False,Onshore wind (1 day ago),Alongshore wind today,Average wave period (3 days ago),Overnight low temperature,Seasonal pattern,Wave period (4 days ago),Wave height (4 days ago),Rain and high tide combination,Wave period,Solar radiation today,Onshore wind today,Solar radiation (2 days ago),Rainfall today,Air temperature (2 days ago),Wave height (3 days ago),decreasing risk,increasing risk,increasing risk,decreasing risk,decreasing risk,increasing risk,decreasing risk,decreasing risk,increasing risk,increasing risk,decreasing risk,increasing risk,decreasing risk,increasing risk,increasing risk,0.0,13.7,16.0,17.1,21.2,18.9,0.44,3.25,1.0,,3.96,2026-09-16,0.1608,Safe,0.17,False,Wave height (4 days ago),Wave period (1 day ago),Alongshore wind today,Rain and high tide combination,Lunar cycle,Wave period,Wave period (4 days ago),Seasonal pattern,Wave period (3 days ago),Wind speed (2 days ago),Wave height (3 days ago),Onshore wind (1 day ago),Average wave period (3 days ago),Wind speed (3 days ago),Solar radiation (5 days ago),decreasing risk,decreasing risk,decreasing risk,decreasing risk,increasing risk,increasing risk,increasing risk,decreasing risk,decreasing risk,decreasing risk,increasing risk,increasing risk,increasing risk,decreasing risk,increasing risk,0.0,13.7,16.0,25.1,19.1,18.9,0.44,3.25,1.0,,3.96,2026-09-17,0.3408,Unsafe,0.15,False,Alongshore wind today,Solar radiation (4 days ago),Average wave period (3 days ago),Solar radiation today,Onshore wind (3 days ago),Wave period (1 day ago),Wave period (3 days ago),Wave period,Seasonal pattern,Wave period (4 days ago),Onshore wind (1 day ago),Solar radiation (1 day ago),Daytime high temperature,Alongshore wind (2 days ago),Wind direction,increasing risk,increasing risk,increasing risk,increasing risk,decreasing risk,decreasing risk,decreasing risk,increasing risk,decreasing risk,increasing risk,increasing risk,decreasing risk,increasing risk,increasing risk,increasing risk,2.9,0.0,15.0,20.5,15.0,18.9,0.44,3.25,1.0,,3.96
21MABCH-MA693303-2,Revere (DCR)-Carey Circle,42.43544,-70.96933,2026-09-15,0.1372,Safe,0.14,True,Onshore wind (1 day ago),Alongshore wind today,Average wave period (3 days ago),Overnight low temperature,Seasonal pattern,Wave height (4 days ago),Solar radiation (2 days ago),Wave period,Wave period (4 days ago),Solar radiation today,Onshore wind today,Alongshore wave energy today,Wave period (3 days ago),2-day cumulative rainfall,Wave period (1 day ago),decreasing risk,increasing risk,increasing risk,decreasing risk,decreasing risk,decreasing risk,increasing risk,increasing risk,increasing risk,increasing risk,decreasing risk,decreasing risk,decreasing risk,increasing risk,decreasing risk,0.0,13.7,16.0,17.1,21.2,18.9,0.44,3.25,1.0,,2.54,2026-09-16,0.1114,Safe,0.17,True,Wave height (4 days ago),Wave period (1 day ago),Alongshore wind today,Air temperature (1 day ago),Average wave period (3 days ago),Rain and high tide combination,Wave period,Wind speed (2 days ago),Wave period (4 days ago),Seasonal pattern,Lunar cycle,Wind speed (3 days ago),Wave period (3 days ago),Wave height (3 days ago),Onshore wind (2 days ago),decreasing risk,decreasing risk,decreasing risk,decreasing risk,increasing risk,decreasing risk,increasing risk,decreasing risk,increasing risk,decreasing risk,increasing risk,decreasing risk,decreasing risk,increasing risk,decreasing risk,0.0,13.7,16.0,25.1,19.1,18.9,0.44,3.25,1.0,,2.54,2026-09-17,0.2426,Unsafe,0.15,True,Alongshore wind today,Average wave period (3 days ago),Solar radiation (4 days ago),Onshore wind (3 days ago),Wave period,Solar radiation today,Wave period (1 day ago),Solar radiation (1 day ago),Wave height,Alongshore wind (3 days ago),Onshore wind (1 day ago),Wave period (3 days ago),Onshore wind today,Daytime high temperature,Wave period (4 days ago),increasing risk,increasing risk,increasing risk,decreasing risk,increasing risk,increasing risk,decreasing risk,decreasing risk,decreasing risk,increasing risk,increasing risk,decreasing risk,increasing risk,increasing risk,increasing risk,2.9,0.0,15.0,20.5,15.0,18.9,0.44,3.25,1.0,,2.54
21MABCH-MA693303-3,Revere (DCR)-Beach St.,42.40725,-70.99001,2026-09-15,0.1107,Safe,0.14,True,Onshore wind (1 day ago),Alongshore wind today,Average wave period (3 days ago),Overnight low temperature,Wave height (4 days ago),Seasonal pattern,Solar radiation (2 days ago),Solar radiation today,Air temperature (3 days ago),Wave period (3 days ago),Wave period (4 days ago),Alongshore wave energy today,Onshore wind today,Wave height (3 days ago),2-day cumulative rainfall,decreasing risk,increasing risk,increasing risk,decreasing risk,decreasing risk,decreasing risk,increasing risk,increasing risk,decreasing risk,decreasing risk,increasing risk,decreasing risk,decreasing risk,increasing risk,increasing risk,0.0,13.7,16.0,17.1,21.2,18.9,0.44,3.25,1.0,,2.77,2026-09-16,0.1114,Safe,0.17,True,Wave height (4 days ago),Wave period (1 day ago),Air temperature (1 day ago),Alongshore wind today,Average wave period (3 days ago),Wave period (4 days ago),Rain and high tide combination,Wave height (3 days ago),Wind speed (2 days ago),Lunar cycle,Alongshore wind (1 day ago),Wave period (3 days ago),Solar radiation (3 days ago),Seasonal pattern,Wind speed (3 days ago),decreasing risk,decreasing risk,decreasing risk,decreasing risk,increasing risk,increasing risk,decreasing risk,increasing risk,decreasing risk,increasing risk,increasing risk,decreasing risk,increasing risk,decreasing risk,decreasing risk,0.0,13.7,16.0,25.1,19.1,18.9,0.44,3.25,1.0,,2.77,2026-09-17,0.1976,Unsafe,0.15,True,Alongshore wind today,Average wave period (3 days ago),Wave period (4 days ago),Onshore wind (3 days ago),Solar radiation (4 days ago),Wave period (1 day ago),Wave period (3 days ago),Wave height,Solar radiation (1 day ago),Onshore wind today,Daytime high temperature,Wave period,Wave height (4 days ago),Alongshore wind (2 days ago),Solar radiation today,increasing risk,increasing risk,increasing risk,decreasing risk,increasing risk,decreasing risk,decreasing risk,decreasing risk,decreasing risk,increasing risk,increasing risk,increasing risk,decreasing risk,increasing risk,increasing risk,2.9,0.0,15.0,20.5,15.0,18.9,0.44,3.25,1.0,,2.77
21MABCH-MA693303-4,Revere (DCR)-State Police Barracks,42.4138,-70.98846,2026-09-15,0.1066,Safe,0.14,True,Onshore wind (1 day ago),Alongshore wind today,Average wave period (3 days ago),Seasonal pattern,Wave height (4 days ago),Overnight low temperature,Solar radiation (2 days ago),Solar radiation today,Wave period (1 day ago),Air temperature (2 days ago),Rainfall today,Wave height (3 days ago),Wave period,Wave period (3 days ago),Onshore wind today,decreasing risk,increasing risk,increasing risk,decreasing risk,decreasing risk,decreasing risk,increasing risk,increasing risk,decreasing risk,increasing risk,decreasing risk,increasing risk,increasing risk,decreasing risk,decreasing risk,0.0,13.7,16.0,17.1,21.2,18.9,0.44,3.25,1.0,,3.29,2026-09-16,0.1088,Safe,0.17,True,Wave height (4 days ago),Wave period (1 day ago),Rain and high tide combination,Wave period (4 days ago),Air temperature (1 day ago),Average wave period (3 days ago),Alongshore wind today,Wave height (3 days ago),Wind speed (2 days ago),Lunar cycle,Wind speed (3 days ago),Wave height,Seasonal pattern,Wave period (3 days ago),Solar radiation (3 days ago),decreasing risk,decreasing risk,decreasing risk,increasing risk,decreasing risk,increasing risk,decreasing risk,increasing risk,decreasing risk,increasing risk,decreasing risk,decreasing risk,decreasing risk,decreasing risk,increasing risk,0.0,13.7,16.0,25.1,19.1,18.9,0.44,3.25,1.0,,3.29,2026-09-17,0.1481,Safe,0.15,True,Alongshore wind today,Wave period (4 days ago),Average wave period (3 days ago),Onshore wind (3 days ago),Solar radiation (4 days ago),Wave height,Solar radiation (1 day ago),Wave period (1 day ago),Daytime high temperature,Alongshore wind (2 days ago),Wave height (4 days ago),Wind direction,Wave height (3 days ago),Onshore wind (1 day ago),Solar radiation today,increasing risk,increasing risk,increasing risk,decreasing risk,increasing risk,decreasing risk,decreasing risk,decreasing risk,increasing risk,increasing risk,decreasing risk,increasing risk,increasing risk,increasing risk,increasing risk,2.9,0.0,15.0,20.5,15.0,18.9,0.44,3.25,1.0,,3.29
21MABCH-MA698753,Savin Hill,42.30794,-71.0515,2026-09-15,0.1372,Safe,0.14,True,Onshore wind (1 day ago),Average wave period (3 days ago),Alongshore wind today,Overnight low temperature,Wind speed,Wave height (4 days ago),Rain and high tide combination,Solar radiation today,Seasonal pattern,Solar radiation (2 days ago),River discharge,Alongshore wave energy today,Wave height (3 days ago),Wave period (1 day ago),Wave period (4 days ago),decreasing risk,increasing risk,increasing risk,decreasing risk,decreasing risk,decreasing risk,decreasing risk,increasing risk,decreasing risk,increasing risk,decreasing risk,decreasing risk,increasing risk,decreasing risk,increasing risk,0.0,13.0,11.0,18.8,20.8,18.9,0.44,3.25,1.0,low,2.15,2026-09-16,0.1114,Safe,0.17,True,Wave height (4 days ago),Rain and high tide combination,Wave period (1 day ago),Alongshore wind today,Solar radiation today,Wave period (3 days ago),Air temperature (1 day ago),Wave period,Wind speed (2 days ago),Overnight low temperature,Wave height (1 day ago),Air temperature (4 days ago),River discharge,Wave period (5 days ago),Average wave period (3 days ago),decreasing risk,decreasing risk,decreasing risk,decreasing risk,increasing risk,decreasing risk,decreasing risk,increasing risk,decreasing risk,decreasing risk,increasing risk,increasing risk,decreasing risk,decreasing risk,increasing risk,0.0,13.0,13.0,26.2,19.1,18.9,0.44,3.25,1.0,low,2.15,2026-09-17,0.1976,Unsafe,0.15,True,Alongshore wind today,Rain and high tide combination,Average wave period (3 days ago),River discharge,Wave period,Air temperature (3 days ago),Onshore wind (3 days ago),Solar radiation (4 days ago),Solar radiation today,Wave height (4 days ago),Solar radiation (2 days ago),Wind direction,Wave period (1 day ago),Solar radiation (1 day ago),Wave period (4 days ago),increasing risk,decreasing risk,increasing risk,decreasing risk,increasing risk,increasing risk,decreasing risk,increasing risk,increasing risk,decreasing risk,increasing risk,increasing risk,decreasing risk,decreasing risk,increasing risk,2.7,0.0,13.0,25.1,15.1,18.9,0.44,3.25,1.0,low,2.15
21MABCH-MA698753-1,Savin Hill (DCR) - Location 1,42.30794,-71.0515,2026-09-15,0.1372,Safe,0.14,False,Average wave period (3 days ago),Onshore wind (1 day ago),Overnight low temperature,Wave height (4 days ago),Alongshore wind today,Wind speed,Solar radiation today,River discharge,Rain and high tide combination,Alongshore wave energy today,Wave height (3 days ago),Seasonal pattern,Wave period (1 day ago),Wave period (4 days ago),Onshore wind (3 days ago),increasing risk,decreasing risk,decreasing risk,decreasing risk,increasing risk,decreasing risk,increasing risk,decreasing risk,decreasing risk,decreasing risk,increasing risk,decreasing risk,decreasing risk,increasing risk,increasing risk,0.0,13.0,11.0,18.8,20.8,18.9,0.44,3.25,1.0,low,2.15,2026-09-16,0.1088,Safe,0.17,False,Wave height (4 days ago),Rain and high tide combination,Wave period (1 day ago),Alongshore wind today,Solar radiation today,Wind speed (2 days ago),Solar radiation (3 days ago),Air temperature (1 day ago),Wave height (3 days ago),Wave period (3 days ago),Wave height (1 day ago),Overnight low temperature,River discharge,Average wave period (3 days ago),Air temperature (4 days ago),decreasing risk,decreasing risk,decreasing risk,decreasing risk,increasing risk,decreasing risk,increasing risk,decreasing risk,increasing risk,decreasing risk,increasing risk,decreasing risk,decreasing risk,increasing risk,increasing risk,0.0,13.0,13.0,26.2,19.1,18.9,0.44,3.25,1.0,low,2.15,2026-09-17,0.1976,Unsafe,0.15,False,Alongshore wind today,Average wave period (3 days ago),Rain and high tide combination,Onshore wind (3 days ago),Wave height (4 days ago),Air temperature (3 days ago),River discharge,Solar radiation (4 days ago),Wave height (3 days ago),Wave period (1 day ago),Solar radiation (2 days ago),Solar radiation (1 day ago),Wave period,Solar radiation today,Low tide level,increasing risk,increasing risk,decreasing risk,decreasing risk,decreasing risk,increasing risk,decreasing risk,increasing risk,increasing risk,decreasing risk,increasing risk,decreasing risk,increasing risk,increasing risk,increasing risk,2.7,0.0,13.0,25.1,15.1,18.9,0.44,3.25,1.0,low,2.15
21MABCH-MA715607,Wollaston,42.27712,-71.00932,2026-09-15,0.1372,Safe,0.14,True,Onshore wind (1 day ago),Alongshore wind today,Average wave period (3 days ago),Seasonal pattern,Solar radiation (2 days ago),Alongshore wind (3 days ago),Overnight low temperature,Wave height (4 days ago),Wave period,River discharge,Onshore wind today,Alongshore wave energy today,Solar radiation today,Rainfall today,Low tide level (yesterday),decreasing risk,increasing risk,increasing risk,decreasing risk,increasing risk,decreasing risk,decreasing risk,decreasing risk,increasing risk,decreasing risk,decreasing risk,decreasing risk,increasing risk,decreasing risk,increasing risk,0.0,19.1,15.0,17.7,20.6,18.9,0.44,3.25,1.0,low,6.09,2026-09-16,0.1114,Safe,0.17,True,Wave height (4 days ago),Wave period (1 day ago),Alongshore wind today,Rain and high tide combination,Wave period,Wave period (4 days ago),Wave period (5 days ago),Onshore wind (2 days ago),River discharge,Wind speed (2 days ago),Seasonal pattern,Lunar cycle,Solar radiation (3 days ago),Wind speed (1 day ago),Solar radiation (1 day ago),decreasing risk,decreasing risk,decreasing risk,decreasing risk,increasing risk,increasing risk,decreasing risk,decreasing risk,decreasing risk,decreasing risk,decreasing risk,increasing risk,increasing risk,increasing risk,increasing risk,0.0,19.1,16.0,25.1,19.1,18.9,0.44,3.25,1.0,low,6.09,2026-09-17,0.2426,Unsafe,0.15,True,Alongshore wind today,Average wave period (3 days ago),Solar radiation today,Solar radiation (4 days ago),Onshore wind (3 days ago),River discharge,Wave period,Onshore wind (1 day ago),Wave period (4 days ago),Wind direction,Wave period (1 day ago),Seasonal pattern,Solar radiation (1 day ago),Onshore wind today,Daytime high temperature,increasing risk,increasing risk,increasing risk,increasing risk,decreasing risk,decreasing risk,increasing risk,increasing risk,increasing risk,increasing risk,decreasing risk,decreasing risk,decreasing risk,increasing risk,increasing risk,2.9,0.0,15.0,20.5,15.0,18.9,0.44,3.25,1.0,low,6.09
21MABCH-MA715607-1,Wollaston @ Sachem Street (DCR) - Location 1,42.27697,-71.0093,2026-09-15,0.1107,Safe,0.14,False,Onshore wind (1 day ago),Alongshore wind today,Average wave period (3 days ago),Seasonal pattern,Wave height (4 days ago),Alongshore wind (3 days ago),Solar radiation (2 days ago),Wave period,Rainfall today,Onshore wind today,Air temperature (2 days ago),River discharge,Solar radiation today,Air temperature (5 days ago),Wave period (1 day ago),decreasing risk,increasing risk,increasing risk,decreasing risk,decreasing risk,decreasing risk,increasing risk,increasing risk,decreasing risk,decreasing risk,increasing risk,decreasing risk,increasing risk,increasing risk,decreasing risk,0.0,19.1,15.0,17.7,20.6,18.9,0.44,3.25,1.0,low,6.11,2026-09-16,0.1114,Safe,0.17,False,Wave height (4 days ago),Wave period (1 day ago),Wave period (4 days ago),Alongshore wind today,River discharge (3 days ago),Average wave period (3 days ago),Wave height (3 days ago),Onshore wave energy (2 days ago),Wave period,Rain and high tide combination,Low tide level (yesterday),Wind speed (2 days ago),Lunar cycle,Seasonal pattern,Wind speed,decreasing risk,decreasing risk,increasing risk,decreasing risk,increasing risk,increasing risk,increasing risk,increasing risk,increasing risk,decreasing risk,increasing risk,decreasing risk,increasing risk,decreasing risk,increasing risk,0.0,19.1,16.0,25.1,19.1,18.9,0.44,3.25,1.0,low,6.11,2026-09-17,0.1976,Unsafe,0.15,False,Alongshore wind today,Wave period (4 days ago),Average wave period (3 days ago),Onshore wind (3 days ago),Solar radiation (4 days ago),Solar radiation today,Onshore wind (1 day ago),Wave period,Wave height (4 days ago),Wind direction,River discharge,Wave period (1 day ago),Daytime high temperature,Solar radiation (1 day ago),Seasonal pattern,increasing risk,increasing risk,increasing risk,decreasing risk,increasing risk,increasing risk,increasing risk,increasing risk,decreasing risk,increasing risk,decreasing risk,decreasing risk,increasing risk,decreasing risk,decreasing risk,2.9,0.0,15.0,20.5,15.0,18.9,0.44,3.25,1.0,low,6.11
21MABCH-MA737501,Kings,42.4653,-70.9217,2026-09-15,0.1066,Safe,0.27,True,Onshore wind (1 day ago),Average wave period (3 days ago),Alongshore wind today,Onshore wind (2 days ago),Rainfall today,Seasonal pattern,Wave height (4 days ago),River discharge (2 days ago),3-day cumulative rainfall,Solar radiation today,Wave period,Daytime high temperature,Wind speed (1 day ago),Onshore wind (3 days ago),Rain and high tide combination,decreasing risk,increasing risk,increasing risk,decreasing risk,decreasing risk,decreasing risk,decreasing risk,increasing risk,decreasing risk,increasing risk,increasing risk,increasing risk,decreasing risk,decreasing risk,decreasing risk,0.0,28.0,16.0,17.7,20.6,18.9,0.44,3.25,1.0,low,0.17,2026-09-16,0.1608,Safe,0.33,True,Rain and high tide combination,Wave height (4 days ago),Wave period (1 day ago),Wave period (5 days ago),Air temperature (4 days ago),Wave period,Wave period (3 days ago),Solar radiation (5 days ago),Onshore wind today,River discharge,Wave period (4 days ago),Lunar cycle,30-day cumulative rainfall,Wave height (2 days ago),Wind speed (2 days ago),decreasing risk,decreasing risk,decreasing risk,decreasing risk,increasing risk,increasing risk,decreasing risk,increasing risk,increasing risk,decreasing risk,increasing risk,increasing risk,decreasing risk,increasing risk,decreasing risk,0.0,28.0,15.0,26.6,19.3,18.9,0.44,3.25,1.0,low,0.17,2026-09-17,0.1976,Safe,0.35,True,Onshore wind (3 days ago),Alongshore wind today,River discharge,Solar radiation (4 days ago),Wave period,Wave period (4 days ago),Solar radiation (1 day ago),River discharge (2 days ago),Rain and high tide combination,Rainfall (7 days ago),Solar radiation today,Wave height (4 days ago),Average wave period (3 days ago),Wind direction,Wave period (1 day ago),decreasing risk,increasing risk,decreasing risk,increasing risk,increasing risk,increasing risk,decreasing risk,increasing risk,decreasing risk,decreasing risk,increasing risk,decreasing risk,increasing risk,increasing risk,decreasing risk,0.9,0.0,12.0,23.3,11.6,18.9,0.44,3.25,1.0,low,0.17
21MABCH-MA738501,Constitution,42.38403,-71.00929,2026-09-15,0.1066,Safe,0.11,True,Onshore wind (1 day ago),Alongshore wind today,Average wave period (3 days ago),Wave period (3 days ago),Overnight low temperature,Seasonal pattern,Wave height (4 days ago),Solar radiation (2 days ago),River discharge,Wave period,Solar radiation today,Onshore wind today,Alongshore wave energy today,Wave period (4 days ago),Rainfall (2 days ago),decreasing risk,increasing risk,increasing risk,decreasing risk,decreasing risk,decreasing risk,decreasing risk,increasing risk,decreasing risk,increasing risk,increasing risk,decreasing risk,decreasing risk,increasing risk,decreasing risk,0.0,13.7,16.0,17.1,21.2,18.9,0.44,3.25,1.0,low,1.44,2026-09-16,0.0837,Safe,0.12,True,Wave period (3 days ago),Wave height (4 days ago),Wave period (1 day ago),Alongshore wind today,Rain and high tide combination,Air temperature (1 day ago),River discharge,Average wave period (3 days ago),Wave period (2 days ago),Wave period,Wind speed (2 days ago),Lunar cycle,Wave period (5 days ago),Alongshore wind (1 day ago),Wave period (4 days ago),decreasing risk,decreasing risk,decreasing risk,decreasing risk,decreasing risk,decreasing risk,decreasing risk,increasing risk,decreasing risk,increasing risk,decreasing risk,increasing risk,decreasing risk,increasing risk,increasing risk,0.0,13.7,16.0,25.1,19.1,18.9,0.44,3.25,1.0,low,1.44,2026-09-17,0.1267,Safe,0.13,True,Alongshore wind today,Wave period (3 days ago),Average wave period (3 days ago),River discharge,Onshore wind (3 days ago),Wave period,Solar radiation today,Solar radiation (4 days ago),Wave height,Wave period (1 day ago),Wave height (4 days ago),Onshore wind today,Onshore wind (1 day ago),Solar radiation (1 day ago),Daytime high temperature,increasing risk,decreasing risk,increasing risk,decreasing risk,decreasing risk,increasing risk,increasing risk,increasing risk,decreasing risk,decreasing risk,decreasing risk,increasing risk,increasing risk,decreasing risk,increasing risk,2.9,0.0,15.0,20.5,15.0,18.9,0.44,3.25,1.0,low,1.44
21MABCH-MA780232,Constitution,42.38441,-71.00713,2026-09-15,0.0913,Safe,0.11,True,Onshore wind (1 day ago),Alongshore wind today,Average wave period (3 days ago),Wave period (3 days ago),Seasonal pattern,Wave height (4 days ago),Overnight low temperature,Solar radiation (2 days ago),Solar radiation today,Onshore wind today,Wave period (1 day ago),River discharge,Rainfall today,Wave height (3 days ago),Wave period,decreasing risk,increasing risk,increasing risk,decreasing risk,decreasing risk,decreasing risk,decreasing risk,increasing risk,increasing risk,decreasing risk,decreasing risk,decreasing risk,decreasing risk,increasing risk,increasing risk,0.0,13.7,16.0,17.1,21.2,18.9,0.44,3.25,1.0,low,1.51,2026-09-16,0.0938,Safe,0.12,True,Wave height (4 days ago),Wave period (3 days ago),Wave period (1 day ago),Wave period (4 days ago),Rain and high tide combination,Air temperature (1 day ago),Average wave period (3 days ago),Alongshore wind today,Wave height (3 days ago),Lunar cycle,River discharge (3 days ago),Wind speed (2 days ago),Solar radiation (3 days ago),Alongshore wind (1 day ago),Seasonal pattern,decreasing risk,decreasing risk,decreasing risk,increasing risk,decreasing risk,decreasing risk,increasing risk,decreasing risk,increasing risk,increasing risk,increasing risk,decreasing risk,increasing risk,increasing risk,decreasing risk,0.0,13.7,16.0,25.1,19.1,18.9,0.44,3.25,1.0,low,1.51,2026-09-17,0.1235,Safe,0.13,True,Alongshore wind today,Wave period (3 days ago),Average wave period (3 days ago),Onshore wind (3 days ago),Wave period (4 days ago),River discharge,Solar radiation (4 days ago),Solar radiation (1 day ago),Wave height,Wave period (1 day ago),Wave height (4 days ago),Daytime high temperature,Alongshore wind (2 days ago),Onshore wind (1 day ago),River discharge (2 days ago),increasing risk,decreasing risk,increasing risk,decreasing risk,increasing risk,decreasing risk,increasing risk,decreasing risk,decreasing risk,decreasing risk,decreasing risk,increasing risk,increasing risk,increasing risk,increasing risk,2.9,0.0,15.0,20.5,15.0,18.9,0.44,3.25,1.0,low,1.51
21MABCH-MA809018,Revere,42.4138,-70.98846,2026-09-15,0.1066,Safe,0.14,True,Onshore wind (1 day ago),Average wave period (3 days ago),Alongshore wind today,Wave height (4 days ago),Overnight low temperature,Seasonal pattern,Solar radiation today,Wave height (3 days ago),Rainfall today,Wave period (1 day ago),Onshore wind today,Air temperature (2 days ago),Air temperature (5 days ago),Wind speed (3 days ago),Wind speed (1 day ago),decreasing risk,increasing risk,increasing risk,decreasing risk,decreasing risk,decreasing risk,increasing risk,increasing risk,decreasing risk,decreasing risk,decreasing risk,increasing risk,increasing risk,decreasing risk,increasing risk,0.0,13.7,16.0,17.1,21.2,18.9,0.44,3.25,1.0,,3.29,2026-09-16,0.0938,Safe,0.17,True,Wave height (4 days ago),Wave period (1 day ago),Rain and high tide combination,Alongshore wind today,Air temperature (1 day ago),Wave height (3 days ago),Wind speed (2 days ago),Average wave period (3 days ago),Wave period (4 days ago),Solar radiation (3 days ago),Wind speed (3 days ago),Low tide level (yesterday),Lunar cycle,Wave period (3 days ago),Onshore wave energy (2 days ago),decreasing risk,decreasing risk,decreasing risk,decreasing risk,decreasing risk,increasing risk,decreasing risk,increasing risk,increasing risk,increasing risk,decreasing risk,increasing risk,increasing risk,decreasing risk,increasing risk,0.0,13.7,16.0,25.1,19.1,18.9,0.44,3.25,1.0,,3.29,2026-09-17,0.1481,Safe,0.15,True,Alongshore wind today,Wave period (4 days ago),Average wave period (3 days ago),Onshore wind (3 days ago),Solar radiation (4 days ago),Wave height,Solar radiation (1 day ago),Wave period (1 day ago),Wave height (3 days ago),Wave height (4 days ago),Daytime high temperature,Alongshore wind (2 days ago),Wind direction,Onshore wind (1 day ago),Solar radiation today,increasing risk,increasing risk,increasing risk,decreasing risk,increasing risk,decreasing risk,decreasing risk,decreasing risk,increasing risk,decreasing risk,increasing risk,increasing risk,increasing risk,increasing risk,increasing risk,2.9,0.0,15.0,20.5,15.0,18.9,0.44,3.25,1.0,,3.29
21MABCH-MA833667,Nantasket,42.26942,-70.85314,2026-09-15,0.1066,Safe,0.14,True,Average wave period (3 days ago),Onshore wind (1 day ago),Alongshore wind today,Wind speed (1 day ago),Seasonal pattern,Rainfall today,Solar radiation today,Wave height (4 days ago),Wave height (3 days ago),River discharge,Wave period (4 days ago),Onshore wind today,Solar radiation (5 days ago),Air temperature (5 days ago),Air temperature (3 days ago),increasing risk,decreasing risk,increasing risk,decreasing risk,decreasing risk,decreasing risk,increasing risk,decreasing risk,increasing risk,decreasing risk,increasing risk,decreasing risk,increasing risk,increasing risk,increasing risk,0.0,22.0,22.0,17.1,20.9,18.9,0.44,3.25,1.0,low,15.78,2026-09-16,0.1114,Safe,0.17,True,Wave height (4 days ago),Wave period (1 day ago),Wave period (4 days ago),Wave height (3 days ago),Solar radiation (3 days ago),Alongshore wind today,Average wave period (3 days ago),River discharge (3 days ago),Solar radiation (4 days ago),Alongshore wind (3 days ago),Alongshore wind (1 day ago),Onshore wave energy (2 days ago),Wind speed (3 days ago),Rainfall (3 days ago),14-day cumulative rainfall,decreasing risk,decreasing risk,increasing risk,increasing risk,increasing risk,decreasing risk,increasing risk,increasing risk,increasing risk,decreasing risk,decreasing risk,increasing risk,decreasing risk,increasing risk,increasing risk,0.0,22.0,16.0,25.1,19.1,18.9,0.44,3.25,1.0,low,15.78,2026-09-17,0.0971,Safe,0.15,True,Onshore wind (3 days ago),Alongshore wind today,Wave period (4 days ago),Average wave period (3 days ago),Solar radiation (4 days ago),Rain and high tide combination,Solar radiation (1 day ago),Wave height (3 days ago),Wave height (4 days ago),Rainfall (4 days ago),River discharge,Wind direction,Wave height,Solar radiation today,Wind speed (2 days ago),decreasing risk,increasing risk,increasing risk,increasing risk,increasing risk,decreasing risk,decreasing risk,increasing risk,decreasing risk,decreasing risk,decreasing risk,increasing risk,decreasing risk,increasing risk,increasing risk,2.9,0.0,15.0,20.5,15.0,18.9,0.44,3.25,1.0,low,15.78
21MABCH-MA846279,M Street Beach,42.32915,-71.03261,2026-09-15,0.0862,Safe,0.14,True,Average wave period (3 days ago),Onshore wind (1 day ago),Alongshore wind today,Wave period (3 days ago),Alongshore wind (3 days ago),Wave height (4 days ago),Solar radiation today,Wave height (3 days ago),Rainfall today,Onshore wind today,Solar radiation (3 days ago),River discharge,Wave period (2 days ago),Wind speed (1 day ago),Wind speed,increasing risk,decreasing risk,increasing risk,decreasing risk,decreasing risk,decreasing risk,increasing risk,increasing risk,decreasing risk,decreasing risk,decreasing risk,decreasing risk,decreasing risk,increasing risk,decreasing risk,0.0,19.1,15.0,17.7,20.6,18.9,0.44,3.25,1.0,low,0.2,2026-09-16,0.0787,Safe,0.17,True,Wave height (4 days ago),Wave period (3 days ago),Wave period (5 days ago),Air temperature (1 day ago),Wave height (3 days ago),Solar radiation (2 days ago),Alongshore wind (3 days ago),Wave period (1 day ago),Alongshore wind today,Solar radiation (3 days ago),Wave period (4 days ago),Average wave period (3 days ago),Wave period (2 days ago),Alongshore wind (1 day ago),Wind speed (2 days ago),decreasing risk,decreasing risk,decreasing risk,decreasing risk,increasing risk,decreasing risk,decreasing risk,decreasing risk,decreasing risk,increasing risk,increasing risk,increasing risk,decreasing risk,increasing risk,decreasing risk,0.0,19.1,16.0,25.1,19.1,18.9,0.44,3.25,1.0,low,0.2,2026-09-17,0.0971,Safe,0.15,True,Alongshore wind today,Onshore wind (3 days ago),Wave period (3 days ago),Wave period (4 days ago),Air temperature (3 days ago),Average wave period (3 days ago),Wave height (3 days ago),Wave height (4 days ago),Wave period (2 days ago),Solar radiation (4 days ago),Solar radiation (1 day ago),Wave height,River discharge (1 day ago),Daytime high temperature,Wind speed (1 day ago),increasing risk,decreasing risk,decreasing risk,increasing risk,increasing risk,increasing risk,increasing risk,decreasing risk,decreasing risk,increasing risk,decreasing risk,decreasing risk,decreasing risk,decreasing risk,increasing risk,2.9,0.0,15.0,20.5,15.0,18.9,0.44,3.25,1.0,low,0.2
21MABCH-MA846279-1,M Street Beach (DCR) - Location 1,42.32915,-71.03261,2026-09-15,0.0862,Safe,0.14,True,Average wave period (3 days ago),Onshore wind (1 day ago),Alongshore wind today,Wave period (3 days ago),Alongshore wind (3 days ago),Wave height (4 days ago),Solar radiation today,Wave height (3 days ago),Rainfall today,Onshore wind today,Solar radiation (3 days ago),River discharge,Wave period (2 days ago),Wind speed (1 day ago),Wind speed,increasing risk,decreasing risk,increasing risk,decreasing risk,decreasing risk,decreasing risk,increasing risk,increasing risk,decreasing risk,decreasing risk,decreasing risk,decreasing risk,decreasing risk,increasing risk,decreasing risk,0.0,19.1,15.0,17.7,20.6,18.9,0.44,3.25,1.0,low,0.2,2026-09-16,0.0787,Safe,0.17,True,Wave height (4 days ago),Wave period (3 days ago),Wave period (5 days ago),Air temperature (1 day ago),Wave height (3 days ago),Solar radiation (2 days ago),Alongshore wind (3 days ago),Wave period (1 day ago),Alongshore wind today,Solar radiation (3 days ago),Wave period (4 days ago),Average wave period (3 days ago),Wave period (2 days ago),Alongshore wind (1 day ago),Wind speed (2 days ago),decreasing risk,decreasing risk,decreasing risk,decreasing risk,increasing risk,decreasing risk,decreasing risk,decreasing risk,decreasing risk,increasing risk,increasing risk,increasing risk,decreasing risk,increasing risk,decreasing risk,0.0,19.1,16.0,25.1,19.1,18.9,0.44,3.25,1.0,low,0.2,2026-09-17,0.0971,Safe,0.15,True,Alongshore wind today,Onshore wind (3 days ago),Wave period (3 days ago),Wave period (4 days ago),Air temperature (3 days ago),Average wave period (3 days ago),Wave height (3 days ago),Wave height (4 days ago),Wave period (2 days ago),Solar radiation (4 days ago),Solar radiation (1 day ago),Wave height,River discharge (1 day ago),Daytime high temperature,Wind speed (1 day ago),increasing risk,decreasing risk,decreasing risk,increasing risk,increasing risk,increasing risk,increasing risk,decreasing risk,decreasing risk,increasing risk,decreasing risk,decreasing risk,decreasing risk,decreasing risk,increasing risk,2.9,0.0,15.0,20.5,15.0,18.9,0.44,3.25,1.0,low,0.2
21MABCH-MA871019-1,Nantasket (DCR)-Bathhouse,42.27227,-70.85714,2026-09-15,0.1066,Safe,0.14,True,Average wave period (3 days ago),Onshore wind (1 day ago),Alongshore wind today,Wind speed (1 day ago),Seasonal pattern,Rainfall today,Solar radiation today,Wave height (4 days ago),Wave height (3 days ago),River discharge,Wave period (4 days ago),Onshore wind today,Solar radiation (5 days ago),Air temperature (5 days ago),Air temperature (3 days ago),increasing risk,decreasing risk,increasing risk,decreasing risk,decreasing risk,decreasing risk,increasing risk,decreasing risk,increasing risk,decreasing risk,increasing risk,decreasing risk,increasing risk,increasing risk,increasing risk,0.0,22.0,22.0,17.1,20.9,18.9,0.44,3.25,1.0,low,15.35,2026-09-16,0.1114,Safe,0.17,True,Wave height (4 days ago),Wave period (1 day ago),Wave period (4 days ago),Wave height (3 days ago),Solar radiation (3 days ago),Alongshore wind today,Average wave period (3 days ago),River discharge (3 days ago),Solar radiation (4 days ago),Alongshore wind (3 days ago),Alongshore wind (1 day ago),Onshore wave energy (2 days ago),Wind speed (3 days ago),Rainfall (3 days ago),14-day cumulative rainfall,decreasing risk,decreasing risk,increasing risk,increasing risk,increasing risk,decreasing risk,increasing risk,increasing risk,increasing risk,decreasing risk,decreasing risk,increasing risk,decreasing risk,increasing risk,increasing risk,0.0,22.0,16.0,25.1,19.1,18.9,0.44,3.25,1.0,low,15.35,2026-09-17,0.0971,Safe,0.15,True,Onshore wind (3 days ago),Alongshore wind today,Wave period (4 days ago),Average wave period (3 days ago),Solar radiation (4 days ago),Rain and high tide combination,Solar radiation (1 day ago),Wave height (3 days ago),Wave height (4 days ago),Rainfall (4 days ago),River discharge,Wind direction,Wave height,Solar radiation today,Wind speed (2 days ago),decreasing risk,increasing risk,increasing risk,increasing risk,increasing risk,decreasing risk,decreasing risk,increasing risk,decreasing risk,decreasing risk,decreasing risk,increasing risk,decreasing risk,increasing risk,increasing risk,2.9,0.0,15.0,20.5,15.0,18.9,0.44,3.25,1.0,low,15.35
21MABCH-MA871019-2,Nantasket (DCR)-North,42.28066,-70.86635,2026-09-15,0.1066,Safe,0.14,True,Average wave period (3 days ago),Onshore wind (1 day ago),Alongshore wind today,Wind speed (1 day ago),Seasonal pattern,Rainfall today,Solar radiation today,Wave height (4 days ago),Wave height (3 days ago),River discharge,Wave period (4 days ago),Solar radiation (5 days ago),Onshore wind today,Air temperature (3 days ago),Daytime high temperature,increasing risk,decreasing risk,increasing risk,decreasing risk,decreasing risk,decreasing risk,increasing risk,decreasing risk,increasing risk,decreasing risk,increasing risk,increasing risk,decreasing risk,increasing risk,decreasing risk,0.0,22.0,22.0,17.1,20.9,18.9,0.44,3.25,1.0,low,14.27,2026-09-16,0.1114,Safe,0.17,True,Wave height (4 days ago),Wave period (1 day ago),Wave period (4 days ago),Wave height (3 days ago),Solar radiation (3 days ago),Alongshore wind today,Average wave period (3 days ago),River discharge (3 days ago),Solar radiation (4 days ago),Alongshore wind (3 days ago),Alongshore wind (1 day ago),Onshore wave energy (2 days ago),14-day cumulative rainfall,Rainfall (3 days ago),Low tide level (yesterday),decreasing risk,decreasing risk,increasing risk,increasing risk,increasing risk,decreasing risk,increasing risk,increasing risk,increasing risk,decreasing risk,decreasing risk,increasing risk,increasing risk,increasing risk,increasing risk,0.0,22.0,16.0,25.1,19.1,18.9,0.44,3.25,1.0,low,14.27,2026-09-17,0.0971,Safe,0.15,True,Onshore wind (3 days ago),Alongshore wind today,Wave period (4 days ago),Average wave period (3 days ago),Rain and high tide combination,Solar radiation (4 days ago),Solar radiation (1 day ago),Wind direction,Wave height (3 days ago),Rainfall (4 days ago),Wave height (4 days ago),River discharge,Wave height,Solar radiation today,River discharge (2 days ago),decreasing risk,increasing risk,increasing risk,increasing risk,decreasing risk,increasing risk,decreasing risk,increasing risk,increasing risk,decreasing risk,decreasing risk,decreasing risk,decreasing risk,increasing risk,increasing risk,2.9,0.0,15.0,20.5,15.0,18.9,0.44,3.25,1.0,low,14.27
21MABCH-MA871019-3,Nantasket (DCR)-Park St.,42.26942,-70.85314,2026-09-15,0.1066,Safe,0.14,True,Average wave period (3 days ago),Onshore wind (1 day ago),Alongshore wind today,Wind speed (1 day ago),Seasonal pattern,Rainfall today,Solar radiation today,Wave height (4 days ago),Wave height (3 days ago),River discharge,Wave period (4 days ago),Onshore wind today,Solar radiation (5 days ago),Air temperature (5 days ago),Air temperature (3 days ago),increasing risk,decreasing risk,increasing risk,decreasing risk,decreasing risk,decreasing risk,increasing risk,decreasing risk,increasing risk,decreasing risk,increasing risk,decreasing risk,increasing risk,increasing risk,increasing risk,0.0,22.0,22.0,17.1,20.9,18.9,0.44,3.25,1.0,low,15.78,2026-09-16,0.1114,Safe,0.17,True,Wave height (4 days ago),Wave period (1 day ago),Wave period (4 days ago),Wave height (3 days ago),Solar radiation (3 days ago),Alongshore wind today,Average wave period (3 days ago),River discharge (3 days ago),Solar radiation (4 days ago),Alongshore wind (3 days ago),Alongshore wind (1 day ago),Onshore wave energy (2 days ago),Wind speed (3 days ago),Rainfall (3 days ago),14-day cumulative rainfall,decreasing risk,decreasing risk,increasing risk,increasing risk,increasing risk,decreasing risk,increasing risk,increasing risk,increasing risk,decreasing risk,decreasing risk,increasing risk,decreasing risk,increasing risk,increasing risk,0.0,22.0,16.0,25.1,19.1,18.9,0.44,3.25,1.0,low,15.78,2026-09-17,0.0971,Safe,0.15,True,Onshore wind (3 days ago),Alongshore wind today,Wave period (4 days ago),Average wave period (3 days ago),Solar radiation (4 days ago),Rain and high tide combination,Solar radiation (1 day ago),Wave height (3 days ago),Wave height (4 days ago),Rainfall (4 days ago),River discharge,Wind direction,Wave height,Solar radiation today,Wind speed (2 days ago),decreasing risk,increasing risk,increasing risk,increasing risk,increasing risk,decreasing risk,decreasing risk,increasing risk,decreasing risk,decreasing risk,decreasing risk,increasing risk,decreasing risk,increasing risk,increasing risk,2.9,0.0,15.0,20.5,15.0,18.9,0.44,3.25,1.0,low,15.78
21MABCH-MA871019-4,Nantasket (DCR)-Water St.,42.276,-70.86186,2026-09-15,0.1066,Safe,0.14,False,Average wave period (3 days ago),Onshore wind (1 day ago),Alongshore wind today,Seasonal pattern,Wave height (4 days ago),Solar radiation today,Daytime high temperature,River discharge,Wind speed (1 day ago),Overnight low temperature,Onshore wind today,Solar radiation (5 days ago),Rainfall today,Solar radiation (2 days ago),Rain near combined sewer outfalls,increasing risk,decreasing risk,increasing risk,decreasing risk,decreasing risk,increasing risk,decreasing risk,decreasing risk,decreasing risk,decreasing risk,decreasing risk,increasing risk,decreasing risk,increasing risk,decreasing risk,0.0,22.0,22.0,17.1,20.9,18.9,0.44,3.25,1.0,low,14.82,2026-09-16,0.1088,Safe,0.17,False,Wave height (4 days ago),Wave period (1 day ago),Alongshore wind today,Solar radiation (3 days ago),Wave height (3 days ago),Wave period (4 days ago),River discharge,Average wave period (3 days ago),Solar radiation (4 days ago),Wave period (5 days ago),Alongshore wind (1 day ago),Alongshore wind (3 days ago),Rainfall (3 days ago),30-day cumulative rainfall,14-day cumulative rainfall,decreasing risk,decreasing risk,decreasing risk,increasing risk,increasing risk,increasing risk,decreasing risk,increasing risk,increasing risk,decreasing risk,decreasing risk,decreasing risk,increasing risk,decreasing risk,increasing risk,0.0,22.0,16.0,25.1,19.1,18.9,0.44,3.25,1.0,low,14.82,2026-09-17,0.1148,Safe,0.15,False,Onshore wind (3 days ago),Alongshore wind today,Average wave period (3 days ago),Solar radiation (4 days ago),River discharge,Solar radiation today,Solar radiation (1 day ago),Wave period (4 days ago),Rainfall (4 days ago),Wind direction,Wave height (3 days ago),Wave height (4 days ago),Rain and high tide combination,Wave height,Wind speed (2 days ago),decreasing risk,increasing risk,increasing risk,increasing risk,decreasing risk,increasing risk,decreasing risk,increasing risk,decreasing risk,increasing risk,increasing risk,decreasing risk,decreasing risk,decreasing risk,increasing risk,2.9,0.0,15.0,20.5,15.0,18.9,0.44,3.25,1.0,low,14.82
21MABCH-MA898442-1,Nahant Beach (DCR)-1 (North/Ward Bathhouse),42.4551,-70.93597,2026-09-15,0.2607,Unsafe,0.14,False,Onshore wind (1 day ago),Alongshore wind today,Average wave period (3 days ago),Seasonal pattern,Onshore wind (2 days ago),River discharge (2 days ago),Wave height (4 days ago),3-day cumulative rainfall,River discharge,Solar radiation today,Onshore wind today,Wave period (3 days ago),Overnight low temperature,Wave period,Onshore wind (3 days ago),decreasing risk,increasing risk,increasing risk,decreasing risk,decreasing risk,increasing risk,decreasing risk,decreasing risk,decreasing risk,increasing risk,decreasing risk,decreasing risk,decreasing risk,increasing risk,decreasing risk,0.0,28.0,16.0,17.7,20.6,18.9,0.44,3.25,1.0,low,0.88,2026-09-16,0.3654,Unsafe,0.17,False,Wave height (4 days ago),Wave period (1 day ago),Alongshore wind today,Wave period (4 days ago),Onshore wind (1 day ago),Rain and high tide combination,River discharge,Lunar cycle,Wave period,Wave period (5 days ago),Seasonal pattern,Average wave period (3 days ago),Onshore wave energy (2 days ago),Solar radiation (5 days ago),Air temperature (3 days ago),decreasing risk,decreasing risk,decreasing risk,increasing risk,increasing risk,decreasing risk,decreasing risk,increasing risk,increasing risk,decreasing risk,decreasing risk,increasing risk,increasing risk,increasing risk,increasing risk,0.0,28.0,15.0,26.6,19.3,18.9,0.44,3.25,1.0,low,0.88,2026-09-17,0.3408,Unsafe,0.15,False,Onshore wind (3 days ago),Alongshore wind today,Solar radiation (4 days ago),Average wave period (3 days ago),River discharge,Wave period (4 days ago),Wave period,River discharge (2 days ago),Alongshore wind (2 days ago),Air temperature (3 days ago),Wave period (1 day ago),Solar radiation (1 day ago),River discharge (5 days ago),Wave height (4 days ago),Daytime high temperature,decreasing risk,increasing risk,increasing risk,increasing risk,decreasing risk,increasing risk,increasing risk,increasing risk,increasing risk,decreasing risk,decreasing risk,decreasing risk,decreasing risk,decreasing risk,increasing risk,0.9,0.0,12.0,23.3,11.6,18.9,0.44,3.25,1.0,low,0.88
21MABCH-MA898442-2,Nahant Beach (DCR)-2 (Flagpole/Halfway),42.44369,-70.9384,2026-09-15,0.1066,Safe,0.14,True,Alongshore wind today,Onshore wind (1 day ago),Average wave period (3 days ago),Wind speed (1 day ago),Wind speed,Seasonal pattern,Onshore wind (3 days ago),Onshore wind (2 days ago),Solar radiation (2 days ago),Rainfall today,River discharge,Solar radiation today,Wave height (4 days ago),Wave height (3 days ago),Solar radiation (3 days ago),increasing risk,decreasing risk,increasing risk,decreasing risk,increasing risk,decreasing risk,decreasing risk,decreasing risk,increasing risk,decreasing risk,decreasing risk,increasing risk,decreasing risk,increasing risk,decreasing risk,0.0,45.0,30.0,16.6,21.0,18.9,0.44,3.25,1.0,low,1.86,2026-09-16,0.1088,Safe,0.17,True,Alongshore wind today,Wave height (4 days ago),Wave period (1 day ago),Wind speed (1 day ago),Rain and high tide combination,Onshore wind (3 days ago),Wave period (4 days ago),Average wave period (3 days ago),River discharge (3 days ago),Wave height (3 days ago),Alongshore wind (1 day ago),3-day cumulative rainfall,Wind speed (2 days ago),Solar radiation (3 days ago),Wave height,decreasing risk,decreasing risk,decreasing risk,decreasing risk,decreasing risk,decreasing risk,increasing risk,increasing risk,increasing risk,increasing risk,decreasing risk,decreasing risk,decreasing risk,increasing risk,decreasing risk,0.0,45.0,22.0,25.1,19.1,18.9,0.44,3.25,1.0,low,1.86,2026-09-17,0.1235,Safe,0.15,True,Onshore wind (3 days ago),Alongshore wind today,Average wave period (3 days ago),Wave period (4 days ago),Solar radiation (4 days ago),River discharge,Alongshore wind (2 days ago),Solar radiation (1 day ago),14-day cumulative rainfall,Wave height,Wave period (1 day ago),Alongshore wind (1 day ago),Air temperature (2 days ago),Rainfall (4 days ago),Wave height (3 days ago),decreasing risk,increasing risk,increasing risk,increasing risk,increasing risk,decreasing risk,decreasing risk,decreasing risk,increasing risk,decreasing risk,decreasing risk,decreasing risk,decreasing risk,decreasing risk,increasing risk,2.9,0.0,15.0,20.5,15.0,18.9,0.44,3.25,1.0,low,1.86
21MABCH-MA898442-3,Nahant Beach (DCR)-3 (Parking Section 12),42.44849,-70.93801,2026-09-15,0.1372,Safe,0.14,True,Alongshore wind today,Onshore wind (1 day ago),Average wave period (3 days ago),Seasonal pattern,Onshore wind (3 days ago),Onshore wind (2 days ago),Wind speed,Solar radiation (2 days ago),Wave height (4 days ago),River discharge,Solar radiation (3 days ago),Alongshore wave energy today,Solar radiation today,Wave period,Onshore wind today,increasing risk,decreasing risk,increasing risk,decreasing risk,decreasing risk,decreasing risk,increasing risk,increasing risk,decreasing risk,decreasing risk,decreasing risk,decreasing risk,increasing risk,increasing risk,decreasing risk,0.0,45.0,30.0,16.6,21.0,18.9,0.44,3.25,1.0,low,1.37,2026-09-16,0.1114,Safe,0.17,True,Alongshore wind today,Wave period (1 day ago),Wave height (4 days ago),Wind speed (1 day ago),Onshore wind (3 days ago),Rain and high tide combination,Average wave period (3 days ago),Wave period,River discharge,Alongshore wind (1 day ago),3-day cumulative rainfall,Wave period (5 days ago),Wave period (4 days ago),Wave height (3 days ago),Wind speed (2 days ago),decreasing risk,decreasing risk,decreasing risk,decreasing risk,decreasing risk,decreasing risk,increasing risk,increasing risk,decreasing risk,decreasing risk,decreasing risk,decreasing risk,increasing risk,increasing risk,decreasing risk,0.0,45.0,22.0,25.1,19.1,18.9,0.44,3.25,1.0,low,1.37,2026-09-17,0.1481,Safe,0.15,True,Onshore wind (3 days ago),Alongshore wind today,Average wave period (3 days ago),River discharge,Alongshore wind (2 days ago),Solar radiation (4 days ago),Wave period,Alongshore wind (1 day ago),Solar radiation (1 day ago),Solar radiation today,14-day cumulative rainfall,River discharge (2 days ago),Wave period (4 days ago),Wave period (1 day ago),Onshore wind today,decreasing risk,increasing risk,increasing risk,decreasing risk,decreasing risk,increasing risk,increasing risk,decreasing risk,decreasing risk,increasing risk,increasing risk,increasing risk,increasing risk,decreasing risk,increasing risk,2.9,0.0,15.0,20.5,15.0,18.9,0.44,3.25,1.0,low,1.37
21MABCH-MA898442-4,Nahant Beach (DCR)-4 (South/Main Entrance),42.43807,-70.93709,2026-09-15,0.1066,Safe,0.14,True,Average wave period (3 days ago),Alongshore wind today,Onshore wind (1 day ago),Wind speed (1 day ago),Wind speed,Seasonal pattern,Onshore wind (2 days ago),Rainfall today,Onshore wind (3 days ago),Solar radiation today,Wave height (4 days ago),River discharge,Wave height (3 days ago),Solar radiation (3 days ago),Rainfall (2 days ago),increasing risk,increasing risk,decreasing risk,decreasing risk,increasing risk,decreasing risk,decreasing risk,decreasing risk,decreasing risk,increasing risk,decreasing risk,decreasing risk,increasing risk,decreasing risk,decreasing risk,0.0,45.0,30.0,16.6,21.0,18.9,0.44,3.25,1.0,low,2.49,2026-09-16,0.1088,Safe,0.17,True,Wave height (4 days ago),Alongshore wind today,Wave period (1 day ago),Wind speed (1 day ago),Rain and high tide combination,Wave period (4 days ago),Average wave period (3 days ago),Wave height (3 days ago),Wind speed (2 days ago),Alongshore wind (1 day ago),River discharge (3 days ago),Onshore wind (3 days ago),Solar radiation (3 days ago),3-day cumulative rainfall,Lunar cycle,decreasing risk,decreasing risk,decreasing risk,decreasing risk,decreasing risk,increasing risk,increasing risk,increasing risk,decreasing risk,decreasing risk,increasing risk,decreasing risk,increasing risk,decreasing risk,increasing risk,0.0,45.0,22.0,25.1,19.1,18.9,0.44,3.25,1.0,low,2.49,2026-09-17,0.0971,Safe,0.15,True,Onshore wind (3 days ago),Alongshore wind today,Average wave period (3 days ago),Wave period (4 days ago),Solar radiation (4 days ago),Alongshore wind (1 day ago),River discharge,Wave height (3 days ago),Wave height,Alongshore wind (2 days ago),Solar radiation (1 day ago),14-day cumulative rainfall,Wave period (1 day ago),Wave height (4 days ago),Rainfall (4 days ago),decreasing risk,increasing risk,increasing risk,increasing risk,increasing risk,decreasing risk,decreasing risk,increasing risk,decreasing risk,decreasing risk,decreasing risk,increasing risk,decreasing risk,decreasing risk,decreasing risk,2.9,0.0,15.0,20.5,15.0,18.9,0.44,3.25,1.0,low,2.49
21MABCH-MA924979,Kings,42.46327,-70.92527,2026-09-15,0.1372,Safe,0.27,True,Onshore wind (1 day ago),Average wave period (3 days ago),Alongshore wind today,Onshore wind (2 days ago),Wave height (4 days ago),Seasonal pattern,River discharge,3-day cumulative rainfall,River discharge (2 days ago),Solar radiation today,Wave period (3 days ago),Alongshore wave energy today,Wave period,Overnight low temperature,Solar radiation (5 days ago),decreasing risk,increasing risk,increasing risk,decreasing risk,decreasing risk,decreasing risk,decreasing risk,decreasing risk,increasing risk,increasing risk,decreasing risk,decreasing risk,increasing risk,decreasing risk,increasing risk,0.0,28.0,16.0,17.7,20.6,18.9,0.44,3.25,1.0,low,0.48,2026-09-16,0.1481,Safe,0.33,True,Wave height (4 days ago),Wave period (1 day ago),Alongshore wind today,Wave period,Wave period (4 days ago),Average wave period (3 days ago),Air temperature (1 day ago),Rain and high tide combination,River discharge,Wave period (5 days ago),Wave height (3 days ago),Solar radiation (3 days ago),Wind speed (2 days ago),Solar radiation (5 days ago),30-day cumulative rainfall,decreasing risk,decreasing risk,decreasing risk,increasing risk,increasing risk,increasing risk,decreasing risk,decreasing risk,decreasing risk,decreasing risk,increasing risk,increasing risk,decreasing risk,increasing risk,decreasing risk,0.0,28.0,15.0,26.6,19.3,18.9,0.44,3.25,1.0,low,0.48,2026-09-17,0.1481,Safe,0.35,True,Onshore wind (3 days ago),Average wave period (3 days ago),Alongshore wind today,Solar radiation (4 days ago),Wave period,River discharge,Wave height (4 days ago),River discharge (2 days ago),Solar radiation today,Solar radiation (1 day ago),Wave period (4 days ago),Alongshore wind (2 days ago),Wave period (1 day ago),Air temperature (3 days ago),Daytime high temperature,decreasing risk,increasing risk,increasing risk,increasing risk,increasing risk,decreasing risk,decreasing risk,increasing risk,increasing risk,decreasing risk,increasing risk,increasing risk,decreasing risk,decreasing risk,increasing risk,0.9,0.0,12.0,23.3,11.6,18.9,0.44,3.25,1.0,low,0.48
21MABCH-MA957964,Wollaston,42.27697,-71.0093,2026-09-15,0.1372,Safe,0.14,True,Onshore wind (1 day ago),Alongshore wind today,Average wave period (3 days ago),Seasonal pattern,Solar radiation (2 days ago),Overnight low temperature,Alongshore wind (3 days ago),Wave height (4 days ago),Wave period,River discharge,Onshore wind today,Alongshore wave energy today,Rainfall today,Solar radiation today,Low tide level (yesterday),decreasing risk,increasing risk,increasing risk,decreasing risk,increasing risk,decreasing risk,decreasing risk,decreasing risk,increasing risk,decreasing risk,decreasing risk,decreasing risk,decreasing risk,increasing risk,increasing risk,0.0,19.1,15.0,17.7,20.6,18.9,0.44,3.25,1.0,low,6.11,2026-09-16,0.1168,Safe,0.17,True,Wave height (4 days ago),Rain and high tide combination,Wave period (1 day ago),Alongshore wind today,Wave period,Wave period (5 days ago),Wave period (4 days ago),Onshore wind (2 days ago),Seasonal pattern,River discharge,Lunar cycle,Wind speed (2 days ago),Solar radiation (3 days ago),Wind speed (1 day ago),Solar radiation (1 day ago),decreasing risk,decreasing risk,decreasing risk,decreasing risk,increasing risk,decreasing risk,increasing risk,decreasing risk,decreasing risk,decreasing risk,increasing risk,decreasing risk,increasing risk,increasing risk,increasing risk,0.0,19.1,16.0,25.1,19.1,18.9,0.44,3.25,1.0,low,6.11,2026-09-17,0.2857,Unsafe,0.15,True,Alongshore wind today,Average wave period (3 days ago),Solar radiation today,Solar radiation (4 days ago),Onshore wind (3 days ago),River discharge,Wave period,Onshore wind (1 day ago),Wave period (1 day ago),Wind direction,Wave period (4 days ago),Seasonal pattern,Solar radiation (1 day ago),Onshore wind today,Daytime high temperature,increasing risk,increasing risk,increasing risk,increasing risk,decreasing risk,decreasing risk,increasing risk,increasing risk,decreasing risk,increasing risk,increasing risk,decreasing risk,decreasing risk,increasing risk,increasing risk,2.9,0.0,15.0,20.5,15.0,18.9,0.44,3.25,1.0,low,6.11
21MABCH-MA957964-1,Wollaston @ Channing Street (DCR) - Location 1,42.27893,-71.01436,2026-09-15,0.1372,Safe,0.14,False,Onshore wind (1 day ago),Alongshore wind today,Average wave period (3 days ago),Seasonal pattern,Alongshore wind (3 days ago),Overnight low temperature,Wave height (4 days ago),Wave period,River discharge,Onshore wind today,Solar radiation today,Rain and high tide combination,Rainfall today,Air temperature (2 days ago),Low tide level (yesterday),decreasing risk,increasing risk,increasing risk,decreasing risk,decreasing risk,decreasing risk,decreasing risk,increasing risk,decreasing risk,decreasing risk,increasing risk,decreasing risk,decreasing risk,increasing risk,increasing risk,0.0,19.1,15.0,17.7,20.6,18.9,0.44,3.25,1.0,low,5.79,2026-09-16,0.1608,Safe,0.17,False,Wave height (4 days ago),Wave period (1 day ago),Alongshore wind today,Rain and high tide combination,Wave period,Wave period (4 days ago),Lunar cycle,River discharge,Seasonal pattern,Onshore wind (2 days ago),Wind speed (3 days ago),Solar radiation (1 day ago),Solar radiation (3 days ago),Wave period (5 days ago),Average wave period (3 days ago),decreasing risk,decreasing risk,decreasing risk,decreasing risk,increasing risk,increasing risk,increasing risk,decreasing risk,decreasing risk,decreasing risk,decreasing risk,increasing risk,increasing risk,decreasing risk,increasing risk,0.0,19.1,16.0,25.1,19.1,18.9,0.44,3.25,1.0,low,5.79,2026-09-17,0.3408,Unsafe,0.15,False,Alongshore wind today,Onshore wind (3 days ago),Solar radiation (4 days ago),Solar radiation today,River discharge,Average wave period (3 days ago),Wave period (1 day ago),Wind direction,Wave period,Wave period (4 days ago),Rain and high tide combination,Seasonal pattern,Onshore wind (1 day ago),Daytime high temperature,River discharge (2 days ago),increasing risk,decreasing risk,increasing risk,increasing risk,decreasing risk,increasing risk,decreasing risk,increasing risk,increasing risk,increasing risk,decreasing risk,decreasing risk,increasing risk,increasing risk,increasing risk,2.9,0.0,15.0,20.5,15.0,18.9,0.44,3.25,1.0,low,5.79
21MABCH-MA984037,Kings,42.4679,-70.91773,2026-09-15,0.1066,Safe,0.27,True,Onshore wind (1 day ago),Average wave period (3 days ago),Alongshore wind today,Onshore wind (2 days ago),Wave height (4 days ago),River discharge,Seasonal pattern,3-day cumulative rainfall,River discharge (2 days ago),Wave period (3 days ago),Solar radiation today,Wave period,Onshore wind (3 days ago),Onshore wind today,Overnight low temperature,decreasing risk,increasing risk,increasing risk,decreasing risk,decreasing risk,decreasing risk,decreasing risk,decreasing risk,increasing risk,decreasing risk,increasing risk,increasing risk,decreasing risk,decreasing risk,decreasing risk,0.0,28.0,16.0,17.7,20.6,18.9,0.44,3.25,1.0,low,0.37,2026-09-16,0.1608,Safe,0.33,True,Wave height (4 days ago),Wave period (1 day ago),Wave period,Alongshore wind today,Average wave period (3 days ago),Air temperature (1 day ago),Wave period (4 days ago),Rain and high tide combination,River discharge,Wave period (5 days ago),Wave height (3 days ago),Solar radiation (3 days ago),Wind speed (2 days ago),30-day cumulative rainfall,Solar radiation (5 days ago),decreasing risk,decreasing risk,increasing risk,decreasing risk,increasing risk,decreasing risk,increasing risk,decreasing risk,decreasing risk,decreasing risk,increasing risk,increasing risk,decreasing risk,decreasing risk,increasing risk,0.0,28.0,15.0,26.6,19.3,18.9,0.44,3.25,1.0,low,0.37,2026-09-17,0.1481,Safe,0.35,True,Onshore wind (3 days ago),Average wave period (3 days ago),Solar radiation (4 days ago),Wave period,River discharge,Alongshore wind today,Wave height (4 days ago),River discharge (2 days ago),Solar radiation today,Wave period (4 days ago),Solar radiation (1 day ago),Wind direction,Wave period (1 day ago),Alongshore wind (2 days ago),Rainfall (4 days ago),decreasing risk,increasing risk,increasing risk,increasing risk,decreasing risk,increasing risk,decreasing risk,increasing risk,increasing risk,increasing risk,decreasing risk,increasing risk,decreasing risk,increasing risk,decreasing risk,0.9,0.0,12.0,23.3,11.6,18.9,0.44,3.25,1.0,low,0.37
21MABCH-MA984037-1,Kings - Location 1,42.4679,-70.91773,2026-09-15,0.1107,Safe,0.27,True,Onshore wind (1 day ago),Average wave period (3 days ago),Alongshore wind today,Onshore wind (2 days ago),Seasonal pattern,River discharge,Wave height (4 days ago),3-day cumulative rainfall,River discharge (2 days ago),Wave period (3 days ago),Onshore wind (3 days ago),Solar radiation today,Wave period,Onshore wind today,Overnight low temperature,decreasing risk,increasing risk,increasing risk,decreasing risk,decreasing risk,decreasing risk,decreasing risk,decreasing risk,increasing risk,decreasing risk,decreasing risk,increasing risk,increasing risk,decreasing risk,decreasing risk,0.0,28.0,16.0,17.7,20.6,18.9,0.44,3.25,1.0,low,0.37,2026-09-16,0.2006,Safe,0.33,True,Wave height (4 days ago),Rain and high tide combination,Wave period (1 day ago),Wave period,Alongshore wind today,Wave period (5 days ago),Wave period (4 days ago),River discharge,Solar radiation (3 days ago),Lunar cycle,Wind speed (2 days ago),Solar radiation (5 days ago),7-day cumulative rainfall,Overnight low temperature,Wave period (3 days ago),decreasing risk,decreasing risk,decreasing risk,increasing risk,decreasing risk,decreasing risk,increasing risk,decreasing risk,increasing risk,increasing risk,decreasing risk,increasing risk,increasing risk,decreasing risk,decreasing risk,0.0,28.0,15.0,26.6,19.3,18.9,0.44,3.25,1.0,low,0.37,2026-09-17,0.1481,Safe,0.35,True,Onshore wind (3 days ago),Alongshore wind today,Average wave period (3 days ago),Wave period,Solar radiation (4 days ago),Rain and high tide combination,River discharge,Solar radiation today,River discharge (2 days ago),Wind direction,Wave period (4 days ago),Solar radiation (1 day ago),Wave period (1 day ago),River discharge (5 days ago),Wave height (4 days ago),decreasing risk,increasing risk,increasing risk,increasing risk,increasing risk,decreasing risk,decreasing risk,increasing risk,increasing risk,increasing risk,increasing risk,decreasing risk,decreasing risk,decreasing risk,decreasing risk,0.9,0.0,12.0,23.3,11.6,18.9,0.44,3.25,1.0,low,0.37
MYRWA-BEI093,Belle Isle Inlet at Crystal Avenue in Revere; sampled from end of private dock or by walking across mud to channel,42.39207,-70.98676,2026-09-15,0.1372,Safe,0.14,True,Onshore wind (1 day ago),Alongshore wind today,Average wave period (3 days ago),Overnight low temperature,Seasonal pattern,Wave height (4 days ago),Rain and high tide combination,River discharge,Solar radiation today,Onshore wind today,Wave period (4 days ago),Rainfall today,Wave height (3 days ago),Wave period,Solar radiation (3 days ago),decreasing risk,increasing risk,increasing risk,decreasing risk,decreasing risk,decreasing risk,decreasing risk,decreasing risk,increasing risk,decreasing risk,increasing risk,decreasing risk,increasing risk,increasing risk,increasing risk,0.0,13.7,16.0,17.1,21.2,18.9,0.44,3.25,1.0,low,2.68,2026-09-16,0.1608,Safe,0.17,True,Wave height (4 days ago),Wave period (1 day ago),Rain and high tide combination,Alongshore wind today,Lunar cycle,Alongshore wind (1 day ago),River discharge,Wave period (4 days ago),Seasonal pattern,Wind speed (3 days ago),Wave period (3 days ago),Wave height (3 days ago),Wave period (5 days ago),Wind speed (2 days ago),Average wave period (3 days ago),decreasing risk,decreasing risk,decreasing risk,decreasing risk,increasing risk,increasing risk,decreasing risk,increasing risk,decreasing risk,decreasing risk,decreasing risk,increasing risk,decreasing risk,decreasing risk,increasing risk,0.0,13.7,16.0,25.1,19.1,18.9,0.44,3.25,1.0,low,2.68,2026-09-17,0.1976,Unsafe,0.15,True,Alongshore wind today,River discharge,Solar radiation (4 days ago),Onshore wind (3 days ago),Average wave period (3 days ago),Wave period (1 day ago),River discharge (2 days ago),Wave period (4 days ago),Wave period (3 days ago),Onshore wind (1 day ago),Daytime high temperature,Solar radiation today,Solar radiation (1 day ago),Rain and high tide combination,Alongshore wind (2 days ago),increasing risk,decreasing risk,increasing risk,decreasing risk,increasing risk,decreasing risk,increasing risk,increasing risk,decreasing risk,increasing risk,increasing risk,increasing risk,decreasing risk,decreasing risk,increasing risk,2.9,0.0,15.0,20.5,15.0,18.9,0.44,3.25,1.0,low,2.68
MYRWA-MIC004,Mill Creek at Broadway Bridge on Chelsea/Revere line; sampled from south east side of Broadway bridge,42.40334,-71.01803,2026-09-15,0.2607,Unsafe,0.14,True,Onshore wind (1 day ago),Alongshore wind today,Average wave period (3 days ago),Seasonal pattern,Overnight low temperature,Daytime high temperature,Wave height (4 days ago),Wave period (3 days ago),Onshore wind today,Wave period (4 days ago),Solar radiation today,Wave period,Wave period (1 day ago),Air temperature (5 days ago),Rainfall today,decreasing risk,increasing risk,increasing risk,decreasing risk,decreasing risk,increasing risk,decreasing risk,decreasing risk,decreasing risk,increasing risk,increasing risk,increasing risk,decreasing risk,increasing risk,decreasing risk,0.0,13.7,16.0,17.1,21.2,18.9,0.44,3.25,1.0,,0.96,2026-09-16,0.3654,Unsafe,0.17,True,Wave height (4 days ago),Wave period (1 day ago),Solar radiation today,Rain and high tide combination,Alongshore wind today,Alongshore wind (1 day ago),Lunar cycle,Seasonal pattern,Onshore wind (1 day ago),Wave period (3 days ago),Wave period (4 days ago),Wind speed (2 days ago),Wave period,Tide level at sample time,Air temperature (1 day ago),decreasing risk,decreasing risk,increasing risk,decreasing risk,decreasing risk,increasing risk,increasing risk,decreasing risk,increasing risk,decreasing risk,increasing risk,decreasing risk,increasing risk,increasing risk,decreasing risk,0.0,13.7,16.0,25.1,19.1,18.9,0.44,3.25,1.0,,0.96,2026-09-17,0.4297,Unsafe,0.15,True,Alongshore wind today,Solar radiation (4 days ago),Onshore wind (3 days ago),Average wave period (3 days ago),Wave period (1 day ago),Seasonal pattern,Wave period (4 days ago),Daytime high temperature,Onshore wind (1 day ago),Wave period (3 days ago),Alongshore wind (2 days ago),Solar radiation today,Wave period,Wave height (4 days ago),Solar radiation (1 day ago),increasing risk,increasing risk,decreasing risk,increasing risk,decreasing risk,decreasing risk,increasing risk,increasing risk,increasing risk,decreasing risk,increasing risk,increasing risk,increasing risk,decreasing risk,decreasing risk,2.9,0.0,15.0,20.5,15.0,18.9,0.44,3.25,1.0,,0.96
