StationCode,StationName,Latitude,Longitude,day1_date,day1_probability,day1_prediction,day1_mpn,day1_mpn_label,day1_top_factor_1,day1_top_factor_2,day1_top_factor_3,day1_last_result,day1_days_since_sample,day1_insight,day1_threshold,day1_no_recent_sample,day1_top_factor_4,day1_top_factor_5,day1_top_factor_6,day1_top_factor_7,day1_top_factor_8,day1_top_factor_9,day1_top_factor_10,day1_top_factor_11,day1_top_factor_12,day1_top_factor_13,day1_top_factor_14,day1_top_factor_15,day1_shap_direction_1,day1_shap_direction_2,day1_shap_direction_3,day1_shap_direction_4,day1_shap_direction_5,day1_shap_direction_6,day1_shap_direction_7,day1_shap_direction_8,day1_shap_direction_9,day1_shap_direction_10,day1_shap_direction_11,day1_shap_direction_12,day1_shap_direction_13,day1_shap_direction_14,day1_shap_direction_15,day1_rain_today_mm,day1_rain_prior3d_mm,day1_wind_kph,day1_air_temp_c,day1_solar_mj,day1_water_temp_c,day1_wave_height_m,day1_tide_range_m,day1_spring_tide,day1_river_flow,day1_cso_dist_km,day2_date,day2_probability,day2_prediction,day2_mpn,day2_mpn_label,day2_top_factor_1,day2_top_factor_2,day2_top_factor_3,day2_last_result,day2_days_since_sample,day2_insight,day2_threshold,day2_no_recent_sample,day2_top_factor_4,day2_top_factor_5,day2_top_factor_6,day2_top_factor_7,day2_top_factor_8,day2_top_factor_9,day2_top_factor_10,day2_top_factor_11,day2_top_factor_12,day2_top_factor_13,day2_top_factor_14,day2_top_factor_15,day2_shap_direction_1,day2_shap_direction_2,day2_shap_direction_3,day2_shap_direction_4,day2_shap_direction_5,day2_shap_direction_6,day2_shap_direction_7,day2_shap_direction_8,day2_shap_direction_9,day2_shap_direction_10,day2_shap_direction_11,day2_shap_direction_12,day2_shap_direction_13,day2_shap_direction_14,day2_shap_direction_15,day2_rain_today_mm,day2_rain_prior3d_mm,day2_wind_kph,day2_air_temp_c,day2_solar_mj,day2_water_temp_c,day2_wave_height_m,day2_tide_range_m,day2_spring_tide,day2_river_flow,day2_cso_dist_km,day3_date,day3_probability,day3_prediction,day3_mpn,day3_mpn_label,day3_top_factor_1,day3_top_factor_2,day3_top_factor_3,day3_last_result,day3_days_since_sample,day3_insight,day3_threshold,day3_no_recent_sample,day3_top_factor_4,day3_top_factor_5,day3_top_factor_6,day3_top_factor_7,day3_top_factor_8,day3_top_factor_9,day3_top_factor_10,day3_top_factor_11,day3_top_factor_12,day3_top_factor_13,day3_top_factor_14,day3_top_factor_15,day3_shap_direction_1,day3_shap_direction_2,day3_shap_direction_3,day3_shap_direction_4,day3_shap_direction_5,day3_shap_direction_6,day3_shap_direction_7,day3_shap_direction_8,day3_shap_direction_9,day3_shap_direction_10,day3_shap_direction_11,day3_shap_direction_12,day3_shap_direction_13,day3_shap_direction_14,day3_shap_direction_15,day3_rain_today_mm,day3_rain_prior3d_mm,day3_wind_kph,day3_air_temp_c,day3_solar_mj,day3_water_temp_c,day3_wave_height_m,day3_tide_range_m,day3_spring_tide,day3_river_flow,day3_cso_dist_km
21MABCH-MA689045-1,Carson Beach (DCR)-I Street,,,2026-09-12,0.0549,Safe,,,Rainfall today,Wave period (2 days ago),Water temperature (3 days ago),,,,0.13,False,Tide level at sample time,Wave height (4 days ago),Wave period,Wave period (1 day ago),Alongshore wave energy today,Rain and high tide combination,Seasonal pattern,River discharge,Air temperature (3 days ago),Solar radiation (6 days ago),Solar radiation today,Average wave period (3 days ago),decreasing risk,decreasing risk,increasing risk,decreasing risk,increasing risk,decreasing risk,decreasing risk,decreasing risk,decreasing risk,decreasing risk,decreasing risk,decreasing risk,decreasing risk,increasing risk,decreasing risk,0.0,2.7,16.0,24.8,21.0,19.1,0.25,3.39,1.0,low,0.16,2026-09-08,0.0853,Safe,,,Rainfall today,Wind gusts,Onshore wave energy (1 day ago),,,,0.13,False,Tide level at sample time,River discharge,Air temperature (3 days ago),Rain and high tide combination,Onshore wind (2 days ago),Seasonal pattern,Rainfall (5 days ago),Water temperature,Solar radiation today,Water temperature (5 days ago),Rain near combined sewer outfalls,Wave height (5 days ago),decreasing risk,increasing risk,increasing risk,decreasing risk,decreasing risk,decreasing risk,decreasing risk,increasing risk,increasing risk,decreasing risk,increasing risk,increasing risk,increasing risk,decreasing risk,increasing risk,0.0,4.0,17.0,26.4,20.5,18.8,0.56,3.02,0.0,low,0.16,2026-09-07,0.1058,Safe,,,Rainfall today,Average wave period (4 days ago),Wind gusts,,,,0.13,False,Wave height,Wind speed (3 days ago),Solar radiation (6 days ago),Onshore wave energy (1 day ago),River discharge,Tide level at sample time,Rain near combined sewer outfalls,Solar radiation (1 day ago),Rain and high tide combination,Onshore wind today,Average wave period (3 days ago),Wave height (1 day ago),decreasing risk,increasing risk,increasing risk,increasing risk,decreasing risk,decreasing risk,increasing risk,decreasing risk,increasing risk,increasing risk,increasing risk,increasing risk,increasing risk,decreasing risk,increasing risk,0.0,4.4,18.0,26.0,20.9,18.6,1.04,2.93,0.0,low,0.16
21MABCH-MA689045-2,Carson Beach (DCR)-Bathhouse,,,2026-09-12,0.022,Safe,,,Rainfall today,Tide level at sample time,Wave period (2 days ago),,,,0.13,True,Water temperature (3 days ago),Wave period (1 day ago),Solar radiation today,River discharge,Wave height (4 days ago),Seasonal pattern,Alongshore wave energy today,Air temperature (3 days ago),Solar radiation (6 days ago),Average wave period (3 days ago),Wind speed (3 days ago),Wave period,decreasing risk,decreasing risk,decreasing risk,increasing risk,decreasing risk,increasing risk,decreasing risk,increasing risk,increasing risk,decreasing risk,decreasing risk,decreasing risk,decreasing risk,increasing risk,decreasing risk,0.0,2.7,16.0,24.8,21.0,19.1,0.25,3.39,1.0,low,0.18,2026-09-08,0.0451,Safe,,,Rainfall today,Wind gusts,Onshore wave energy (1 day ago),,,,0.13,True,Air temperature (3 days ago),Water temperature (5 days ago),River discharge,Seasonal pattern,Tide level at sample time,Solar radiation today,High tide level,Rain near combined sewer outfalls,Rainfall (5 days ago),30-day cumulative rainfall,Air temperature (2 days ago),Water temperature,decreasing risk,increasing risk,increasing risk,decreasing risk,increasing risk,decreasing risk,increasing risk,decreasing risk,increasing risk,decreasing risk,decreasing risk,decreasing risk,increasing risk,decreasing risk,increasing risk,0.0,4.0,17.0,26.4,20.5,18.8,0.56,3.02,0.0,low,0.18,2026-09-07,0.0549,Safe,,,Rainfall today,Average wave period (4 days ago),Solar radiation (6 days ago),,,,0.13,True,Onshore wave energy (1 day ago),Tide level at sample time,River discharge,Wave height,Wind gusts,Seasonal pattern,Solar radiation (1 day ago),Rain near combined sewer outfalls,Water temperature (5 days ago),Solar radiation today,High tide level,Rain and high tide combination,decreasing risk,increasing risk,decreasing risk,increasing risk,increasing risk,decreasing risk,increasing risk,increasing risk,increasing risk,increasing risk,increasing risk,increasing risk,increasing risk,decreasing risk,increasing risk,0.0,4.4,18.0,26.0,20.9,18.6,1.04,2.93,0.0,low,0.18
21MABCH-MA334293,Carson Beach,,,2026-09-12,0.022,Safe,,,Rainfall today,Tide level at sample time,Wave period (2 days ago),,,,0.13,True,Water temperature (3 days ago),Wave period (1 day ago),Solar radiation today,River discharge,Wave height (4 days ago),Seasonal pattern,Alongshore wave energy today,Air temperature (3 days ago),Solar radiation (6 days ago),Average wave period (3 days ago),Wind speed (3 days ago),Wave period,decreasing risk,decreasing risk,decreasing risk,increasing risk,decreasing risk,increasing risk,decreasing risk,increasing risk,increasing risk,decreasing risk,decreasing risk,decreasing risk,decreasing risk,increasing risk,decreasing risk,0.0,2.7,16.0,24.8,21.0,19.1,0.25,3.39,1.0,low,0.18,2026-09-08,0.0554,Safe,,,Rainfall today,Wind gusts,Onshore wave energy (1 day ago),,,,0.13,True,Rain near combined sewer outfalls,Air temperature (2 days ago),Air temperature (3 days ago),River discharge,Water temperature (5 days ago),Seasonal pattern,Tide level at sample time,Solar radiation today,High tide level,Rainfall (5 days ago),Water temperature (3 days ago),Water temperature,decreasing risk,increasing risk,increasing risk,decreasing risk,decreasing risk,decreasing risk,decreasing risk,increasing risk,increasing risk,decreasing risk,increasing risk,decreasing risk,decreasing risk,increasing risk,increasing risk,0.0,4.0,17.0,26.4,20.5,18.8,0.56,3.02,0.0,low,0.18,2026-09-07,0.0928,Safe,,,Rainfall today,Wave height,Average wave period (4 days ago),,,,0.13,True,River discharge,Rain near combined sewer outfalls,Wind gusts,Onshore wave energy (1 day ago),7-day cumulative rainfall,Solar radiation (6 days ago),Tide level at sample time,Solar radiation (1 day ago),Seasonal pattern,Low tide level (yesterday),Wave height (1 day ago),Average wave period (3 days ago),decreasing risk,increasing risk,increasing risk,decreasing risk,increasing risk,increasing risk,increasing risk,increasing risk,decreasing risk,increasing risk,increasing risk,increasing risk,decreasing risk,increasing risk,decreasing risk,0.0,4.4,18.0,26.0,20.9,18.6,1.04,2.93,0.0,low,0.18
21MABCH-MA641647,Carson Beach,,,2026-09-12,0.0231,Safe,,,Rainfall today,Wave period (2 days ago),Tide level at sample time,,,,0.13,True,Water temperature (3 days ago),Alongshore wave energy today,Wave period (1 day ago),Wave height (4 days ago),Seasonal pattern,Solar radiation today,River discharge,Air temperature (3 days ago),Wind speed (3 days ago),Solar radiation (6 days ago),Wave period,Wave height,decreasing risk,decreasing risk,decreasing risk,increasing risk,decreasing risk,decreasing risk,increasing risk,increasing risk,increasing risk,decreasing risk,decreasing risk,increasing risk,decreasing risk,decreasing risk,decreasing risk,0.0,2.7,16.0,24.8,21.0,19.1,0.25,3.39,1.0,low,0.16,2026-09-08,0.0554,Safe,,,Rainfall today,Wind gusts,Onshore wave energy (1 day ago),,,,0.13,True,Rain near combined sewer outfalls,Tide level at sample time,River discharge,Air temperature (2 days ago),Water temperature (5 days ago),Air temperature (3 days ago),Seasonal pattern,High tide level,Water temperature (3 days ago),Rainfall (5 days ago),Solar radiation today,Water temperature,decreasing risk,increasing risk,increasing risk,decreasing risk,decreasing risk,decreasing risk,decreasing risk,increasing risk,decreasing risk,increasing risk,decreasing risk,increasing risk,decreasing risk,increasing risk,increasing risk,0.0,4.0,17.0,26.4,20.5,18.8,0.56,3.02,0.0,low,0.16,2026-09-07,0.0928,Safe,,,Rainfall today,Wave height,Average wave period (4 days ago),,,,0.13,True,Rain near combined sewer outfalls,River discharge,Wind gusts,Onshore wave energy (1 day ago),7-day cumulative rainfall,Solar radiation (6 days ago),Tide level at sample time,Solar radiation (1 day ago),Seasonal pattern,Low tide level (yesterday),Wave height (1 day ago),Rainfall (6 days ago),decreasing risk,increasing risk,increasing risk,increasing risk,decreasing risk,increasing risk,increasing risk,increasing risk,decreasing risk,increasing risk,increasing risk,increasing risk,decreasing risk,increasing risk,increasing risk,0.0,4.4,18.0,26.0,20.9,18.6,1.04,2.93,0.0,low,0.16
21MABCH-MA715607-1,Wollaston @ Sachem Street (DCR) - Location 1,,,2026-09-12,0.0853,Safe,,,Rainfall today,River discharge,Water temperature (3 days ago),,,,0.13,False,Wave period (1 day ago),Solar radiation today,Wave height (4 days ago),Alongshore wind today,7-day cumulative rainfall,River discharge (1 day ago),Wave height,Solar radiation (6 days ago),Solar radiation (3 days ago),Rain near combined sewer outfalls,Wave period (2 days ago),Low tide level,decreasing risk,decreasing risk,increasing risk,decreasing risk,increasing risk,increasing risk,increasing risk,decreasing risk,increasing risk,decreasing risk,decreasing risk,increasing risk,decreasing risk,decreasing risk,increasing risk,0.0,2.7,16.0,24.8,21.0,19.1,0.25,3.39,1.0,low,6.11,2026-09-08,0.0853,Safe,,,Rainfall today,River discharge,Rain near combined sewer outfalls,,,,0.13,False,Water temperature (5 days ago),Air temperature (2 days ago),High tide level,Solar radiation today,Wave period (2 days ago),7-day cumulative rainfall,Solar radiation (3 days ago),Alongshore wind today,30-day cumulative rainfall,River discharge (1 day ago),Yesterday rainfall,Solar radiation (1 day ago),decreasing risk,decreasing risk,decreasing risk,increasing risk,decreasing risk,decreasing risk,increasing risk,decreasing risk,increasing risk,increasing risk,increasing risk,increasing risk,increasing risk,decreasing risk,decreasing risk,0.0,4.0,17.0,26.4,20.5,18.8,0.56,3.02,0.0,low,6.11,2026-09-07,0.1147,Safe,,,Rainfall today,Wave height,Rain near combined sewer outfalls,,,,0.13,False,Solar radiation (1 day ago),Solar radiation (6 days ago),7-day cumulative rainfall,River discharge,Low tide level (yesterday),Water temperature (5 days ago),Average wave period (4 days ago),High tide level,Wave period (2 days ago),Average wave period (5 days ago),Lunar cycle,Yesterday rainfall,decreasing risk,increasing risk,increasing risk,increasing risk,decreasing risk,increasing risk,decreasing risk,decreasing risk,increasing risk,increasing risk,decreasing risk,decreasing risk,increasing risk,decreasing risk,decreasing risk,0.0,4.4,18.0,26.0,20.9,18.6,1.04,2.93,0.0,low,6.11
21MABCH-MA846279-1,M Street Beach (DCR) - Location 1,,,2026-09-12,0.0231,Safe,,,Rainfall today,Tide level at sample time,Wave period (2 days ago),,,,0.13,True,Water temperature (3 days ago),Solar radiation today,Wave period (1 day ago),Wave height (4 days ago),River discharge,Seasonal pattern,Air temperature (3 days ago),Wind speed (2 days ago),Solar radiation (6 days ago),Wind speed (3 days ago),7-day cumulative rainfall,Alongshore wave energy today,decreasing risk,decreasing risk,decreasing risk,increasing risk,increasing risk,decreasing risk,increasing risk,decreasing risk,increasing risk,decreasing risk,decreasing risk,decreasing risk,increasing risk,decreasing risk,decreasing risk,0.0,2.7,16.0,24.8,21.0,19.1,0.25,3.39,1.0,low,0.2,2026-09-08,0.0289,Safe,,,Rainfall today,Air temperature (3 days ago),Onshore wave energy (1 day ago),,,,0.13,True,Tide level at sample time,Water temperature (5 days ago),Wind gusts,River discharge,High tide level,Seasonal pattern,Solar radiation today,Rain near combined sewer outfalls,Rainfall (5 days ago),30-day cumulative rainfall,Wave period (2 days ago),Air temperature (2 days ago),decreasing risk,decreasing risk,increasing risk,decreasing risk,increasing risk,increasing risk,decreasing risk,decreasing risk,increasing risk,increasing risk,decreasing risk,decreasing risk,increasing risk,decreasing risk,decreasing risk,0.0,4.0,17.0,26.4,20.5,18.8,0.56,3.02,0.0,low,0.2,2026-09-07,0.0451,Safe,,,Rainfall today,Average wave period (4 days ago),River discharge,,,,0.13,True,Solar radiation (6 days ago),Tide level at sample time,Onshore wave energy (1 day ago),Wave height,Solar radiation (1 day ago),Rain near combined sewer outfalls,Water temperature (5 days ago),Seasonal pattern,Rain and high tide combination,High tide level,Solar radiation today,Wave height (1 day ago),decreasing risk,increasing risk,decreasing risk,decreasing risk,increasing risk,increasing risk,increasing risk,increasing risk,increasing risk,increasing risk,increasing risk,increasing risk,decreasing risk,increasing risk,increasing risk,0.0,4.4,18.0,26.0,20.9,18.6,1.04,2.93,0.0,low,0.2
21MABCH-MA846279,M Street Beach,,,2026-09-12,0.0231,Safe,,,Rainfall today,Tide level at sample time,Wave period (2 days ago),,,,0.13,True,Water temperature (3 days ago),Solar radiation today,Wave period (1 day ago),Wave height (4 days ago),River discharge,Seasonal pattern,Air temperature (3 days ago),Wind speed (2 days ago),Solar radiation (6 days ago),Wind speed (3 days ago),7-day cumulative rainfall,Alongshore wave energy today,decreasing risk,decreasing risk,decreasing risk,increasing risk,increasing risk,decreasing risk,increasing risk,decreasing risk,increasing risk,decreasing risk,decreasing risk,decreasing risk,increasing risk,decreasing risk,decreasing risk,0.0,2.7,16.0,24.8,21.0,19.1,0.25,3.39,1.0,low,0.2,2026-09-08,0.0549,Safe,,,Rainfall today,River discharge,Onshore wave energy (1 day ago),,,,0.13,True,Rain near combined sewer outfalls,Air temperature (3 days ago),Air temperature (2 days ago),Tide level at sample time,Water temperature (5 days ago),Wind gusts,Seasonal pattern,High tide level,Solar radiation today,Water temperature (3 days ago),Rainfall (5 days ago),Low tide level,decreasing risk,decreasing risk,increasing risk,decreasing risk,decreasing risk,decreasing risk,decreasing risk,increasing risk,increasing risk,increasing risk,decreasing risk,increasing risk,increasing risk,decreasing risk,decreasing risk,0.0,4.0,17.0,26.4,20.5,18.8,0.56,3.02,0.0,low,0.2,2026-09-07,0.0853,Safe,,,Rainfall today,Wave height,River discharge,,,,0.13,True,Average wave period (4 days ago),Rain near combined sewer outfalls,Solar radiation (6 days ago),Onshore wave energy (1 day ago),Tide level at sample time,7-day cumulative rainfall,Solar radiation (1 day ago),Low tide level (yesterday),Seasonal pattern,Wave height (1 day ago),Wind gusts,Average wave period (3 days ago),decreasing risk,increasing risk,decreasing risk,increasing risk,increasing risk,decreasing risk,increasing risk,increasing risk,increasing risk,increasing risk,decreasing risk,increasing risk,increasing risk,increasing risk,decreasing risk,0.0,4.4,18.0,26.0,20.9,18.6,1.04,2.93,0.0,low,0.2
21MABCH-MA871019-4,Nantasket (DCR)-Water St.,,,2026-09-12,0.0549,Safe,,,Rainfall today,Wave period (1 day ago),River discharge,,,,0.13,False,Water temperature (3 days ago),Wave period (5 days ago),Wave height (4 days ago),Rain near combined sewer outfalls,Solar radiation today,Seasonal pattern,Alongshore wind today,7-day cumulative rainfall,Low tide level,Wind gusts,Onshore wind (2 days ago),Solar radiation (6 days ago),decreasing risk,decreasing risk,decreasing risk,increasing risk,decreasing risk,increasing risk,decreasing risk,increasing risk,decreasing risk,increasing risk,decreasing risk,increasing risk,decreasing risk,increasing risk,decreasing risk,0.0,3.1,15.0,25.1,21.1,19.1,0.25,3.39,1.0,low,14.82,2026-09-08,0.0554,Safe,,,Rainfall today,River discharge,Rain near combined sewer outfalls,,,,0.13,False,Wave period (5 days ago),Air temperature (1 day ago),High tide level,Water temperature (5 days ago),Solar radiation today,Onshore wind (2 days ago),Alongshore wind today,7-day cumulative rainfall,Hours since high tide,Rainfall (7 days ago),Solar radiation (3 days ago),5-day cumulative rainfall,decreasing risk,decreasing risk,decreasing risk,increasing risk,increasing risk,decreasing risk,increasing risk,increasing risk,increasing risk,increasing risk,increasing risk,decreasing risk,increasing risk,increasing risk,decreasing risk,0.0,3.1,12.0,25.9,21.2,18.8,0.56,3.02,0.0,low,14.82,2026-09-07,0.0554,Safe,,,Rainfall today,River discharge,Wave height,,,,0.13,False,Solar radiation (1 day ago),Rain near combined sewer outfalls,Solar radiation (6 days ago),High tide level,Air temperature (1 day ago),Rain and high tide combination,Wave period (5 days ago),Onshore wind (2 days ago),7-day cumulative rainfall,Tide level at sample time,Average wave period (4 days ago),Lunar cycle,decreasing risk,decreasing risk,increasing risk,increasing risk,decreasing risk,decreasing risk,decreasing risk,increasing risk,increasing risk,increasing risk,increasing risk,increasing risk,increasing risk,increasing risk,decreasing risk,0.0,3.3,18.0,25.6,21.2,18.6,1.04,2.93,0.0,low,14.82
21MABCH-MA871019-2,Nantasket (DCR)-North,,,2026-09-12,0.0451,Safe,,,Rainfall today,River discharge,Wave period (1 day ago),,,,0.13,True,Water temperature (3 days ago),Wave period (5 days ago),Solar radiation today,Alongshore wind today,Wave height (4 days ago),Rain near combined sewer outfalls,Low tide level,Wind gusts,Seasonal pattern,Solar radiation (6 days ago),River discharge (1 day ago),Onshore wind (2 days ago),decreasing risk,decreasing risk,decreasing risk,increasing risk,decreasing risk,increasing risk,increasing risk,increasing risk,decreasing risk,increasing risk,decreasing risk,decreasing risk,decreasing risk,increasing risk,increasing risk,0.0,3.1,15.0,25.1,21.1,19.1,0.25,3.39,1.0,low,14.27,2026-09-08,0.0451,Safe,,,Rainfall today,River discharge,Rain near combined sewer outfalls,,,,0.13,True,Wave period (5 days ago),High tide level,Water temperature (5 days ago),Air temperature (1 day ago),Solar radiation today,Alongshore wind today,Onshore wind (2 days ago),Wave period (2 days ago),Average wave period (5 days ago),7-day cumulative rainfall,Solar radiation (3 days ago),Solar radiation (1 day ago),decreasing risk,decreasing risk,decreasing risk,increasing risk,decreasing risk,increasing risk,increasing risk,increasing risk,increasing risk,increasing risk,decreasing risk,decreasing risk,increasing risk,increasing risk,decreasing risk,0.0,3.1,12.0,25.9,21.2,18.8,0.56,3.02,0.0,low,14.27,2026-09-07,0.0549,Safe,,,Rainfall today,Wave height,River discharge,,,,0.13,True,Solar radiation (1 day ago),High tide level,Rain near combined sewer outfalls,Solar radiation (6 days ago),Rain and high tide combination,Air temperature (1 day ago),Wave period (5 days ago),Onshore wind (2 days ago),Wave period (2 days ago),Water temperature (5 days ago),Lunar cycle,Low tide level (yesterday),decreasing risk,increasing risk,decreasing risk,increasing risk,decreasing risk,decreasing risk,decreasing risk,increasing risk,increasing risk,increasing risk,increasing risk,decreasing risk,increasing risk,decreasing risk,decreasing risk,0.0,3.3,18.0,25.6,21.2,18.6,1.04,2.93,0.0,low,14.27
21MABCH-MA871019-3,Nantasket (DCR)-Park St.,,,2026-09-12,0.0451,Safe,,,Rainfall today,River discharge,Wave period (1 day ago),,,,0.13,True,Water temperature (3 days ago),Wave period (5 days ago),Solar radiation today,Alongshore wind today,Wave height (4 days ago),Rain near combined sewer outfalls,Low tide level,Wind gusts,Seasonal pattern,Solar radiation (6 days ago),River discharge (1 day ago),Onshore wind (2 days ago),decreasing risk,decreasing risk,decreasing risk,increasing risk,decreasing risk,increasing risk,increasing risk,increasing risk,decreasing risk,increasing risk,decreasing risk,decreasing risk,decreasing risk,increasing risk,increasing risk,0.0,3.1,15.0,25.1,21.1,19.1,0.25,3.39,1.0,low,15.78,2026-09-08,0.0483,Safe,,,Rainfall today,River discharge,Rain near combined sewer outfalls,,,,0.13,True,Wave period (5 days ago),High tide level,Water temperature (5 days ago),Air temperature (1 day ago),Alongshore wind today,Solar radiation today,Onshore wind (2 days ago),Wave period (2 days ago),7-day cumulative rainfall,Average wave period (5 days ago),Solar radiation (3 days ago),Solar radiation (1 day ago),decreasing risk,decreasing risk,decreasing risk,increasing risk,decreasing risk,increasing risk,increasing risk,increasing risk,increasing risk,increasing risk,decreasing risk,increasing risk,decreasing risk,increasing risk,decreasing risk,0.0,3.1,12.0,25.9,21.2,18.8,0.56,3.02,0.0,low,15.78,2026-09-07,0.0549,Safe,,,Rainfall today,Wave height,River discharge,,,,0.13,True,Solar radiation (1 day ago),High tide level,Rain near combined sewer outfalls,Solar radiation (6 days ago),Air temperature (1 day ago),Rain and high tide combination,Wave period (5 days ago),Wave period (2 days ago),Onshore wind (2 days ago),Water temperature (5 days ago),Lunar cycle,Low tide level (yesterday),decreasing risk,increasing risk,decreasing risk,increasing risk,decreasing risk,decreasing risk,decreasing risk,increasing risk,increasing risk,increasing risk,decreasing risk,increasing risk,increasing risk,decreasing risk,decreasing risk,0.0,3.3,18.0,25.6,21.2,18.6,1.04,2.93,0.0,low,15.78
21MABCH-MA871019-1,Nantasket (DCR)-Bathhouse,,,2026-09-12,0.0451,Safe,,,Rainfall today,River discharge,Wave period (1 day ago),,,,0.13,True,Water temperature (3 days ago),Wave period (5 days ago),Solar radiation today,Alongshore wind today,Wave height (4 days ago),Rain near combined sewer outfalls,Low tide level,Wind gusts,Seasonal pattern,Solar radiation (6 days ago),River discharge (1 day ago),Onshore wind (2 days ago),decreasing risk,decreasing risk,decreasing risk,increasing risk,decreasing risk,increasing risk,increasing risk,increasing risk,decreasing risk,increasing risk,decreasing risk,decreasing risk,decreasing risk,increasing risk,increasing risk,0.0,3.1,15.0,25.1,21.1,19.1,0.25,3.39,1.0,low,15.35,2026-09-08,0.0538,Safe,,,Rainfall today,River discharge,Rain near combined sewer outfalls,,,,0.13,True,Wave period (5 days ago),High tide level,Water temperature (5 days ago),Air temperature (1 day ago),Alongshore wind today,Solar radiation today,Onshore wind (2 days ago),Wave period (2 days ago),7-day cumulative rainfall,Average wave period (5 days ago),Solar radiation (3 days ago),Solar radiation (1 day ago),decreasing risk,decreasing risk,decreasing risk,increasing risk,decreasing risk,increasing risk,increasing risk,increasing risk,increasing risk,increasing risk,decreasing risk,increasing risk,decreasing risk,increasing risk,decreasing risk,0.0,3.1,12.0,25.9,21.2,18.8,0.56,3.02,0.0,low,15.35,2026-09-07,0.0549,Safe,,,Rainfall today,Wave height,River discharge,,,,0.13,True,Solar radiation (1 day ago),High tide level,Rain near combined sewer outfalls,Solar radiation (6 days ago),Air temperature (1 day ago),Rain and high tide combination,Wave period (5 days ago),Onshore wind (2 days ago),Wave period (2 days ago),Water temperature (5 days ago),Lunar cycle,Low tide level (yesterday),decreasing risk,increasing risk,decreasing risk,increasing risk,decreasing risk,decreasing risk,decreasing risk,increasing risk,increasing risk,increasing risk,increasing risk,decreasing risk,increasing risk,decreasing risk,decreasing risk,0.0,3.3,18.0,25.6,21.2,18.6,1.04,2.93,0.0,low,15.35
21MABCH-MA104582,Nantasket,,,2026-09-12,0.0451,Safe,,,Rainfall today,River discharge,Wave period (1 day ago),,,,0.13,True,Water temperature (3 days ago),Wave period (5 days ago),Solar radiation today,Alongshore wind today,Wave height (4 days ago),Rain near combined sewer outfalls,Low tide level,Wind gusts,Seasonal pattern,Solar radiation (6 days ago),River discharge (1 day ago),Onshore wind (2 days ago),decreasing risk,decreasing risk,decreasing risk,increasing risk,decreasing risk,increasing risk,increasing risk,increasing risk,decreasing risk,increasing risk,decreasing risk,decreasing risk,decreasing risk,increasing risk,increasing risk,0.0,3.1,15.0,25.1,21.1,19.1,0.25,3.39,1.0,low,15.35,2026-09-08,0.0549,Safe,,,Rainfall today,Rain near combined sewer outfalls,River discharge,,,,0.13,True,Wave period (5 days ago),High tide level,Water temperature (5 days ago),Air temperature (1 day ago),Alongshore wind today,7-day cumulative rainfall,Onshore wind (2 days ago),Solar radiation today,Wave period (2 days ago),Average wave period (5 days ago),Solar radiation (3 days ago),Air temperature (2 days ago),decreasing risk,decreasing risk,decreasing risk,increasing risk,decreasing risk,increasing risk,increasing risk,increasing risk,increasing risk,increasing risk,increasing risk,decreasing risk,decreasing risk,increasing risk,decreasing risk,0.0,3.1,12.0,25.9,21.2,18.8,0.56,3.02,0.0,low,15.35,2026-09-07,0.0554,Safe,,,Rainfall today,Wave height,Rain near combined sewer outfalls,,,,0.13,True,River discharge,Solar radiation (1 day ago),High tide level,Solar radiation (6 days ago),7-day cumulative rainfall,Air temperature (1 day ago),Rain and high tide combination,Wave period (5 days ago),Onshore wind (2 days ago),Wave period (2 days ago),Water temperature (5 days ago),Low tide level (yesterday),decreasing risk,increasing risk,decreasing risk,decreasing risk,increasing risk,decreasing risk,decreasing risk,increasing risk,increasing risk,increasing risk,increasing risk,increasing risk,decreasing risk,increasing risk,decreasing risk,0.0,3.3,18.0,25.6,21.2,18.6,1.04,2.93,0.0,low,15.35
21MABCH-MA388986,Nantasket,,,2026-09-12,0.0451,Safe,,,Rainfall today,River discharge,Wave period (1 day ago),,,,0.13,True,Water temperature (3 days ago),Wave period (5 days ago),Solar radiation today,Alongshore wind today,Wave height (4 days ago),Rain near combined sewer outfalls,Low tide level,Wind gusts,Seasonal pattern,Solar radiation (6 days ago),River discharge (1 day ago),Onshore wind (2 days ago),decreasing risk,decreasing risk,decreasing risk,increasing risk,decreasing risk,increasing risk,increasing risk,increasing risk,decreasing risk,increasing risk,decreasing risk,decreasing risk,decreasing risk,increasing risk,increasing risk,0.0,3.1,15.0,25.1,21.1,19.1,0.25,3.39,1.0,low,14.82,2026-09-08,0.0538,Safe,,,Rainfall today,River discharge,Rain near combined sewer outfalls,,,,0.13,True,Wave period (5 days ago),High tide level,Water temperature (5 days ago),Air temperature (1 day ago),Alongshore wind today,Solar radiation today,Onshore wind (2 days ago),Wave period (2 days ago),Average wave period (5 days ago),7-day cumulative rainfall,Solar radiation (3 days ago),Solar radiation (1 day ago),decreasing risk,decreasing risk,decreasing risk,increasing risk,decreasing risk,increasing risk,increasing risk,increasing risk,increasing risk,increasing risk,decreasing risk,decreasing risk,increasing risk,increasing risk,decreasing risk,0.0,3.1,12.0,25.9,21.2,18.8,0.56,3.02,0.0,low,14.82,2026-09-07,0.0549,Safe,,,Rainfall today,Wave height,River discharge,,,,0.13,True,Solar radiation (1 day ago),High tide level,Rain near combined sewer outfalls,Solar radiation (6 days ago),Air temperature (1 day ago),Wave period (5 days ago),Rain and high tide combination,Onshore wind (2 days ago),Wave period (2 days ago),Water temperature (5 days ago),Lunar cycle,Tide level at sample time,decreasing risk,increasing risk,decreasing risk,increasing risk,decreasing risk,decreasing risk,decreasing risk,increasing risk,increasing risk,increasing risk,increasing risk,decreasing risk,increasing risk,decreasing risk,increasing risk,0.0,3.3,18.0,25.6,21.2,18.6,1.04,2.93,0.0,low,14.82
21MABCH-MA135071,Nantasket,,,2026-09-12,0.0451,Safe,,,Rainfall today,River discharge,Wave period (1 day ago),,,,0.13,True,Water temperature (3 days ago),Wave period (5 days ago),Solar radiation today,Alongshore wind today,Wave height (4 days ago),Rain near combined sewer outfalls,Low tide level,Wind gusts,Seasonal pattern,Solar radiation (6 days ago),River discharge (1 day ago),Onshore wind (2 days ago),decreasing risk,decreasing risk,decreasing risk,increasing risk,decreasing risk,increasing risk,increasing risk,increasing risk,decreasing risk,increasing risk,decreasing risk,decreasing risk,decreasing risk,increasing risk,increasing risk,0.0,3.1,15.0,25.1,21.1,19.1,0.25,3.39,1.0,low,14.27,2026-09-08,0.0549,Safe,,,Rainfall today,Rain near combined sewer outfalls,River discharge,,,,0.13,True,Wave period (5 days ago),Air temperature (1 day ago),High tide level,Water temperature (5 days ago),Alongshore wind today,Solar radiation today,Onshore wind (2 days ago),Wave period (2 days ago),7-day cumulative rainfall,Average wave period (5 days ago),Solar radiation (3 days ago),Water temperature (3 days ago),decreasing risk,decreasing risk,decreasing risk,increasing risk,increasing risk,decreasing risk,increasing risk,increasing risk,increasing risk,increasing risk,decreasing risk,increasing risk,decreasing risk,increasing risk,increasing risk,0.0,3.1,12.0,25.9,21.2,18.8,0.56,3.02,0.0,low,14.27,2026-09-07,0.0554,Safe,,,Rainfall today,Wave height,Solar radiation (1 day ago),,,,0.13,True,High tide level,Rain near combined sewer outfalls,River discharge,Solar radiation (6 days ago),Wave period (5 days ago),Air temperature (1 day ago),Rain and high tide combination,Onshore wind (2 days ago),Water temperature (5 days ago),Wave period (2 days ago),7-day cumulative rainfall,Lunar cycle,decreasing risk,increasing risk,increasing risk,decreasing risk,decreasing risk,decreasing risk,decreasing risk,increasing risk,increasing risk,increasing risk,increasing risk,increasing risk,decreasing risk,increasing risk,decreasing risk,0.0,3.3,18.0,25.6,21.2,18.6,1.04,2.93,0.0,low,14.27
21MABCH-MA833667,Nantasket,,,2026-09-12,0.0451,Safe,,,Rainfall today,River discharge,Wave period (1 day ago),,,,0.13,True,Water temperature (3 days ago),Wave period (5 days ago),Solar radiation today,Alongshore wind today,Wave height (4 days ago),Rain near combined sewer outfalls,Low tide level,Wind gusts,Seasonal pattern,Solar radiation (6 days ago),River discharge (1 day ago),Onshore wind (2 days ago),decreasing risk,decreasing risk,decreasing risk,increasing risk,decreasing risk,increasing risk,increasing risk,increasing risk,decreasing risk,increasing risk,decreasing risk,decreasing risk,decreasing risk,increasing risk,increasing risk,0.0,3.1,15.0,25.1,21.1,19.1,0.25,3.39,1.0,low,15.78,2026-09-08,0.0549,Safe,,,Rainfall today,Rain near combined sewer outfalls,Wave period (5 days ago),,,,0.13,True,River discharge,Air temperature (1 day ago),High tide level,Water temperature (5 days ago),Alongshore wind today,Solar radiation today,Onshore wind (2 days ago),Wave period (2 days ago),7-day cumulative rainfall,Average wave period (5 days ago),Solar radiation (3 days ago),Tide level at sample time,decreasing risk,decreasing risk,increasing risk,decreasing risk,increasing risk,decreasing risk,increasing risk,increasing risk,increasing risk,increasing risk,decreasing risk,increasing risk,decreasing risk,increasing risk,increasing risk,0.0,3.1,12.0,25.9,21.2,18.8,0.56,3.02,0.0,low,15.78,2026-09-07,0.0554,Safe,,,Rainfall today,Wave height,Solar radiation (1 day ago),,,,0.13,True,High tide level,River discharge,Rain near combined sewer outfalls,Solar radiation (6 days ago),Wave period (5 days ago),Air temperature (1 day ago),Rain and high tide combination,Onshore wind (2 days ago),Wave period (2 days ago),Water temperature (5 days ago),Tide level at sample time,7-day cumulative rainfall,decreasing risk,increasing risk,increasing risk,decreasing risk,decreasing risk,decreasing risk,decreasing risk,increasing risk,increasing risk,increasing risk,increasing risk,decreasing risk,increasing risk,increasing risk,increasing risk,0.0,3.3,18.0,25.6,21.2,18.6,1.04,2.93,0.0,low,15.78
21MABCH-MA693303-1,Revere (DCR)-Oak Island St.,,,2026-09-12,0.1604,Unsafe,,,Rainfall today,Alongshore wind today,Wave height (4 days ago),,,,0.13,False,Wave period (1 day ago),Wave period (2 days ago),Overnight low temperature,Solar radiation today,Seasonal pattern,Rain near combined sewer outfalls,Water temperature (3 days ago),Wind gusts,Low tide level,River discharge,Onshore wave energy (3 days ago),Onshore wave energy today,decreasing risk,increasing risk,increasing risk,decreasing risk,decreasing risk,decreasing risk,increasing risk,increasing risk,decreasing risk,increasing risk,increasing risk,increasing risk,increasing risk,increasing risk,decreasing risk,0.0,2.8,16.0,22.2,21.1,19.1,0.25,3.39,1.0,low,3.96,2026-09-08,0.2479,Unsafe,,,Rain near combined sewer outfalls,Alongshore wind today,River discharge,,,,0.13,False,High tide level,Solar radiation today,River discharge (4 days ago),Yesterday rainfall,Water temperature (5 days ago),Solar radiation (1 day ago),Spring tide conditions,Wind gusts,Seasonal pattern,Rain and high tide combination,Wind speed (2 days ago),Rainfall today,decreasing risk,increasing risk,increasing risk,decreasing risk,increasing risk,increasing risk,decreasing risk,increasing risk,decreasing risk,decreasing risk,increasing risk,increasing risk,decreasing risk,increasing risk,decreasing risk,0.3,5.6,15.0,26.0,19.7,18.8,0.56,3.02,0.0,low,3.96,2026-09-07,0.1931,Unsafe,,,Rainfall today,Wave height,Rain near combined sewer outfalls,,,,0.13,False,Solar radiation (6 days ago),Solar radiation (1 day ago),Alongshore wind today,Low tide level (yesterday),River discharge (4 days ago),Average wave period (4 days ago),Yesterday rainfall,High tide level,Lunar cycle,Onshore wave energy (3 days ago),Solar radiation today,River discharge,decreasing risk,increasing risk,increasing risk,decreasing risk,increasing risk,increasing risk,decreasing risk,increasing risk,increasing risk,decreasing risk,decreasing risk,decreasing risk,increasing risk,increasing risk,increasing risk,0.0,6.1,18.0,25.7,20.7,18.6,1.04,2.93,0.0,low,3.96
21MABCH-MA693303-2,Revere (DCR)-Carey Circle,,,2026-09-12,0.0853,Safe,,,Rainfall today,Wave period (1 day ago),Alongshore wind today,,,,0.13,True,Wave height (4 days ago),7-day cumulative rainfall,Rain near combined sewer outfalls,Solar radiation today,Seasonal pattern,Overnight low temperature,Water temperature (3 days ago),Onshore wave energy (3 days ago),Wind gusts,River discharge,Average wave period,3-day cumulative rainfall,decreasing risk,decreasing risk,increasing risk,increasing risk,decreasing risk,decreasing risk,increasing risk,increasing risk,decreasing risk,increasing risk,increasing risk,increasing risk,increasing risk,increasing risk,decreasing risk,0.0,2.8,16.0,22.2,21.1,19.1,0.25,3.39,1.0,low,2.54,2026-09-08,0.1146,Safe,,,Rainfall today,Rain near combined sewer outfalls,Alongshore wind today,,,,0.13,True,River discharge,Solar radiation today,7-day cumulative rainfall,High tide level,Water temperature (5 days ago),River discharge (4 days ago),Yesterday rainfall,Wave period,Solar radiation (1 day ago),Solar radiation (3 days ago),30-day cumulative rainfall,Wind speed (2 days ago),decreasing risk,decreasing risk,increasing risk,increasing risk,increasing risk,increasing risk,decreasing risk,increasing risk,increasing risk,decreasing risk,decreasing risk,decreasing risk,increasing risk,increasing risk,increasing risk,0.3,5.6,15.0,26.0,19.7,18.8,0.56,3.02,0.0,low,2.54,2026-09-07,0.137,Unsafe,,,Rainfall today,Rain near combined sewer outfalls,Solar radiation (6 days ago),,,,0.13,True,7-day cumulative rainfall,Solar radiation (1 day ago),Wave height,Average wave period (4 days ago),Lunar cycle,Yesterday rainfall,Alongshore wind today,River discharge (4 days ago),Water temperature (5 days ago),High tide level,Low tide level (yesterday),Solar radiation today,decreasing risk,increasing risk,decreasing risk,increasing risk,increasing risk,increasing risk,increasing risk,decreasing risk,decreasing risk,increasing risk,increasing risk,increasing risk,decreasing risk,decreasing risk,increasing risk,0.0,6.1,18.0,25.7,20.7,18.6,1.04,2.93,0.0,low,2.54
21MABCH-MA693303-3,Revere (DCR)-Beach St.,,,2026-09-12,0.0853,Safe,,,Rainfall today,Wave period (1 day ago),Alongshore wind today,,,,0.13,True,Wave height (4 days ago),7-day cumulative rainfall,Wave period (2 days ago),Solar radiation today,Rain near combined sewer outfalls,Seasonal pattern,Overnight low temperature,Water temperature (3 days ago),Wind gusts,River discharge,Average wave period,Solar radiation (1 day ago),decreasing risk,decreasing risk,increasing risk,increasing risk,decreasing risk,decreasing risk,increasing risk,decreasing risk,increasing risk,decreasing risk,increasing risk,increasing risk,increasing risk,increasing risk,decreasing risk,0.0,2.8,16.0,22.2,21.1,19.1,0.25,3.39,1.0,low,2.77,2026-09-08,0.137,Unsafe,,,Rainfall today,Rain near combined sewer outfalls,Alongshore wind today,,,,0.13,True,River discharge,Solar radiation today,River discharge (4 days ago),7-day cumulative rainfall,High tide level,Water temperature (5 days ago),Yesterday rainfall,Solar radiation (3 days ago),30-day cumulative rainfall,Seasonal pattern,Rainfall (7 days ago),Wave height,decreasing risk,decreasing risk,increasing risk,increasing risk,increasing risk,increasing risk,increasing risk,decreasing risk,increasing risk,decreasing risk,increasing risk,increasing risk,increasing risk,increasing risk,increasing risk,0.3,5.6,15.0,26.0,19.7,18.8,0.56,3.02,0.0,low,2.77,2026-09-07,0.1412,Unsafe,,,Rainfall today,Rain near combined sewer outfalls,7-day cumulative rainfall,,,,0.13,True,Solar radiation (1 day ago),Solar radiation (6 days ago),Lunar cycle,Average wave period (4 days ago),River discharge (4 days ago),Yesterday rainfall,Water temperature (5 days ago),High tide level,Alongshore wind today,Onshore wave energy today,Low tide level (yesterday),Solar radiation today,decreasing risk,increasing risk,increasing risk,increasing risk,decreasing risk,decreasing risk,increasing risk,increasing risk,decreasing risk,increasing risk,decreasing risk,increasing risk,increasing risk,decreasing risk,increasing risk,0.0,6.1,18.0,25.7,20.7,18.6,1.04,2.93,0.0,low,2.77
21MABCH-MA693303-4,Revere (DCR)-State Police Barracks,,,2026-09-12,0.0554,Safe,,,Rainfall today,Wave period (1 day ago),Wave period (2 days ago),,,,0.13,True,Alongshore wind today,Wave height (4 days ago),Rain near combined sewer outfalls,Solar radiation today,Seasonal pattern,Overnight low temperature,Water temperature (3 days ago),7-day cumulative rainfall,Onshore wave energy (3 days ago),Wind gusts,30-day cumulative rainfall,Average wave period,decreasing risk,decreasing risk,decreasing risk,increasing risk,increasing risk,decreasing risk,increasing risk,increasing risk,decreasing risk,increasing risk,decreasing risk,increasing risk,increasing risk,increasing risk,increasing risk,0.0,2.8,16.0,22.2,21.1,19.1,0.25,3.39,1.0,low,3.29,2026-09-08,0.0928,Safe,,,Rainfall today,Rain near combined sewer outfalls,High tide level,,,,0.13,True,River discharge,Alongshore wind today,Solar radiation today,Water temperature (5 days ago),River discharge (4 days ago),Wave period (2 days ago),7-day cumulative rainfall,Yesterday rainfall,30-day cumulative rainfall,Solar radiation (3 days ago),Seasonal pattern,Wave height,decreasing risk,decreasing risk,decreasing risk,increasing risk,increasing risk,increasing risk,increasing risk,increasing risk,decreasing risk,increasing risk,decreasing risk,increasing risk,increasing risk,increasing risk,increasing risk,0.3,5.6,15.0,26.0,19.7,18.8,0.56,3.02,0.0,low,3.29,2026-09-07,0.1146,Safe,,,Rainfall today,Rain near combined sewer outfalls,Solar radiation (6 days ago),,,,0.13,True,Wave height,Solar radiation (1 day ago),7-day cumulative rainfall,Average wave period (4 days ago),Water temperature (5 days ago),Lunar cycle,High tide level,Wave period (2 days ago),River discharge (4 days ago),Yesterday rainfall,Low tide level (yesterday),Onshore wave energy today,decreasing risk,increasing risk,decreasing risk,increasing risk,increasing risk,increasing risk,increasing risk,increasing risk,decreasing risk,decreasing risk,decreasing risk,increasing risk,decreasing risk,decreasing risk,increasing risk,0.0,6.1,18.0,25.7,20.7,18.6,1.04,2.93,0.0,low,3.29
MYRWA-BEI093,Belle Isle Inlet at Crystal Avenue in Revere; sampled from end of private dock or by walking across mud to channel,,,2026-09-12,0.2479,Unsafe,,,Rainfall today,Water temperature (3 days ago),River discharge,,,,0.13,True,Wave height (4 days ago),Alongshore wind today,Wave period (1 day ago),Low tide level,Solar radiation today,River discharge (1 day ago),Overnight low temperature,Wind gusts,Onshore wave energy today,Solar radiation (6 days ago),Seasonal pattern,Rain near combined sewer outfalls,decreasing risk,increasing risk,decreasing risk,increasing risk,increasing risk,decreasing risk,increasing risk,increasing risk,increasing risk,decreasing risk,increasing risk,decreasing risk,decreasing risk,increasing risk,decreasing risk,0.0,2.8,16.0,22.2,21.1,19.1,0.25,3.39,1.0,low,2.68,2026-09-08,0.2479,Unsafe,,,River discharge,Rain near combined sewer outfalls,Alongshore wind today,,,,0.13,True,Solar radiation today,High tide level,Air temperature (2 days ago),Yesterday rainfall,Rainfall (7 days ago),Rain and high tide combination,Water temperature (5 days ago),River discharge (1 day ago),Low tide level,Wave period (2 days ago),Water temperature (3 days ago),Seasonal pattern,decreasing risk,decreasing risk,increasing risk,increasing risk,decreasing risk,decreasing risk,decreasing risk,increasing risk,decreasing risk,increasing risk,increasing risk,decreasing risk,decreasing risk,increasing risk,increasing risk,0.3,5.6,15.0,26.0,19.7,18.8,0.56,3.02,0.0,low,2.68,2026-09-07,0.1931,Unsafe,,,Rainfall today,River discharge,Wind speed (3 days ago),,,,0.13,True,Rain near combined sewer outfalls,Solar radiation (1 day ago),Solar radiation (6 days ago),Wave height,Average wave period (4 days ago),High tide level,Rain and high tide combination,Yesterday rainfall,Low tide level (yesterday),Solar radiation today,Solar radiation (3 days ago),Lunar cycle,decreasing risk,decreasing risk,decreasing risk,increasing risk,increasing risk,decreasing risk,increasing risk,increasing risk,decreasing risk,decreasing risk,decreasing risk,decreasing risk,increasing risk,increasing risk,decreasing risk,0.0,6.1,18.0,25.7,20.7,18.6,1.04,2.93,0.0,low,2.68
MYRWA-MIC004,Mill Creek at Broadway Bridge on Chelsea/Revere line; sampled from south east side of Broadway bridge,,,2026-09-12,0.45,Unsafe,,,Rainfall today,Alongshore wind today,Wave period (2 days ago),,,,0.13,True,Wave period (1 day ago),Wave height (4 days ago),Seasonal pattern,Solar radiation today,Wind gusts,Onshore wind (1 day ago),Onshore wave energy today,Overnight low temperature,Low tide level,7-day cumulative rainfall,River discharge,Water temperature (3 days ago),decreasing risk,decreasing risk,decreasing risk,decreasing risk,increasing risk,increasing risk,increasing risk,increasing risk,increasing risk,decreasing risk,decreasing risk,increasing risk,decreasing risk,increasing risk,increasing risk,0.0,2.8,16.0,22.2,21.1,19.1,0.25,3.39,1.0,low,0.96,2026-09-08,0.6842,Unsafe,,,Alongshore wind today,Rain near combined sewer outfalls,Solar radiation today,,,,0.13,True,Wind gusts,Wind direction,River discharge,Onshore wind (1 day ago),High tide level,Rainfall today,Rain and high tide combination,Solar radiation (1 day ago),River discharge (4 days ago),Seasonal pattern,Onshore wind (2 days ago),Water temperature (5 days ago),increasing risk,decreasing risk,increasing risk,increasing risk,decreasing risk,increasing risk,increasing risk,decreasing risk,decreasing risk,decreasing risk,decreasing risk,increasing risk,increasing risk,increasing risk,increasing risk,0.3,5.6,15.0,26.0,19.7,18.8,0.56,3.02,0.0,low,0.96,2026-09-07,0.4902,Unsafe,,,Rainfall today,Wind speed (3 days ago),Alongshore wind today,,,,0.13,True,Solar radiation (1 day ago),Rain near combined sewer outfalls,Solar radiation (6 days ago),Yesterday rainfall,Solar radiation today,Onshore wind (2 days ago),Wind direction,Wind gusts,Average wave period (4 days ago),Wave period (1 day ago),Wind speed,High tide level,decreasing risk,decreasing risk,increasing risk,increasing risk,increasing risk,decreasing risk,decreasing risk,increasing risk,increasing risk,decreasing risk,increasing risk,increasing risk,decreasing risk,increasing risk,decreasing risk,0.0,6.1,18.0,25.7,20.7,18.6,1.04,2.93,0.0,low,0.96
21MABCH-MA186671,Revere,,,2026-09-12,0.0853,Safe,,,Rainfall today,Wave period (1 day ago),Alongshore wind today,,,,0.13,True,Wave height (4 days ago),7-day cumulative rainfall,Wave period (2 days ago),Rain near combined sewer outfalls,Solar radiation today,Seasonal pattern,Overnight low temperature,Water temperature (3 days ago),Onshore wave energy (3 days ago),Wind gusts,River discharge,Average wave period,decreasing risk,decreasing risk,increasing risk,increasing risk,decreasing risk,decreasing risk,decreasing risk,increasing risk,increasing risk,decreasing risk,increasing risk,increasing risk,increasing risk,increasing risk,increasing risk,0.0,2.8,16.0,22.2,21.1,19.1,0.25,3.39,1.0,low,3.96,2026-09-08,0.1412,Unsafe,,,Rainfall today,Rain near combined sewer outfalls,River discharge,,,,0.13,True,Solar radiation today,High tide level,Alongshore wind today,River discharge (4 days ago),7-day cumulative rainfall,Water temperature (5 days ago),Yesterday rainfall,Air temperature (2 days ago),Solar radiation (1 day ago),Rainfall (7 days ago),30-day cumulative rainfall,Wind speed (2 days ago),decreasing risk,decreasing risk,increasing risk,increasing risk,decreasing risk,increasing risk,increasing risk,increasing risk,increasing risk,decreasing risk,decreasing risk,decreasing risk,increasing risk,increasing risk,increasing risk,0.3,5.6,15.0,26.0,19.7,18.8,0.56,3.02,0.0,low,3.96,2026-09-07,0.1448,Unsafe,,,Rainfall today,Rain near combined sewer outfalls,Wave height,,,,0.13,True,Solar radiation (1 day ago),7-day cumulative rainfall,Solar radiation (6 days ago),Low tide level (yesterday),Average wave period (5 days ago),Average wave period (4 days ago),River discharge (4 days ago),Yesterday rainfall,Alongshore wind today,Lunar cycle,High tide level,Solar radiation today,decreasing risk,increasing risk,increasing risk,increasing risk,increasing risk,decreasing risk,decreasing risk,increasing risk,increasing risk,increasing risk,decreasing risk,increasing risk,decreasing risk,decreasing risk,increasing risk,0.0,6.1,18.0,25.7,20.7,18.6,1.04,2.93,0.0,low,3.96
21MABCH-MA227000,Revere,,,2026-09-12,0.0554,Safe,,,Rainfall today,Wave period (1 day ago),Alongshore wind today,,,,0.13,True,Solar radiation today,Wave height (4 days ago),Seasonal pattern,Rain near combined sewer outfalls,Overnight low temperature,Water temperature (3 days ago),Wave period (2 days ago),Onshore wave energy (3 days ago),Solar radiation (6 days ago),Low tide level,Wind gusts,30-day cumulative rainfall,decreasing risk,decreasing risk,increasing risk,increasing risk,increasing risk,increasing risk,decreasing risk,decreasing risk,increasing risk,decreasing risk,increasing risk,decreasing risk,increasing risk,increasing risk,increasing risk,0.0,2.8,16.0,22.2,21.1,19.1,0.25,3.39,1.0,low,2.54,2026-09-08,0.0928,Safe,,,Rainfall today,Rain near combined sewer outfalls,High tide level,,,,0.13,True,Alongshore wind today,River discharge,Solar radiation today,Water temperature (5 days ago),Wave period (2 days ago),7-day cumulative rainfall,Yesterday rainfall,River discharge (4 days ago),30-day cumulative rainfall,Solar radiation (3 days ago),Seasonal pattern,Wave period,decreasing risk,decreasing risk,decreasing risk,increasing risk,increasing risk,increasing risk,increasing risk,decreasing risk,increasing risk,decreasing risk,increasing risk,increasing risk,increasing risk,increasing risk,decreasing risk,0.3,5.6,15.0,26.0,19.7,18.8,0.56,3.02,0.0,low,2.54,2026-09-07,0.0928,Safe,,,Rainfall today,Solar radiation (6 days ago),Rain near combined sewer outfalls,,,,0.13,True,Solar radiation (1 day ago),Wave height,7-day cumulative rainfall,Water temperature (5 days ago),Lunar cycle,Average wave period (4 days ago),High tide level,Wave period (2 days ago),Yesterday rainfall,Low tide level (yesterday),Alongshore wind today,Onshore wave energy today,decreasing risk,decreasing risk,increasing risk,increasing risk,increasing risk,increasing risk,increasing risk,decreasing risk,increasing risk,decreasing risk,decreasing risk,decreasing risk,decreasing risk,increasing risk,increasing risk,0.0,6.1,18.0,25.7,20.7,18.6,1.04,2.93,0.0,low,2.54
21MABCH-MA198444,Revere,,,2026-09-12,0.0711,Safe,,,Rainfall today,Wave period (1 day ago),Alongshore wind today,,,,0.13,True,Wave period (2 days ago),Solar radiation today,Wave height (4 days ago),Seasonal pattern,Overnight low temperature,Rain near combined sewer outfalls,Water temperature (3 days ago),Low tide level,Wind gusts,Water temperature,30-day cumulative rainfall,High tide level (yesterday),decreasing risk,decreasing risk,increasing risk,decreasing risk,increasing risk,increasing risk,increasing risk,decreasing risk,decreasing risk,increasing risk,increasing risk,increasing risk,increasing risk,increasing risk,decreasing risk,0.0,2.8,16.0,22.2,21.1,19.1,0.25,3.39,1.0,low,2.77,2026-09-08,0.1146,Safe,,,Rainfall today,Rain near combined sewer outfalls,Alongshore wind today,,,,0.13,True,High tide level,River discharge,Solar radiation today,Water temperature (5 days ago),River discharge (4 days ago),Wave period (2 days ago),7-day cumulative rainfall,Yesterday rainfall,Solar radiation (3 days ago),30-day cumulative rainfall,Seasonal pattern,Wave height,decreasing risk,decreasing risk,increasing risk,decreasing risk,increasing risk,increasing risk,increasing risk,increasing risk,decreasing risk,increasing risk,decreasing risk,increasing risk,increasing risk,increasing risk,increasing risk,0.3,5.6,15.0,26.0,19.7,18.8,0.56,3.02,0.0,low,2.77,2026-09-07,0.1146,Safe,,,Rainfall today,Rain near combined sewer outfalls,Solar radiation (6 days ago),,,,0.13,True,Solar radiation (1 day ago),7-day cumulative rainfall,Lunar cycle,Average wave period (4 days ago),Water temperature (5 days ago),High tide level,Yesterday rainfall,River discharge (4 days ago),Onshore wave energy today,Low tide level (yesterday),Wave period (2 days ago),Alongshore wind today,decreasing risk,increasing risk,decreasing risk,increasing risk,increasing risk,decreasing risk,increasing risk,increasing risk,decreasing risk,decreasing risk,increasing risk,increasing risk,decreasing risk,decreasing risk,increasing risk,0.0,6.1,18.0,25.7,20.7,18.6,1.04,2.93,0.0,low,2.77
21MABCH-MA809018,Revere,,,2026-09-12,0.0554,Safe,,,Rainfall today,Wave period (1 day ago),Wave period (2 days ago),,,,0.13,True,Alongshore wind today,Solar radiation today,Wave height (4 days ago),Seasonal pattern,Rain near combined sewer outfalls,Overnight low temperature,Water temperature (3 days ago),Solar radiation (6 days ago),Onshore wave energy (3 days ago),Low tide level,Wind gusts,30-day cumulative rainfall,decreasing risk,decreasing risk,decreasing risk,increasing risk,increasing risk,increasing risk,increasing risk,decreasing risk,decreasing risk,increasing risk,decreasing risk,increasing risk,increasing risk,increasing risk,increasing risk,0.0,2.8,16.0,22.2,21.1,19.1,0.25,3.39,1.0,low,3.29,2026-09-08,0.1412,Unsafe,,,Rain near combined sewer outfalls,Rainfall today,River discharge,,,,0.13,True,Solar radiation today,High tide level,Alongshore wind today,River discharge (4 days ago),7-day cumulative rainfall,Water temperature (5 days ago),Yesterday rainfall,Air temperature (2 days ago),Solar radiation (1 day ago),Rainfall (7 days ago),Solar radiation (3 days ago),30-day cumulative rainfall,decreasing risk,decreasing risk,increasing risk,increasing risk,decreasing risk,increasing risk,increasing risk,increasing risk,increasing risk,decreasing risk,decreasing risk,decreasing risk,increasing risk,increasing risk,increasing risk,0.3,5.6,15.0,26.0,19.7,18.8,0.56,3.02,0.0,low,3.29,2026-09-07,0.1448,Unsafe,,,Rainfall today,Rain near combined sewer outfalls,Wave height,,,,0.13,True,Solar radiation (1 day ago),7-day cumulative rainfall,Solar radiation (6 days ago),Low tide level (yesterday),Average wave period (4 days ago),Average wave period (5 days ago),River discharge (4 days ago),Yesterday rainfall,Lunar cycle,Alongshore wind today,Onshore wave energy today,High tide level,decreasing risk,increasing risk,increasing risk,increasing risk,increasing risk,decreasing risk,decreasing risk,increasing risk,increasing risk,increasing risk,decreasing risk,decreasing risk,increasing risk,increasing risk,decreasing risk,0.0,6.1,18.0,25.7,20.7,18.6,1.04,2.93,0.0,low,3.29
21MABCH-MA289542-2,Constitution (DCR)-North,,,2026-09-12,0.0853,Unsafe,,,Rainfall today,Water temperature (3 days ago),River discharge,,,,0.08,False,Wave period (1 day ago),7-day cumulative rainfall,Wave height (4 days ago),Tide level at sample time,Wind gusts,Solar radiation today,Low tide level,River discharge (1 day ago),Low tide level (yesterday),Overnight low temperature,Air temperature (2 days ago),Alongshore wind today,decreasing risk,increasing risk,decreasing risk,decreasing risk,decreasing risk,increasing risk,decreasing risk,increasing risk,increasing risk,increasing risk,increasing risk,increasing risk,decreasing risk,increasing risk,increasing risk,0.0,2.8,16.0,22.2,21.1,19.1,0.25,3.39,1.0,low,1.51,2026-09-08,0.0853,Unsafe,,,River discharge,Rain near combined sewer outfalls,Rainfall today,,,,0.08,False,Solar radiation today,Air temperature (2 days ago),7-day cumulative rainfall,Water temperature (5 days ago),Rainfall (7 days ago),Water temperature (3 days ago),Yesterday rainfall,Wind gusts,Tide level at sample time,Hours since high tide,Low tide level,Onshore wind (2 days ago),decreasing risk,decreasing risk,decreasing risk,increasing risk,decreasing risk,increasing risk,increasing risk,increasing risk,increasing risk,decreasing risk,increasing risk,decreasing risk,decreasing risk,decreasing risk,increasing risk,0.3,5.6,15.0,26.0,19.7,18.8,0.56,3.02,0.0,low,1.51,2026-09-07,0.0928,Unsafe,,,Rainfall today,Rain near combined sewer outfalls,River discharge,,,,0.08,False,Wave height,7-day cumulative rainfall,Solar radiation (1 day ago),Tide level at sample time,Solar radiation (6 days ago),Water temperature (5 days ago),Low tide level (yesterday),Average wave period (4 days ago),High tide level,Solar radiation today,Yesterday rainfall,Lunar cycle,decreasing risk,increasing risk,decreasing risk,increasing risk,increasing risk,increasing risk,increasing risk,decreasing risk,increasing risk,decreasing risk,increasing risk,decreasing risk,increasing risk,decreasing risk,decreasing risk,0.0,6.1,18.0,25.7,20.7,18.6,1.04,2.93,0.0,low,1.51
21MABCH-MA289542-1,Constitution (DCR)-Middle,,,2026-09-12,0.0451,Safe,,,Rainfall today,Wave period (1 day ago),Water temperature (3 days ago),,,,0.08,True,River discharge,Tide level at sample time,Wave height (4 days ago),Solar radiation today,Wave period (2 days ago),Wind gusts,Wind speed (2 days ago),Alongshore wind today,Low tide level,River discharge (1 day ago),Air temperature (4 days ago),Solar radiation (6 days ago),decreasing risk,decreasing risk,increasing risk,decreasing risk,decreasing risk,increasing risk,increasing risk,decreasing risk,increasing risk,decreasing risk,increasing risk,increasing risk,increasing risk,increasing risk,decreasing risk,0.0,2.8,16.0,22.2,21.1,19.1,0.25,3.39,1.0,low,1.44,2026-09-08,0.0549,Safe,,,Rainfall today,River discharge,Solar radiation today,,,,0.08,True,Water temperature (5 days ago),Rain near combined sewer outfalls,Onshore wind (2 days ago),Wave period (2 days ago),High tide level,Wind gusts,Alongshore wind today,Water temperature (3 days ago),Yesterday rainfall,30-day cumulative rainfall,River discharge (1 day ago),7-day cumulative rainfall,decreasing risk,decreasing risk,increasing risk,increasing risk,decreasing risk,increasing risk,decreasing risk,decreasing risk,increasing risk,increasing risk,increasing risk,decreasing risk,increasing risk,increasing risk,increasing risk,0.3,5.6,15.0,26.0,19.7,18.8,0.56,3.02,0.0,low,1.44,2026-09-07,0.0554,Safe,,,Rainfall today,River discharge,Rain near combined sewer outfalls,,,,0.08,True,Average wave period (4 days ago),Solar radiation (6 days ago),Tide level at sample time,Wave height,Water temperature (5 days ago),Solar radiation (1 day ago),High tide level,Solar radiation today,Onshore wave energy (1 day ago),Yesterday rainfall,Wave period (2 days ago),Low tide level (yesterday),decreasing risk,decreasing risk,increasing risk,increasing risk,decreasing risk,increasing risk,increasing risk,increasing risk,increasing risk,decreasing risk,increasing risk,increasing risk,decreasing risk,decreasing risk,decreasing risk,0.0,6.1,18.0,25.7,20.7,18.6,1.04,2.93,0.0,low,1.44
21MABCH-MA289542-3,Constitution (DCR)-Rec Center,,,2026-09-12,0.0451,Safe,,,Rainfall today,Water temperature (3 days ago),Wave period (1 day ago),,,,0.08,True,River discharge,Solar radiation today,Tide level at sample time,Seasonal pattern,Wave height (4 days ago),Wind speed (2 days ago),Wave period (2 days ago),Wind gusts,Alongshore wind today,River discharge (1 day ago),Solar radiation (6 days ago),Wave period (4 days ago),decreasing risk,increasing risk,decreasing risk,decreasing risk,increasing risk,decreasing risk,increasing risk,increasing risk,decreasing risk,decreasing risk,increasing risk,increasing risk,increasing risk,decreasing risk,increasing risk,0.0,2.8,16.0,22.2,21.1,19.1,0.25,3.39,1.0,low,1.33,2026-09-08,0.0549,Safe,,,Rainfall today,River discharge,Solar radiation today,,,,0.08,True,Water temperature (5 days ago),Rain near combined sewer outfalls,Seasonal pattern,Onshore wind (2 days ago),Wave period (2 days ago),High tide level,Wind gusts,Water temperature (3 days ago),Yesterday rainfall,Alongshore wind today,30-day cumulative rainfall,River discharge (1 day ago),decreasing risk,decreasing risk,increasing risk,increasing risk,decreasing risk,increasing risk,increasing risk,decreasing risk,decreasing risk,increasing risk,increasing risk,decreasing risk,increasing risk,increasing risk,increasing risk,0.3,5.6,15.0,26.0,19.7,18.8,0.56,3.02,0.0,low,1.33,2026-09-07,0.0549,Safe,,,Rainfall today,River discharge,Solar radiation (6 days ago),,,,0.08,True,Average wave period (4 days ago),Tide level at sample time,Rain near combined sewer outfalls,Wave height,Water temperature (5 days ago),Solar radiation (1 day ago),High tide level,Solar radiation today,Seasonal pattern,Onshore wave energy (1 day ago),Yesterday rainfall,Wave period (2 days ago),decreasing risk,decreasing risk,decreasing risk,increasing risk,increasing risk,increasing risk,increasing risk,increasing risk,increasing risk,decreasing risk,increasing risk,increasing risk,increasing risk,decreasing risk,decreasing risk,0.0,6.1,18.0,25.7,20.7,18.6,1.04,2.93,0.0,low,1.33
21MABCH-MA738501,Constitution,,,2026-09-12,0.0549,Safe,,,Rainfall today,Wave period (1 day ago),Water temperature (3 days ago),,,,0.08,True,River discharge,7-day cumulative rainfall,Wave height (4 days ago),Tide level at sample time,Wind gusts,Wind speed (2 days ago),Rain near combined sewer outfalls,Solar radiation today,Alongshore wind today,River discharge (1 day ago),Air temperature (4 days ago),Seasonal pattern,decreasing risk,decreasing risk,increasing risk,decreasing risk,decreasing risk,increasing risk,decreasing risk,increasing risk,decreasing risk,decreasing risk,increasing risk,increasing risk,increasing risk,increasing risk,increasing risk,0.0,2.8,16.0,22.2,21.1,19.1,0.25,3.39,1.0,low,1.44,2026-09-08,0.0853,Unsafe,,,River discharge,Rain near combined sewer outfalls,Solar radiation today,,,,0.08,True,Rainfall today,Air temperature (2 days ago),Yesterday rainfall,7-day cumulative rainfall,Onshore wind (2 days ago),Water temperature (5 days ago),Alongshore wind today,Onshore wave energy (1 day ago),High tide level,Wind gusts,Rainfall (7 days ago),Water temperature (3 days ago),decreasing risk,decreasing risk,increasing risk,decreasing risk,decreasing risk,decreasing risk,increasing risk,increasing risk,increasing risk,increasing risk,increasing risk,decreasing risk,increasing risk,increasing risk,increasing risk,0.3,5.6,15.0,26.0,19.7,18.8,0.56,3.02,0.0,low,1.44,2026-09-07,0.1146,Unsafe,,,Rainfall today,Wave height,River discharge,,,,0.08,True,Rain near combined sewer outfalls,7-day cumulative rainfall,Average wave period (4 days ago),Solar radiation (6 days ago),Solar radiation (1 day ago),Tide level at sample time,Low tide level (yesterday),Onshore wave energy (1 day ago),Yesterday rainfall,High tide level,Hours since high tide,Solar radiation today,decreasing risk,increasing risk,decreasing risk,increasing risk,increasing risk,increasing risk,decreasing risk,increasing risk,increasing risk,decreasing risk,increasing risk,decreasing risk,decreasing risk,decreasing risk,increasing risk,0.0,6.1,18.0,25.7,20.7,18.6,1.04,2.93,0.0,low,1.44
21MABCH-MA780232,Constitution,,,2026-09-12,0.0549,Safe,,,Rainfall today,Wave period (1 day ago),Water temperature (3 days ago),,,,0.08,True,River discharge,Tide level at sample time,Wave height (4 days ago),7-day cumulative rainfall,Wave period (2 days ago),Wind gusts,Alongshore wind today,Solar radiation today,Rain near combined sewer outfalls,River discharge (1 day ago),Low tide level,Seasonal pattern,decreasing risk,decreasing risk,increasing risk,decreasing risk,decreasing risk,increasing risk,decreasing risk,decreasing risk,increasing risk,increasing risk,increasing risk,decreasing risk,increasing risk,increasing risk,increasing risk,0.0,2.8,16.0,22.2,21.1,19.1,0.25,3.39,1.0,low,1.51,2026-09-08,0.0928,Unsafe,,,River discharge,Rain near combined sewer outfalls,Solar radiation today,,,,0.08,True,Rainfall today,Air temperature (2 days ago),7-day cumulative rainfall,Yesterday rainfall,Alongshore wind today,Water temperature (5 days ago),Rainfall (7 days ago),Wind gusts,Low tide level,Tide level at sample time,Hours since high tide,Water temperature (3 days ago),decreasing risk,decreasing risk,increasing risk,decreasing risk,decreasing risk,increasing risk,decreasing risk,increasing risk,increasing risk,increasing risk,increasing risk,decreasing risk,decreasing risk,decreasing risk,increasing risk,0.3,5.6,15.0,26.0,19.7,18.8,0.56,3.02,0.0,low,1.51,2026-09-07,0.137,Unsafe,,,Rainfall today,Rain near combined sewer outfalls,River discharge,,,,0.08,True,7-day cumulative rainfall,Wave height,Solar radiation (1 day ago),Solar radiation (6 days ago),Tide level at sample time,Low tide level (yesterday),Average wave period (4 days ago),Yesterday rainfall,High tide level,Solar radiation today,Hours since high tide,Lunar cycle,decreasing risk,increasing risk,decreasing risk,increasing risk,increasing risk,increasing risk,decreasing risk,increasing risk,decreasing risk,increasing risk,decreasing risk,decreasing risk,increasing risk,decreasing risk,decreasing risk,0.0,6.1,18.0,25.7,20.7,18.6,1.04,2.93,0.0,low,1.51
21MABCH-MA187787,Constitution,,,2026-09-12,0.0451,Safe,,,Rainfall today,Water temperature (3 days ago),Wave period (1 day ago),,,,0.08,True,River discharge,Solar radiation today,Tide level at sample time,Seasonal pattern,Wave height (4 days ago),Wind speed (2 days ago),Wave period (2 days ago),Wind gusts,Alongshore wind today,River discharge (1 day ago),Solar radiation (6 days ago),Wave period (4 days ago),decreasing risk,increasing risk,decreasing risk,decreasing risk,increasing risk,decreasing risk,increasing risk,increasing risk,decreasing risk,decreasing risk,increasing risk,increasing risk,increasing risk,decreasing risk,increasing risk,0.0,2.8,16.0,22.2,21.1,19.1,0.25,3.39,1.0,low,1.33,2026-09-08,0.0853,Unsafe,,,River discharge,Rainfall today,Rain near combined sewer outfalls,,,,0.08,True,Solar radiation today,Air temperature (2 days ago),7-day cumulative rainfall,Seasonal pattern,Onshore wind (2 days ago),Water temperature (5 days ago),Onshore wave energy (1 day ago),Water temperature (3 days ago),Yesterday rainfall,Rainfall (7 days ago),Wind gusts,Average wave period (4 days ago),decreasing risk,decreasing risk,decreasing risk,increasing risk,decreasing risk,increasing risk,increasing risk,increasing risk,increasing risk,increasing risk,increasing risk,decreasing risk,increasing risk,increasing risk,decreasing risk,0.3,5.6,15.0,26.0,19.7,18.8,0.56,3.02,0.0,low,1.33,2026-09-07,0.1058,Unsafe,,,Rainfall today,River discharge,Wave height,,,,0.08,True,Rain near combined sewer outfalls,7-day cumulative rainfall,Average wave period (4 days ago),Solar radiation (6 days ago),Tide level at sample time,Solar radiation (1 day ago),Low tide level (yesterday),Onshore wave energy (1 day ago),Seasonal pattern,Yesterday rainfall,High tide level,Solar radiation today,decreasing risk,decreasing risk,increasing risk,increasing risk,increasing risk,increasing risk,decreasing risk,increasing risk,increasing risk,decreasing risk,increasing risk,increasing risk,decreasing risk,decreasing risk,increasing risk,0.0,6.1,18.0,25.7,20.7,18.6,1.04,2.93,0.0,low,1.33
21MABCH-MA570977-1,Winthrop Beach (DCR) - Location 1,,,2026-09-12,0.0928,Safe,,,Rainfall today,Wave period (1 day ago),River discharge,,,,0.13,False,Water temperature (3 days ago),Alongshore wind today,Wave height (4 days ago),Low tide level,Solar radiation today,Solar radiation (6 days ago),7-day cumulative rainfall,Rain near combined sewer outfalls,Wind gusts,River discharge (1 day ago),Seasonal pattern,Low tide level (yesterday),decreasing risk,decreasing risk,decreasing risk,increasing risk,increasing risk,increasing risk,increasing risk,increasing risk,decreasing risk,decreasing risk,decreasing risk,increasing risk,increasing risk,decreasing risk,increasing risk,0.0,2.8,16.0,22.2,21.1,19.1,0.25,3.39,1.0,low,4.66,2026-09-08,0.137,Unsafe,,,Rainfall today,River discharge,Rain near combined sewer outfalls,,,,0.13,False,Solar radiation today,Water temperature (5 days ago),Alongshore wind today,High tide level,River discharge (1 day ago),Yesterday rainfall,Rainfall (7 days ago),Wind speed (3 days ago),Wave height (5 days ago),Wind speed (2 days ago),Low tide level,Water temperature (3 days ago),decreasing risk,decreasing risk,decreasing risk,increasing risk,increasing risk,increasing risk,decreasing risk,increasing risk,decreasing risk,increasing risk,increasing risk,increasing risk,increasing risk,decreasing risk,increasing risk,0.3,5.6,15.0,26.0,19.7,18.8,0.56,3.02,0.0,low,4.66,2026-09-07,0.0928,Safe,,,Rainfall today,Rain near combined sewer outfalls,River discharge,,,,0.13,False,Solar radiation (6 days ago),Solar radiation (1 day ago),Wave height,Average wave period (4 days ago),Lunar cycle,Solar radiation today,High tide level,Yesterday rainfall,7-day cumulative rainfall,Onshore wind (2 days ago),Onshore wave energy today,6-day cumulative rainfall,decreasing risk,increasing risk,decreasing risk,decreasing risk,increasing risk,increasing risk,increasing risk,decreasing risk,increasing risk,decreasing risk,decreasing risk,increasing risk,increasing risk,increasing risk,increasing risk,0.0,6.1,18.0,25.7,20.7,18.6,1.04,2.93,0.0,low,4.66
21MABCH-MA667947-1,Short (DCR) - Location 1,,,2026-09-12,0.3178,Unsafe,,,Rainfall today,Alongshore wind today,River discharge,,,,0.13,False,Wave period (1 day ago),Wave height (4 days ago),Low tide level,Water temperature (3 days ago),Solar radiation today,Overnight low temperature,River discharge (1 day ago),Wind gusts,Solar radiation (6 days ago),Seasonal pattern,Wind speed (2 days ago),Onshore wave energy (3 days ago),decreasing risk,increasing risk,decreasing risk,decreasing risk,increasing risk,increasing risk,increasing risk,increasing risk,decreasing risk,increasing risk,increasing risk,decreasing risk,increasing risk,decreasing risk,increasing risk,0.0,2.8,16.0,22.2,21.1,19.1,0.25,3.39,1.0,low,3.14,2026-09-08,0.3957,Unsafe,,,River discharge,Rain near combined sewer outfalls,Solar radiation today,,,,0.13,False,Alongshore wind today,Air temperature (2 days ago),Low tide level,Rainfall (7 days ago),River discharge (1 day ago),High tide level,Rainfall today,Wind speed (2 days ago),Yesterday rainfall,Water temperature (5 days ago),Seasonal pattern,Water temperature (3 days ago),decreasing risk,decreasing risk,increasing risk,increasing risk,decreasing risk,decreasing risk,increasing risk,increasing risk,decreasing risk,decreasing risk,increasing risk,decreasing risk,increasing risk,increasing risk,increasing risk,0.3,5.6,15.0,26.0,19.7,18.8,0.56,3.02,0.0,low,3.14,2026-09-07,0.2479,Unsafe,,,Rainfall today,River discharge,Wave height,,,,0.13,False,Solar radiation (6 days ago),Solar radiation (1 day ago),Rain near combined sewer outfalls,Average wave period (4 days ago),Lunar cycle,High tide level,Yesterday rainfall,Solar radiation today,Low tide level (yesterday),Solar radiation (3 days ago),Onshore wave energy today,Onshore wave energy (3 days ago),decreasing risk,decreasing risk,increasing risk,decreasing risk,increasing risk,increasing risk,increasing risk,decreasing risk,decreasing risk,decreasing risk,increasing risk,decreasing risk,increasing risk,increasing risk,increasing risk,0.0,6.1,18.0,25.7,20.7,18.6,1.04,2.93,0.0,low,3.14
21MABCH-MA053694-1,Short - Location 1,,,2026-09-12,0.0554,Safe,,,Rainfall today,Water temperature (3 days ago),Wave period (1 day ago),,,,0.13,True,River discharge,Alongshore wind today,Solar radiation today,Wave height (4 days ago),Solar radiation (3 days ago),River discharge (1 day ago),Overnight low temperature,Solar radiation (6 days ago),Wave period (2 days ago),Water temperature,Wave height,Rain near combined sewer outfalls,decreasing risk,increasing risk,decreasing risk,decreasing risk,increasing risk,increasing risk,increasing risk,increasing risk,increasing risk,decreasing risk,decreasing risk,decreasing risk,increasing risk,decreasing risk,decreasing risk,0.0,3.3,18.0,21.2,21.1,19.1,0.25,3.39,1.0,low,3.55,2026-09-08,0.0853,Safe,,,Rain near combined sewer outfalls,River discharge,High tide level,,,,0.13,True,Solar radiation today,Wave period (2 days ago),Alongshore wind today,Water temperature (5 days ago),Yesterday rainfall,30-day cumulative rainfall,Solar radiation (3 days ago),Wave height (4 days ago),Onshore wind (2 days ago),Solar radiation (1 day ago),7-day cumulative rainfall,Water temperature (3 days ago),decreasing risk,decreasing risk,decreasing risk,increasing risk,decreasing risk,increasing risk,increasing risk,decreasing risk,increasing risk,increasing risk,decreasing risk,increasing risk,decreasing risk,increasing risk,increasing risk,0.5,5.9,16.0,25.8,20.0,18.8,0.56,3.02,0.0,low,3.55,2026-09-07,0.0845,Safe,,,Rainfall today,River discharge,Wave height,,,,0.13,True,Solar radiation (1 day ago),Solar radiation (6 days ago),Onshore wind (2 days ago),Rain near combined sewer outfalls,High tide level,Lunar cycle,Rain and high tide combination,Water temperature (5 days ago),Average wave period (4 days ago),7-day cumulative rainfall,Solar radiation today,Low tide level (yesterday),decreasing risk,decreasing risk,increasing risk,increasing risk,decreasing risk,increasing risk,increasing risk,decreasing risk,decreasing risk,increasing risk,increasing risk,increasing risk,increasing risk,increasing risk,decreasing risk,0.0,6.5,17.0,25.9,20.7,18.6,1.04,2.93,0.0,low,3.55
21MABCH-MA667947,Short,,,2026-09-12,0.0554,Safe,,,Rainfall today,Wave period (1 day ago),River discharge,,,,0.13,True,Water temperature (3 days ago),Alongshore wind today,Solar radiation today,Wave height (4 days ago),Solar radiation (6 days ago),Wave period (2 days ago),Low tide level,River discharge (1 day ago),Rain near combined sewer outfalls,30-day cumulative rainfall,Overnight low temperature,Seasonal pattern,decreasing risk,decreasing risk,decreasing risk,increasing risk,increasing risk,increasing risk,increasing risk,decreasing risk,decreasing risk,increasing risk,increasing risk,decreasing risk,increasing risk,decreasing risk,increasing risk,0.0,2.8,16.0,22.2,21.1,19.1,0.25,3.39,1.0,low,3.14,2026-09-08,0.1147,Safe,,,Rain near combined sewer outfalls,River discharge,Rainfall today,,,,0.13,True,Air temperature (2 days ago),Solar radiation today,7-day cumulative rainfall,High tide level,Water temperature (5 days ago),Rainfall (7 days ago),Yesterday rainfall,Alongshore wind today,Low tide level,River discharge (1 day ago),30-day cumulative rainfall,Water temperature (3 days ago),decreasing risk,decreasing risk,decreasing risk,decreasing risk,increasing risk,increasing risk,decreasing risk,increasing risk,increasing risk,decreasing risk,increasing risk,decreasing risk,increasing risk,increasing risk,increasing risk,0.3,5.6,15.0,26.0,19.7,18.8,0.56,3.02,0.0,low,3.14,2026-09-07,0.137,Unsafe,,,Rainfall today,Rain near combined sewer outfalls,River discharge,,,,0.13,True,7-day cumulative rainfall,Solar radiation (1 day ago),Wave height,Solar radiation (6 days ago),Low tide level (yesterday),Average wave period (4 days ago),High tide level,Onshore wave energy today,Yesterday rainfall,Lunar cycle,Water temperature (5 days ago),Solar radiation today,decreasing risk,increasing risk,decreasing risk,increasing risk,increasing risk,increasing risk,decreasing risk,decreasing risk,increasing risk,decreasing risk,increasing risk,decreasing risk,decreasing risk,increasing risk,increasing risk,0.0,6.1,18.0,25.7,20.7,18.6,1.04,2.93,0.0,low,3.14
21MABCH-MA053694,Short,,,2026-09-12,0.0554,Safe,,,Rainfall today,Water temperature (3 days ago),Wave period (1 day ago),,,,0.13,True,River discharge,Alongshore wind today,Solar radiation today,Wave height (4 days ago),Solar radiation (3 days ago),River discharge (1 day ago),Overnight low temperature,Solar radiation (6 days ago),Wave period (2 days ago),Water temperature,Wave height,Rain near combined sewer outfalls,decreasing risk,increasing risk,decreasing risk,decreasing risk,increasing risk,increasing risk,increasing risk,increasing risk,increasing risk,decreasing risk,decreasing risk,decreasing risk,increasing risk,decreasing risk,decreasing risk,0.0,3.3,18.0,21.2,21.1,19.1,0.25,3.39,1.0,low,3.55,2026-09-08,0.1147,Safe,,,Rain near combined sewer outfalls,River discharge,Solar radiation today,,,,0.13,True,High tide level,Yesterday rainfall,Solar radiation (1 day ago),Water temperature (5 days ago),Alongshore wind today,Low tide level,Air temperature (2 days ago),Rainfall (7 days ago),30-day cumulative rainfall,Solar radiation (3 days ago),Wave period (2 days ago),7-day cumulative rainfall,decreasing risk,decreasing risk,increasing risk,decreasing risk,decreasing risk,decreasing risk,increasing risk,increasing risk,decreasing risk,decreasing risk,increasing risk,increasing risk,increasing risk,decreasing risk,increasing risk,0.5,5.9,16.0,25.8,20.0,18.8,0.56,3.02,0.0,low,3.55,2026-09-07,0.137,Unsafe,,,Rainfall today,Wave height,Rain near combined sewer outfalls,,,,0.13,True,River discharge,7-day cumulative rainfall,Solar radiation (1 day ago),Solar radiation (6 days ago),Low tide level (yesterday),Average wave period (4 days ago),High tide level,Average wave period (5 days ago),Rain and high tide combination,Lunar cycle,Water temperature (5 days ago),Onshore wind (2 days ago),decreasing risk,increasing risk,increasing risk,decreasing risk,increasing risk,increasing risk,decreasing risk,decreasing risk,increasing risk,decreasing risk,increasing risk,increasing risk,decreasing risk,increasing risk,increasing risk,0.0,6.5,17.0,25.9,20.7,18.6,1.04,2.93,0.0,low,3.55
21MABCH-MA957964-1,Wollaston @ Channing Street (DCR) - Location 1,,,2026-09-12,0.1448,Safe,,,Rainfall today,River discharge,Water temperature (3 days ago),,,,0.18,False,Wave period (1 day ago),Solar radiation today,Wave height (4 days ago),Rain near combined sewer outfalls,Wave height,River discharge (1 day ago),Solar radiation (6 days ago),Solar radiation (3 days ago),Seasonal pattern,Alongshore wind today,Low tide level,Wind speed (2 days ago),decreasing risk,decreasing risk,increasing risk,decreasing risk,increasing risk,increasing risk,decreasing risk,decreasing risk,increasing risk,decreasing risk,increasing risk,decreasing risk,increasing risk,increasing risk,decreasing risk,0.0,2.7,16.0,24.8,21.0,19.1,0.25,3.39,1.0,low,5.79,2026-09-08,0.137,Safe,,,Rainfall today,River discharge,Rain near combined sewer outfalls,,,,0.18,False,Solar radiation today,Air temperature (2 days ago),High tide level,Water temperature (5 days ago),Low tide level,River discharge (1 day ago),Solar radiation (3 days ago),Hours since high tide,Spring tide conditions,Rainfall (7 days ago),Alongshore wind today,Yesterday rainfall,decreasing risk,decreasing risk,decreasing risk,increasing risk,decreasing risk,decreasing risk,increasing risk,decreasing risk,increasing risk,increasing risk,decreasing risk,decreasing risk,increasing risk,increasing risk,decreasing risk,0.0,4.0,17.0,26.4,20.5,18.8,0.56,3.02,0.0,low,5.79,2026-09-07,0.1448,Safe,,,Rainfall today,Wave height,Rain near combined sewer outfalls,,,,0.18,False,Solar radiation (6 days ago),River discharge,Solar radiation (1 day ago),7-day cumulative rainfall,Low tide level (yesterday),Average wave period (4 days ago),Rain and high tide combination,High tide level,Lunar cycle,Solar radiation today,Tidal range,Hours since high tide,decreasing risk,increasing risk,increasing risk,decreasing risk,decreasing risk,increasing risk,increasing risk,decreasing risk,increasing risk,increasing risk,decreasing risk,decreasing risk,increasing risk,decreasing risk,decreasing risk,0.0,4.4,18.0,26.0,20.9,18.6,1.04,2.93,0.0,low,5.79
21MABCH-MA203090-1,Wollaston @ Milton Street (DCR) - Location 1,,,2026-09-12,0.0928,Safe,,,Rainfall today,River discharge,Wave period (1 day ago),,,,0.18,True,Water temperature (3 days ago),7-day cumulative rainfall,Solar radiation today,Wave height (4 days ago),Rain near combined sewer outfalls,River discharge (1 day ago),Solar radiation (6 days ago),Wave height,Seasonal pattern,Alongshore wind today,Solar radiation (3 days ago),Air temperature (2 days ago),decreasing risk,decreasing risk,decreasing risk,increasing risk,decreasing risk,increasing risk,increasing risk,decreasing risk,increasing risk,decreasing risk,decreasing risk,decreasing risk,increasing risk,increasing risk,increasing risk,0.0,2.7,16.0,24.8,21.0,19.1,0.25,3.39,1.0,low,5.47,2026-09-08,0.0897,Safe,,,Rainfall today,Rain near combined sewer outfalls,River discharge,,,,0.18,True,Air temperature (2 days ago),Water temperature (5 days ago),Solar radiation today,7-day cumulative rainfall,High tide level,Rainfall (7 days ago),Water temperature (3 days ago),Solar radiation (3 days ago),River discharge (1 day ago),Low tide level,Hours since high tide,Yesterday rainfall,decreasing risk,decreasing risk,decreasing risk,decreasing risk,increasing risk,increasing risk,increasing risk,decreasing risk,increasing risk,increasing risk,increasing risk,increasing risk,decreasing risk,decreasing risk,decreasing risk,0.0,4.0,17.0,26.4,20.5,18.8,0.56,3.02,0.0,low,5.47,2026-09-07,0.1448,Safe,,,Rainfall today,Wave height,Rain near combined sewer outfalls,,,,0.18,True,Solar radiation (1 day ago),7-day cumulative rainfall,River discharge,Solar radiation (6 days ago),Low tide level (yesterday),Average wave period (4 days ago),Average wave period (5 days ago),Onshore wave energy today,Yesterday rainfall,High tide level,Water temperature (5 days ago),Lunar cycle,decreasing risk,increasing risk,increasing risk,increasing risk,increasing risk,decreasing risk,decreasing risk,decreasing risk,increasing risk,increasing risk,increasing risk,decreasing risk,decreasing risk,increasing risk,decreasing risk,0.0,4.4,18.0,26.0,20.9,18.6,1.04,2.93,0.0,low,5.47
21MABCH-MA562850-1,Wollaston @ Rice Road (DCR) - Location 1,,,2026-09-12,0.0853,Safe,,,Rainfall today,River discharge,Alongshore wind today,,,,0.18,True,Wave period (1 day ago),Water temperature (3 days ago),7-day cumulative rainfall,Wave height (4 days ago),Solar radiation today,Rain near combined sewer outfalls,Solar radiation (3 days ago),River discharge (1 day ago),Onshore wind (2 days ago),Wave height,Solar radiation (6 days ago),Wind speed (2 days ago),decreasing risk,decreasing risk,increasing risk,decreasing risk,increasing risk,decreasing risk,increasing risk,increasing risk,decreasing risk,increasing risk,increasing risk,increasing risk,decreasing risk,decreasing risk,decreasing risk,0.0,2.7,16.0,24.8,21.0,19.1,0.25,3.39,1.0,low,6.45,2026-09-08,0.0928,Safe,,,Rainfall today,River discharge,Rain near combined sewer outfalls,,,,0.18,True,Alongshore wind today,Solar radiation today,Water temperature (5 days ago),7-day cumulative rainfall,Onshore wind (2 days ago),Solar radiation (3 days ago),High tide level,Air temperature (2 days ago),Rainfall (7 days ago),Yesterday rainfall,30-day cumulative rainfall,River discharge (1 day ago),decreasing risk,decreasing risk,decreasing risk,increasing risk,increasing risk,increasing risk,increasing risk,increasing risk,increasing risk,decreasing risk,decreasing risk,increasing risk,decreasing risk,increasing risk,increasing risk,0.0,4.0,17.0,26.4,20.5,18.8,0.56,3.02,0.0,low,6.45,2026-09-07,0.137,Safe,,,Rainfall today,Wave height,Rain near combined sewer outfalls,,,,0.18,True,Solar radiation (1 day ago),7-day cumulative rainfall,Solar radiation (6 days ago),River discharge,Onshore wind (2 days ago),Average wave period (4 days ago),Rain and high tide combination,Lunar cycle,Alongshore wind today,Yesterday rainfall,High tide level,Water temperature (5 days ago),decreasing risk,increasing risk,increasing risk,increasing risk,increasing risk,decreasing risk,decreasing risk,increasing risk,increasing risk,increasing risk,decreasing risk,increasing risk,decreasing risk,decreasing risk,increasing risk,0.0,4.4,18.0,26.0,20.9,18.6,1.04,2.93,0.0,low,6.45
21MABCH-MA957964,Wollaston,,,2026-09-12,0.1058,Safe,,,Rainfall today,River discharge,Water temperature (3 days ago),,,,0.18,True,7-day cumulative rainfall,Wave period (1 day ago),Wave height (4 days ago),Solar radiation today,Alongshore wind today,Rain near combined sewer outfalls,Seasonal pattern,River discharge (1 day ago),Solar radiation (6 days ago),Wave height,Solar radiation (3 days ago),Low tide level,decreasing risk,decreasing risk,increasing risk,decreasing risk,decreasing risk,increasing risk,increasing risk,increasing risk,decreasing risk,decreasing risk,increasing risk,decreasing risk,decreasing risk,increasing risk,increasing risk,0.0,2.7,16.0,24.8,21.0,19.1,0.25,3.39,1.0,low,6.11,2026-09-08,0.1146,Safe,,,Rainfall today,Rain near combined sewer outfalls,River discharge,,,,0.18,True,Air temperature (2 days ago),Solar radiation today,Water temperature (5 days ago),High tide level,7-day cumulative rainfall,Rainfall (7 days ago),Solar radiation (3 days ago),Low tide level,River discharge (1 day ago),Hours since high tide,Solar radiation (1 day ago),Yesterday rainfall,decreasing risk,decreasing risk,decreasing risk,decreasing risk,increasing risk,increasing risk,decreasing risk,increasing risk,increasing risk,increasing risk,decreasing risk,increasing risk,decreasing risk,decreasing risk,decreasing risk,0.0,4.0,17.0,26.4,20.5,18.8,0.56,3.02,0.0,low,6.11,2026-09-07,0.1604,Safe,,,Rainfall today,Wave height,Rain near combined sewer outfalls,,,,0.18,True,River discharge,Solar radiation (6 days ago),Solar radiation (1 day ago),7-day cumulative rainfall,Low tide level (yesterday),Average wave period (4 days ago),High tide level,Rain and high tide combination,Lunar cycle,Hours since high tide,Tidal range,Onshore wind (2 days ago),decreasing risk,increasing risk,increasing risk,decreasing risk,decreasing risk,increasing risk,increasing risk,decreasing risk,increasing risk,decreasing risk,increasing risk,decreasing risk,decreasing risk,decreasing risk,increasing risk,0.0,4.4,18.0,26.0,20.9,18.6,1.04,2.93,0.0,low,6.11
21MABCH-MA203090,Wollaston,,,2026-09-12,0.1058,Safe,,,Rainfall today,River discharge,Water temperature (3 days ago),,,,0.18,True,7-day cumulative rainfall,Wave period (1 day ago),Wave height (4 days ago),Solar radiation today,Rain near combined sewer outfalls,Alongshore wind today,Seasonal pattern,River discharge (1 day ago),Solar radiation (6 days ago),Wave height,Solar radiation (3 days ago),Low tide level,decreasing risk,decreasing risk,increasing risk,decreasing risk,decreasing risk,increasing risk,increasing risk,decreasing risk,increasing risk,decreasing risk,increasing risk,decreasing risk,decreasing risk,increasing risk,increasing risk,0.0,2.7,16.0,24.8,21.0,19.1,0.25,3.39,1.0,low,5.79,2026-09-08,0.0928,Safe,,,Rainfall today,Rain near combined sewer outfalls,River discharge,,,,0.18,True,Air temperature (2 days ago),Water temperature (5 days ago),Solar radiation today,High tide level,7-day cumulative rainfall,Rainfall (7 days ago),Low tide level,Solar radiation (3 days ago),River discharge (1 day ago),Yesterday rainfall,Hours since high tide,Solar radiation (1 day ago),decreasing risk,decreasing risk,decreasing risk,decreasing risk,increasing risk,increasing risk,decreasing risk,increasing risk,increasing risk,decreasing risk,increasing risk,increasing risk,decreasing risk,decreasing risk,decreasing risk,0.0,4.0,17.0,26.4,20.5,18.8,0.56,3.02,0.0,low,5.79,2026-09-07,0.1448,Safe,,,Rainfall today,Wave height,Rain near combined sewer outfalls,,,,0.18,True,River discharge,Solar radiation (6 days ago),7-day cumulative rainfall,Solar radiation (1 day ago),Low tide level (yesterday),Average wave period (4 days ago),Average wave period (5 days ago),High tide level,Lunar cycle,Rain and high tide combination,Solar radiation today,Hours since high tide,decreasing risk,increasing risk,increasing risk,decreasing risk,decreasing risk,increasing risk,increasing risk,decreasing risk,increasing risk,increasing risk,decreasing risk,decreasing risk,increasing risk,increasing risk,decreasing risk,0.0,4.4,18.0,26.0,20.9,18.6,1.04,2.93,0.0,low,5.79
21MABCH-MA715607,Wollaston,,,2026-09-12,0.1058,Safe,,,Rainfall today,River discharge,Water temperature (3 days ago),,,,0.18,True,Wave period (1 day ago),7-day cumulative rainfall,Solar radiation today,Wave height (4 days ago),Alongshore wind today,Rain near combined sewer outfalls,River discharge (1 day ago),Wave height,Solar radiation (6 days ago),Solar radiation (3 days ago),Seasonal pattern,Low tide level,decreasing risk,decreasing risk,increasing risk,decreasing risk,decreasing risk,increasing risk,increasing risk,increasing risk,decreasing risk,increasing risk,decreasing risk,decreasing risk,increasing risk,decreasing risk,increasing risk,0.0,2.7,16.0,24.8,21.0,19.1,0.25,3.39,1.0,low,6.09,2026-09-08,0.0928,Safe,,,Rainfall today,Rain near combined sewer outfalls,River discharge,,,,0.18,True,Air temperature (2 days ago),Water temperature (5 days ago),Solar radiation today,High tide level,7-day cumulative rainfall,Rainfall (7 days ago),Low tide level,Solar radiation (3 days ago),River discharge (1 day ago),Yesterday rainfall,Hours since high tide,Solar radiation (1 day ago),decreasing risk,decreasing risk,decreasing risk,decreasing risk,increasing risk,increasing risk,decreasing risk,increasing risk,increasing risk,decreasing risk,increasing risk,increasing risk,decreasing risk,decreasing risk,decreasing risk,0.0,4.0,17.0,26.4,20.5,18.8,0.56,3.02,0.0,low,6.09,2026-09-07,0.1448,Safe,,,Rainfall today,Wave height,Rain near combined sewer outfalls,,,,0.18,True,River discharge,7-day cumulative rainfall,Solar radiation (6 days ago),Solar radiation (1 day ago),Low tide level (yesterday),Average wave period (4 days ago),Average wave period (5 days ago),High tide level,Lunar cycle,Rain and high tide combination,Solar radiation today,Water temperature (5 days ago),decreasing risk,increasing risk,increasing risk,decreasing risk,increasing risk,decreasing risk,increasing risk,decreasing risk,increasing risk,increasing risk,decreasing risk,decreasing risk,increasing risk,increasing risk,increasing risk,0.0,4.4,18.0,26.0,20.9,18.6,1.04,2.93,0.0,low,6.09
21MABCH-MA562850,Wollaston,,,2026-09-12,0.0928,Safe,,,Rainfall today,River discharge,Wave period (1 day ago),,,,0.18,True,Water temperature (3 days ago),7-day cumulative rainfall,Solar radiation today,Wave height (4 days ago),Rain near combined sewer outfalls,River discharge (1 day ago),Solar radiation (6 days ago),Wave height,Seasonal pattern,Alongshore wind today,Solar radiation (3 days ago),Air temperature (2 days ago),decreasing risk,decreasing risk,decreasing risk,increasing risk,decreasing risk,increasing risk,increasing risk,decreasing risk,increasing risk,decreasing risk,decreasing risk,decreasing risk,increasing risk,increasing risk,increasing risk,0.0,2.7,16.0,24.8,21.0,19.1,0.25,3.39,1.0,low,5.47,2026-09-08,0.0928,Safe,,,Rainfall today,Rain near combined sewer outfalls,River discharge,,,,0.18,True,Air temperature (2 days ago),Water temperature (5 days ago),Solar radiation today,High tide level,7-day cumulative rainfall,Low tide level,Rainfall (7 days ago),Water temperature (3 days ago),Solar radiation (3 days ago),River discharge (1 day ago),Yesterday rainfall,Hours since high tide,decreasing risk,decreasing risk,decreasing risk,decreasing risk,increasing risk,increasing risk,decreasing risk,increasing risk,decreasing risk,increasing risk,increasing risk,increasing risk,increasing risk,decreasing risk,decreasing risk,0.0,4.0,17.0,26.4,20.5,18.8,0.56,3.02,0.0,low,5.47,2026-09-07,0.1448,Safe,,,Rainfall today,Wave height,Rain near combined sewer outfalls,,,,0.18,True,River discharge,7-day cumulative rainfall,Solar radiation (6 days ago),Solar radiation (1 day ago),Low tide level (yesterday),Average wave period (4 days ago),Average wave period (5 days ago),High tide level,Onshore wave energy today,Lunar cycle,Rain and high tide combination,Solar radiation today,decreasing risk,increasing risk,increasing risk,decreasing risk,increasing risk,decreasing risk,increasing risk,decreasing risk,increasing risk,increasing risk,decreasing risk,increasing risk,decreasing risk,increasing risk,increasing risk,0.0,4.4,18.0,26.0,20.9,18.6,1.04,2.93,0.0,low,5.47
21MABCH-MA898442-1,Nahant Beach (DCR)-1 (North/Ward Bathhouse),,,2026-09-12,0.443,Unsafe,,,Rainfall today,Air temperature (3 days ago),River discharge,,,,0.13,False,Wave period (1 day ago),Wave height (4 days ago),Alongshore wind today,Water temperature (3 days ago),Wind gusts,Solar radiation today,Wave height,River discharge (1 day ago),Rainfall (7 days ago),Average wave period (5 days ago),Onshore wave energy today,Overnight low temperature,decreasing risk,decreasing risk,decreasing risk,decreasing risk,increasing risk,increasing risk,increasing risk,increasing risk,increasing risk,decreasing risk,increasing risk,increasing risk,decreasing risk,decreasing risk,decreasing risk,0.0,3.3,18.0,21.1,21.1,19.1,0.25,3.39,1.0,low,0.88,2026-09-08,0.45,Unsafe,,,Wind direction,Rainfall (7 days ago),River discharge,,,,0.13,False,Alongshore wind today,Solar radiation today,Rain near combined sewer outfalls,Water temperature (5 days ago),High tide level,River discharge (1 day ago),Average wave period (5 days ago),River discharge (5 days ago),Wind gusts,Air temperature (3 days ago),Rain and high tide combination,Yesterday rainfall,decreasing risk,increasing risk,decreasing risk,increasing risk,increasing risk,decreasing risk,increasing risk,decreasing risk,increasing risk,increasing risk,increasing risk,increasing risk,decreasing risk,decreasing risk,decreasing risk,0.5,5.9,16.0,25.7,20.0,18.8,0.56,3.02,0.0,low,0.88,2026-09-07,0.443,Unsafe,,,Rainfall today,River discharge,Wave height,,,,0.13,False,Wind direction,Rain and high tide combination,Solar radiation (6 days ago),Solar radiation (1 day ago),Average wave period (4 days ago),Rain near combined sewer outfalls,High tide level,Rainfall (7 days ago),Wind gusts,Lunar cycle,Solar radiation (3 days ago),Solar radiation today,decreasing risk,decreasing risk,increasing risk,decreasing risk,increasing risk,decreasing risk,increasing risk,increasing risk,increasing risk,decreasing risk,decreasing risk,increasing risk,decreasing risk,increasing risk,increasing risk,0.0,6.5,17.0,25.8,20.7,18.6,1.04,2.93,0.0,low,0.88
21MABCH-MA898442-3,Nahant Beach (DCR)-3 (Parking Section 12),,,2026-09-12,0.0853,Safe,,,Rainfall today,Water temperature (3 days ago),Wave period (1 day ago),,,,0.13,True,River discharge,7-day cumulative rainfall,Wave height (4 days ago),Overnight low temperature,Solar radiation today,Alongshore wind today,River discharge (1 day ago),Rain near combined sewer outfalls,Wave height,Solar radiation (3 days ago),Low tide level (yesterday),Onshore wave energy today,decreasing risk,increasing risk,decreasing risk,decreasing risk,decreasing risk,increasing risk,decreasing risk,increasing risk,increasing risk,increasing risk,decreasing risk,decreasing risk,increasing risk,increasing risk,decreasing risk,0.0,3.3,18.0,21.2,21.1,19.1,0.25,3.39,1.0,low,1.37,2026-09-08,0.1058,Safe,,,Rain near combined sewer outfalls,River discharge,Water temperature (5 days ago),,,,0.13,True,High tide level,Solar radiation today,Yesterday rainfall,Solar radiation (1 day ago),Air temperature (2 days ago),7-day cumulative rainfall,Rainfall (7 days ago),30-day cumulative rainfall,Low tide level,Wave period (2 days ago),Solar radiation (3 days ago),River discharge (1 day ago),decreasing risk,decreasing risk,increasing risk,decreasing risk,increasing risk,decreasing risk,decreasing risk,decreasing risk,increasing risk,increasing risk,increasing risk,decreasing risk,decreasing risk,increasing risk,increasing risk,0.5,5.9,16.0,25.8,20.0,18.8,0.56,3.02,0.0,low,1.37,2026-09-07,0.137,Unsafe,,,Rainfall today,Wave height,7-day cumulative rainfall,,,,0.13,True,River discharge,Rain near combined sewer outfalls,Solar radiation (1 day ago),Solar radiation (6 days ago),Low tide level (yesterday),Average wave period (4 days ago),High tide level,Average wave period (5 days ago),Water temperature (5 days ago),Lunar cycle,Solar radiation today,Hours since high tide,decreasing risk,increasing risk,increasing risk,decreasing risk,increasing risk,increasing risk,decreasing risk,decreasing risk,increasing risk,decreasing risk,increasing risk,increasing risk,decreasing risk,increasing risk,decreasing risk,0.0,6.5,17.0,25.9,20.7,18.6,1.04,2.93,0.0,low,1.37
21MABCH-MA898442-2,Nahant Beach (DCR)-2 (Flagpole/Halfway),,,2026-09-12,0.0554,Safe,,,Rainfall today,Water temperature (3 days ago),Wave period (1 day ago),,,,0.13,True,River discharge,Alongshore wind today,Wave height (4 days ago),Solar radiation today,Solar radiation (3 days ago),Rain near combined sewer outfalls,River discharge (1 day ago),7-day cumulative rainfall,Overnight low temperature,Wave height,Wave period (2 days ago),Solar radiation (6 days ago),decreasing risk,increasing risk,decreasing risk,decreasing risk,increasing risk,increasing risk,increasing risk,increasing risk,decreasing risk,increasing risk,decreasing risk,decreasing risk,decreasing risk,decreasing risk,decreasing risk,0.0,3.3,18.0,21.2,21.1,19.1,0.25,3.39,1.0,low,1.86,2026-09-08,0.0853,Safe,,,Rain near combined sewer outfalls,River discharge,High tide level,,,,0.13,True,Water temperature (5 days ago),Solar radiation today,Wave period (2 days ago),Yesterday rainfall,Alongshore wind today,30-day cumulative rainfall,Rainfall today,Solar radiation (3 days ago),Onshore wind (2 days ago),7-day cumulative rainfall,Wave height (4 days ago),Solar radiation (1 day ago),decreasing risk,decreasing risk,decreasing risk,increasing risk,increasing risk,decreasing risk,decreasing risk,increasing risk,increasing risk,decreasing risk,increasing risk,increasing risk,increasing risk,decreasing risk,decreasing risk,0.5,5.9,16.0,25.8,20.0,18.8,0.56,3.02,0.0,low,1.86,2026-09-07,0.0897,Safe,,,Rainfall today,Wave height,7-day cumulative rainfall,,,,0.13,True,Rain near combined sewer outfalls,River discharge,Solar radiation (6 days ago),Solar radiation (1 day ago),Onshore wind (2 days ago),High tide level,Water temperature (5 days ago),Average wave period (4 days ago),Lunar cycle,Rain and high tide combination,Wave period (2 days ago),Low tide level (yesterday),decreasing risk,increasing risk,increasing risk,increasing risk,decreasing risk,decreasing risk,increasing risk,increasing risk,decreasing risk,increasing risk,increasing risk,decreasing risk,increasing risk,decreasing risk,decreasing risk,0.0,6.5,17.0,25.9,20.7,18.6,1.04,2.93,0.0,low,1.86
21MABCH-MA898442-4,Nahant Beach (DCR)-4 (South/Main Entrance),,,2026-09-12,0.0554,Safe,,,Rainfall today,Water temperature (3 days ago),Wave period (1 day ago),,,,0.13,True,Alongshore wind today,River discharge,Solar radiation today,Wave height (4 days ago),Solar radiation (3 days ago),River discharge (1 day ago),Overnight low temperature,Solar radiation (6 days ago),Wave height,Wave period (2 days ago),Water temperature,Rain near combined sewer outfalls,decreasing risk,increasing risk,decreasing risk,increasing risk,decreasing risk,increasing risk,increasing risk,increasing risk,increasing risk,decreasing risk,decreasing risk,decreasing risk,decreasing risk,increasing risk,decreasing risk,0.0,3.3,18.0,21.2,21.1,19.1,0.25,3.39,1.0,low,2.49,2026-09-08,0.0853,Safe,,,Rain near combined sewer outfalls,River discharge,High tide level,,,,0.13,True,Solar radiation today,Wave period (2 days ago),Alongshore wind today,Water temperature (5 days ago),Yesterday rainfall,30-day cumulative rainfall,Solar radiation (3 days ago),Wave height (4 days ago),Onshore wind (2 days ago),Solar radiation (1 day ago),7-day cumulative rainfall,Water temperature (3 days ago),decreasing risk,decreasing risk,decreasing risk,increasing risk,decreasing risk,increasing risk,increasing risk,decreasing risk,increasing risk,increasing risk,decreasing risk,increasing risk,decreasing risk,increasing risk,increasing risk,0.5,5.9,16.0,25.8,20.0,18.8,0.56,3.02,0.0,low,2.49,2026-09-07,0.0853,Safe,,,Rainfall today,Wave height,River discharge,,,,0.13,True,Solar radiation (1 day ago),Solar radiation (6 days ago),Onshore wind (2 days ago),Rain near combined sewer outfalls,High tide level,Lunar cycle,Water temperature (5 days ago),Rain and high tide combination,Average wave period (4 days ago),7-day cumulative rainfall,Solar radiation today,Low tide level (yesterday),decreasing risk,increasing risk,decreasing risk,increasing risk,decreasing risk,increasing risk,increasing risk,decreasing risk,decreasing risk,increasing risk,increasing risk,increasing risk,increasing risk,increasing risk,decreasing risk,0.0,6.5,17.0,25.9,20.7,18.6,1.04,2.93,0.0,low,2.49
21MABCH-MA151015-1,Black Rock (Nahant) - Location 1,,,2026-09-12,0.0853,Safe,,,Rainfall today,Water temperature (3 days ago),Wave period (1 day ago),,,,0.13,True,River discharge,7-day cumulative rainfall,Wave height (4 days ago),Overnight low temperature,Solar radiation today,Alongshore wind today,River discharge (1 day ago),Wave height,Rain near combined sewer outfalls,Solar radiation (3 days ago),Low tide level (yesterday),Onshore wave energy today,decreasing risk,increasing risk,decreasing risk,decreasing risk,decreasing risk,increasing risk,decreasing risk,increasing risk,increasing risk,increasing risk,decreasing risk,decreasing risk,increasing risk,increasing risk,decreasing risk,0.0,3.3,18.0,21.2,21.1,19.1,0.25,3.39,1.0,low,3.34,2026-09-08,0.1058,Safe,,,Rain near combined sewer outfalls,River discharge,High tide level,,,,0.13,True,Water temperature (5 days ago),Solar radiation today,Solar radiation (1 day ago),Yesterday rainfall,Air temperature (2 days ago),7-day cumulative rainfall,30-day cumulative rainfall,Rainfall (7 days ago),Low tide level,Wave period (2 days ago),Solar radiation (3 days ago),River discharge (1 day ago),decreasing risk,decreasing risk,decreasing risk,increasing risk,increasing risk,decreasing risk,decreasing risk,decreasing risk,increasing risk,increasing risk,increasing risk,decreasing risk,decreasing risk,increasing risk,increasing risk,0.5,5.9,16.0,25.8,20.0,18.8,0.56,3.02,0.0,low,3.34,2026-09-07,0.137,Unsafe,,,Rainfall today,Wave height,Rain near combined sewer outfalls,,,,0.13,True,7-day cumulative rainfall,River discharge,Solar radiation (1 day ago),Solar radiation (6 days ago),Low tide level (yesterday),Average wave period (4 days ago),High tide level,Average wave period (5 days ago),Water temperature (5 days ago),Lunar cycle,Solar radiation today,Hours since high tide,decreasing risk,increasing risk,increasing risk,increasing risk,decreasing risk,increasing risk,decreasing risk,decreasing risk,increasing risk,decreasing risk,increasing risk,increasing risk,decreasing risk,increasing risk,decreasing risk,0.0,6.5,17.0,25.9,20.7,18.6,1.04,2.93,0.0,low,3.34
21MABCH-MA272297,Nahant Beach,,,2026-09-12,0.0554,Safe,,,Rainfall today,Wave period (1 day ago),Air temperature (3 days ago),,,,0.13,True,River discharge,Water temperature (3 days ago),Solar radiation today,Wave height (4 days ago),Wave height (3 days ago),Alongshore wind today,Wave height,Rainfall (7 days ago),Rain near combined sewer outfalls,7-day cumulative rainfall,Solar radiation (3 days ago),Wave period (2 days ago),decreasing risk,decreasing risk,decreasing risk,decreasing risk,increasing risk,increasing risk,increasing risk,decreasing risk,increasing risk,decreasing risk,increasing risk,decreasing risk,decreasing risk,increasing risk,decreasing risk,0.0,3.3,18.0,21.1,21.1,19.1,0.25,3.39,1.0,low,0.88,2026-09-08,0.0928,Safe,,,Wind direction,Rain near combined sewer outfalls,River discharge,,,,0.13,True,Rainfall (7 days ago),Solar radiation today,Water temperature (5 days ago),High tide level,Yesterday rainfall,Solar radiation (1 day ago),7-day cumulative rainfall,River discharge (1 day ago),Air temperature (3 days ago),Average wave period (5 days ago),River discharge (5 days ago),Solar radiation (3 days ago),decreasing risk,decreasing risk,decreasing risk,increasing risk,increasing risk,increasing risk,decreasing risk,decreasing risk,decreasing risk,increasing risk,increasing risk,decreasing risk,increasing risk,increasing risk,increasing risk,0.5,5.9,16.0,25.7,20.0,18.8,0.56,3.02,0.0,low,0.88,2026-09-07,0.1058,Safe,,,Rainfall today,Rain near combined sewer outfalls,Wind direction,,,,0.13,True,7-day cumulative rainfall,Wave height,Solar radiation (1 day ago),River discharge,Solar radiation (6 days ago),Average wave period (4 days ago),Lunar cycle,Rain and high tide combination,High tide level,Water temperature (5 days ago),Solar radiation today,Onshore wind (2 days ago),decreasing risk,increasing risk,decreasing risk,increasing risk,increasing risk,increasing risk,decreasing risk,decreasing risk,increasing risk,decreasing risk,increasing risk,decreasing risk,increasing risk,increasing risk,increasing risk,0.0,6.5,17.0,25.8,20.7,18.6,1.04,2.93,0.0,low,0.88
21MABCH-MA503638,Nahant Beach,,,2026-09-12,0.0554,Safe,,,Rainfall today,Water temperature (3 days ago),Wave period (1 day ago),,,,0.13,True,Alongshore wind today,River discharge,Solar radiation today,Wave height (4 days ago),Solar radiation (3 days ago),River discharge (1 day ago),Overnight low temperature,Solar radiation (6 days ago),Wave height,Wave period (2 days ago),Water temperature,Rain near combined sewer outfalls,decreasing risk,increasing risk,decreasing risk,increasing risk,decreasing risk,increasing risk,increasing risk,increasing risk,increasing risk,decreasing risk,decreasing risk,decreasing risk,decreasing risk,increasing risk,decreasing risk,0.0,3.3,18.0,21.2,21.1,19.1,0.25,3.39,1.0,low,2.49,2026-09-08,0.0853,Safe,,,Rain near combined sewer outfalls,River discharge,High tide level,,,,0.13,True,Solar radiation today,Wave period (2 days ago),Alongshore wind today,Water temperature (5 days ago),Yesterday rainfall,30-day cumulative rainfall,Solar radiation (3 days ago),Wave height (4 days ago),Onshore wind (2 days ago),Solar radiation (1 day ago),7-day cumulative rainfall,Water temperature (3 days ago),decreasing risk,decreasing risk,decreasing risk,increasing risk,decreasing risk,increasing risk,increasing risk,decreasing risk,increasing risk,increasing risk,decreasing risk,increasing risk,decreasing risk,increasing risk,increasing risk,0.5,5.9,16.0,25.8,20.0,18.8,0.56,3.02,0.0,low,2.49,2026-09-07,0.0853,Safe,,,Rainfall today,Wave height,River discharge,,,,0.13,True,Solar radiation (1 day ago),Solar radiation (6 days ago),Onshore wind (2 days ago),Rain near combined sewer outfalls,High tide level,Lunar cycle,Water temperature (5 days ago),Rain and high tide combination,Average wave period (4 days ago),7-day cumulative rainfall,Solar radiation today,Low tide level (yesterday),decreasing risk,increasing risk,decreasing risk,increasing risk,decreasing risk,increasing risk,increasing risk,decreasing risk,decreasing risk,increasing risk,increasing risk,increasing risk,increasing risk,increasing risk,decreasing risk,0.0,6.5,17.0,25.9,20.7,18.6,1.04,2.93,0.0,low,2.49
21MABCH-MA211183,Nahant Beach,,,2026-09-12,0.0554,Safe,,,Rainfall today,Water temperature (3 days ago),Wave period (1 day ago),,,,0.13,True,River discharge,Alongshore wind today,Wave height (4 days ago),Solar radiation today,Solar radiation (3 days ago),Rain near combined sewer outfalls,River discharge (1 day ago),7-day cumulative rainfall,Overnight low temperature,Wave height,Wave period (2 days ago),Solar radiation (6 days ago),decreasing risk,increasing risk,decreasing risk,decreasing risk,increasing risk,increasing risk,increasing risk,increasing risk,decreasing risk,increasing risk,decreasing risk,decreasing risk,decreasing risk,decreasing risk,decreasing risk,0.0,3.3,18.0,21.2,21.1,19.1,0.25,3.39,1.0,low,1.86,2026-09-08,0.1147,Safe,,,Rain near combined sewer outfalls,River discharge,Water temperature (5 days ago),,,,0.13,True,Solar radiation today,High tide level,Yesterday rainfall,Solar radiation (1 day ago),Low tide level,Air temperature (2 days ago),Alongshore wind today,7-day cumulative rainfall,Rainfall (7 days ago),30-day cumulative rainfall,Solar radiation (3 days ago),Wave period (2 days ago),decreasing risk,decreasing risk,increasing risk,increasing risk,decreasing risk,decreasing risk,decreasing risk,decreasing risk,decreasing risk,increasing risk,increasing risk,increasing risk,increasing risk,increasing risk,decreasing risk,0.5,5.9,16.0,25.8,20.0,18.8,0.56,3.02,0.0,low,1.86,2026-09-07,0.1412,Unsafe,,,Rainfall today,Wave height,Rain near combined sewer outfalls,,,,0.13,True,7-day cumulative rainfall,River discharge,Solar radiation (1 day ago),Solar radiation (6 days ago),Low tide level (yesterday),Average wave period (4 days ago),High tide level,Rain and high tide combination,Average wave period (5 days ago),Water temperature (5 days ago),Lunar cycle,Hours since high tide,decreasing risk,increasing risk,increasing risk,increasing risk,decreasing risk,increasing risk,decreasing risk,decreasing risk,increasing risk,decreasing risk,increasing risk,increasing risk,increasing risk,decreasing risk,decreasing risk,0.0,6.5,17.0,25.9,20.7,18.6,1.04,2.93,0.0,low,1.86
21MABCH-MA203203,Nahant Beach,,,2026-09-12,0.0554,Safe,,,Rainfall today,Water temperature (3 days ago),Wave period (1 day ago),,,,0.13,True,Alongshore wind today,River discharge,Solar radiation today,Wave height (4 days ago),Solar radiation (3 days ago),River discharge (1 day ago),Overnight low temperature,Solar radiation (6 days ago),Wave height,Wave period (2 days ago),Water temperature,Rain near combined sewer outfalls,decreasing risk,increasing risk,decreasing risk,increasing risk,decreasing risk,increasing risk,increasing risk,increasing risk,increasing risk,decreasing risk,decreasing risk,decreasing risk,decreasing risk,increasing risk,decreasing risk,0.0,3.3,18.0,21.2,21.1,19.1,0.25,3.39,1.0,low,1.37,2026-09-08,0.0853,Safe,,,Rain near combined sewer outfalls,River discharge,High tide level,,,,0.13,True,Water temperature (5 days ago),Solar radiation today,Wave period (2 days ago),Yesterday rainfall,Alongshore wind today,30-day cumulative rainfall,Rainfall today,Solar radiation (3 days ago),Onshore wind (2 days ago),7-day cumulative rainfall,Wave height (4 days ago),Solar radiation (1 day ago),decreasing risk,decreasing risk,decreasing risk,increasing risk,increasing risk,decreasing risk,decreasing risk,increasing risk,increasing risk,decreasing risk,increasing risk,increasing risk,increasing risk,decreasing risk,decreasing risk,0.5,5.9,16.0,25.8,20.0,18.8,0.56,3.02,0.0,low,1.37,2026-09-07,0.0853,Safe,,,Rainfall today,Wave height,7-day cumulative rainfall,,,,0.13,True,Solar radiation (6 days ago),River discharge,Solar radiation (1 day ago),Onshore wind (2 days ago),Water temperature (5 days ago),High tide level,Rain near combined sewer outfalls,Average wave period (4 days ago),Lunar cycle,Rain and high tide combination,Wave period (2 days ago),Low tide level (yesterday),decreasing risk,increasing risk,increasing risk,decreasing risk,decreasing risk,increasing risk,increasing risk,increasing risk,decreasing risk,increasing risk,increasing risk,decreasing risk,increasing risk,decreasing risk,decreasing risk,0.0,6.5,17.0,25.9,20.7,18.6,1.04,2.93,0.0,low,1.37
21MABCH-MA259042-1,Malibu (DCR) - Location 1,,,2026-09-12,0.1147,Safe,,,Rainfall today,Wave period (2 days ago),River discharge,,,,0.14,False,Water temperature (3 days ago),Wave period (1 day ago),Solar radiation today,Wave height (4 days ago),7-day cumulative rainfall,2-day cumulative rainfall,Low tide level,Tide level at sample time,Rain near combined sewer outfalls,Solar radiation (6 days ago),Wave height,Seasonal pattern,decreasing risk,decreasing risk,decreasing risk,increasing risk,decreasing risk,increasing risk,increasing risk,decreasing risk,decreasing risk,increasing risk,decreasing risk,decreasing risk,decreasing risk,decreasing risk,decreasing risk,0.0,2.7,16.0,24.8,21.0,19.1,0.25,3.39,1.0,low,2.25,2026-09-08,0.1146,Safe,,,Rainfall today,River discharge,Rain near combined sewer outfalls,,,,0.14,False,Solar radiation today,Air temperature (2 days ago),High tide level,Water temperature (5 days ago),Wind gusts,Hours since high tide,Average wave period (4 days ago),7-day cumulative rainfall,30-day cumulative rainfall,Tide level at sample time,2-day cumulative rainfall,Spring tide conditions,decreasing risk,decreasing risk,decreasing risk,increasing risk,decreasing risk,decreasing risk,increasing risk,increasing risk,decreasing risk,decreasing risk,increasing risk,increasing risk,decreasing risk,decreasing risk,decreasing risk,0.0,4.0,17.0,26.4,20.5,18.8,0.56,3.02,0.0,low,2.25,2026-09-07,0.1448,Unsafe,,,Rainfall today,Rain near combined sewer outfalls,River discharge,,,,0.14,False,Wave height,7-day cumulative rainfall,Solar radiation (1 day ago),Solar radiation (6 days ago),Low tide level (yesterday),Average wave period (4 days ago),High tide level,Solar radiation today,Wave height (1 day ago),Lunar cycle,Rain and high tide combination,Hours since high tide,decreasing risk,increasing risk,decreasing risk,increasing risk,increasing risk,increasing risk,decreasing risk,decreasing risk,increasing risk,decreasing risk,increasing risk,increasing risk,decreasing risk,increasing risk,decreasing risk,0.0,4.4,18.0,26.0,20.9,18.6,1.04,2.93,0.0,low,2.25
21MABCH-MA259042,Malibu,,,2026-09-12,0.0554,Safe,,,Rainfall today,Wave period (1 day ago),Wave period (2 days ago),,,,0.14,True,River discharge,7-day cumulative rainfall,Water temperature (3 days ago),Solar radiation today,Wave height (4 days ago),2-day cumulative rainfall,Tide level at sample time,Rain near combined sewer outfalls,Alongshore wind today,Solar radiation (6 days ago),Low tide level,River discharge (1 day ago),decreasing risk,decreasing risk,decreasing risk,decreasing risk,decreasing risk,increasing risk,increasing risk,increasing risk,decreasing risk,decreasing risk,decreasing risk,increasing risk,decreasing risk,increasing risk,increasing risk,0.0,2.7,16.0,24.8,21.0,19.1,0.25,3.39,1.0,low,2.25,2026-09-08,0.0853,Safe,,,Rainfall today,River discharge,Rain near combined sewer outfalls,,,,0.14,True,Solar radiation today,Air temperature (2 days ago),7-day cumulative rainfall,Water temperature (5 days ago),High tide level,Hours since high tide,Wind gusts,Yesterday rainfall,30-day cumulative rainfall,Solar radiation (1 day ago),Average wave period (4 days ago),2-day cumulative rainfall,decreasing risk,decreasing risk,decreasing risk,increasing risk,decreasing risk,increasing risk,increasing risk,decreasing risk,decreasing risk,increasing risk,decreasing risk,increasing risk,decreasing risk,decreasing risk,decreasing risk,0.0,4.0,17.0,26.4,20.5,18.8,0.56,3.02,0.0,low,2.25,2026-09-07,0.137,Safe,,,Rainfall today,Rain near combined sewer outfalls,River discharge,,,,0.14,True,7-day cumulative rainfall,Wave height,Solar radiation (1 day ago),Solar radiation (6 days ago),Low tide level (yesterday),Average wave period (4 days ago),Solar radiation today,Wave height (1 day ago),Rain and high tide combination,High tide level,Lunar cycle,Onshore wave energy today,decreasing risk,increasing risk,decreasing risk,increasing risk,increasing risk,increasing risk,decreasing risk,decreasing risk,increasing risk,increasing risk,increasing risk,increasing risk,decreasing risk,decreasing risk,increasing risk,0.0,4.4,18.0,26.0,20.9,18.6,1.04,2.93,0.0,low,2.25
21MABCH-MA698753-1,Savin Hill (DCR) - Location 1,,,2026-09-12,0.0853,Safe,,,Rainfall today,Wave period (1 day ago),River discharge,,,,0.13,False,Wave period (2 days ago),Water temperature (3 days ago),Solar radiation today,Wave height (4 days ago),Seasonal pattern,Rain near combined sewer outfalls,Overnight low temperature,Low tide level,2-day cumulative rainfall,Low tide level (yesterday),Alongshore wind today,30-day cumulative rainfall,decreasing risk,decreasing risk,decreasing risk,decreasing risk,increasing risk,increasing risk,increasing risk,decreasing risk,decreasing risk,decreasing risk,increasing risk,decreasing risk,increasing risk,increasing risk,increasing risk,0.0,4.4,15.0,25.8,21.0,19.1,0.25,3.39,1.0,low,2.15,2026-09-08,0.0853,Safe,,,Rainfall today,River discharge,Rain near combined sewer outfalls,,,,0.13,False,Wind gusts,Solar radiation today,Water temperature (5 days ago),Hours since high tide,7-day cumulative rainfall,High tide level,30-day cumulative rainfall,Wave height (5 days ago),Wave height,Water temperature (3 days ago),Alongshore wind today,2-day cumulative rainfall,decreasing risk,decreasing risk,decreasing risk,decreasing risk,increasing risk,increasing risk,decreasing risk,increasing risk,decreasing risk,increasing risk,increasing risk,increasing risk,increasing risk,increasing risk,decreasing risk,0.0,5.7,13.0,26.2,20.0,18.8,0.56,3.02,0.0,low,2.15,2026-09-07,0.1017,Safe,,,Rainfall today,Rain near combined sewer outfalls,River discharge,,,,0.13,False,Solar radiation (1 day ago),Solar radiation (6 days ago),Wind speed (1 day ago),7-day cumulative rainfall,Wave height,Rain and high tide combination,Solar radiation today,Lunar cycle,Overnight low temperature,Yesterday rainfall,High tide level,Wave height (1 day ago),decreasing risk,increasing risk,decreasing risk,increasing risk,decreasing risk,decreasing risk,increasing risk,increasing risk,increasing risk,increasing risk,decreasing risk,decreasing risk,decreasing risk,decreasing risk,increasing risk,0.0,6.2,17.0,25.7,20.9,18.6,1.04,2.93,0.0,low,2.15
21MABCH-MA698753,Savin Hill,,,2026-09-12,0.0897,Safe,,,Rainfall today,River discharge,Wave period (2 days ago),,,,0.13,True,Wave period (1 day ago),Water temperature (3 days ago),Wave height (4 days ago),Solar radiation today,Rain near combined sewer outfalls,Overnight low temperature,Low tide level,7-day cumulative rainfall,Seasonal pattern,2-day cumulative rainfall,Air temperature (2 days ago),Low tide level (yesterday),decreasing risk,decreasing risk,decreasing risk,decreasing risk,increasing risk,increasing risk,increasing risk,decreasing risk,decreasing risk,increasing risk,decreasing risk,decreasing risk,decreasing risk,increasing risk,increasing risk,0.0,4.4,15.0,25.8,21.0,19.1,0.25,3.39,1.0,low,2.15,2026-09-08,0.0853,Safe,,,Rainfall today,River discharge,Rain near combined sewer outfalls,,,,0.13,True,Wind gusts,Water temperature (5 days ago),Air temperature (2 days ago),Solar radiation today,7-day cumulative rainfall,Hours since high tide,High tide level,Yesterday rainfall,30-day cumulative rainfall,Solar radiation (1 day ago),Water temperature (3 days ago),Average wave period (4 days ago),decreasing risk,decreasing risk,decreasing risk,decreasing risk,increasing risk,decreasing risk,increasing risk,increasing risk,decreasing risk,decreasing risk,decreasing risk,increasing risk,decreasing risk,increasing risk,decreasing risk,0.0,5.7,13.0,26.2,20.0,18.8,0.56,3.02,0.0,low,2.15,2026-09-07,0.137,Unsafe,,,Rainfall today,Rain near combined sewer outfalls,River discharge,,,,0.13,True,Wave height,7-day cumulative rainfall,Solar radiation (1 day ago),Solar radiation (6 days ago),Wind speed (1 day ago),Low tide level (yesterday),Rain and high tide combination,High tide level,Solar radiation today,Overnight low temperature,Lunar cycle,Hours since high tide,decreasing risk,increasing risk,decreasing risk,increasing risk,increasing risk,increasing risk,decreasing risk,decreasing risk,decreasing risk,increasing risk,decreasing risk,increasing risk,decreasing risk,decreasing risk,decreasing risk,0.0,6.2,17.0,25.7,20.9,18.6,1.04,2.93,0.0,low,2.15
21MABCH-MA124463-1,Tenean (DCR) - Location 1,,,2026-09-12,0.0853,Safe,,,Rainfall today,Wave period (2 days ago),River discharge,,,,0.17,False,7-day cumulative rainfall,Wave period (1 day ago),Water temperature (3 days ago),2-day cumulative rainfall,Wave height (4 days ago),Solar radiation today,Wave height,Alongshore wind today,Rain near combined sewer outfalls,Low tide level,Air temperature (2 days ago),Seasonal pattern,decreasing risk,decreasing risk,decreasing risk,decreasing risk,decreasing risk,increasing risk,decreasing risk,increasing risk,increasing risk,decreasing risk,increasing risk,decreasing risk,increasing risk,increasing risk,decreasing risk,0.0,2.7,16.0,24.8,21.0,19.1,0.25,3.39,1.0,low,3.76,2026-09-08,0.0928,Safe,,,Rainfall today,Rain near combined sewer outfalls,River discharge,,,,0.17,False,Air temperature (2 days ago),Water temperature (5 days ago),Solar radiation today,7-day cumulative rainfall,High tide level,2-day cumulative rainfall,Wind gusts,Alongshore wind today,Water temperature (3 days ago),Low tide level,Yesterday rainfall,River discharge (1 day ago),decreasing risk,decreasing risk,decreasing risk,decreasing risk,increasing risk,increasing risk,increasing risk,decreasing risk,decreasing risk,increasing risk,increasing risk,increasing risk,decreasing risk,decreasing risk,increasing risk,0.0,4.0,17.0,26.4,20.5,18.8,0.56,3.02,0.0,low,3.76,2026-09-07,0.1604,Safe,,,Rainfall today,Rain near combined sewer outfalls,Wave height,,,,0.17,False,River discharge,7-day cumulative rainfall,Solar radiation (1 day ago),Low tide level (yesterday),Solar radiation (6 days ago),Rain and high tide combination,Lunar cycle,Onshore wave energy today,High tide level,Wave height (1 day ago),Solar radiation today,Average wave period (5 days ago),decreasing risk,increasing risk,increasing risk,decreasing risk,increasing risk,increasing risk,decreasing risk,decreasing risk,increasing risk,decreasing risk,increasing risk,decreasing risk,increasing risk,increasing risk,increasing risk,0.0,4.4,18.0,26.0,20.9,18.6,1.04,2.93,0.0,low,3.76
21MABCH-MA124463,Tenean,,,2026-09-12,0.0853,Safe,,,Rainfall today,Wave period (2 days ago),River discharge,,,,0.17,True,7-day cumulative rainfall,Wave period (1 day ago),Water temperature (3 days ago),2-day cumulative rainfall,Wave height (4 days ago),Solar radiation today,Alongshore wind today,Rain near combined sewer outfalls,Low tide level,Wave height,Air temperature (2 days ago),Solar radiation (6 days ago),decreasing risk,decreasing risk,decreasing risk,decreasing risk,decreasing risk,increasing risk,decreasing risk,increasing risk,increasing risk,increasing risk,decreasing risk,increasing risk,decreasing risk,increasing risk,decreasing risk,0.0,2.7,16.0,24.8,21.0,19.1,0.25,3.39,1.0,low,3.76,2026-09-08,0.0928,Safe,,,Rainfall today,Rain near combined sewer outfalls,River discharge,,,,0.17,True,Air temperature (2 days ago),Solar radiation today,Water temperature (5 days ago),7-day cumulative rainfall,High tide level,2-day cumulative rainfall,Wave height (1 day ago),Alongshore wind today,Wind gusts,Yesterday rainfall,Water temperature (3 days ago),Low tide level,decreasing risk,decreasing risk,decreasing risk,decreasing risk,increasing risk,increasing risk,increasing risk,decreasing risk,decreasing risk,increasing risk,increasing risk,increasing risk,decreasing risk,increasing risk,decreasing risk,0.0,4.0,17.0,26.4,20.5,18.8,0.56,3.02,0.0,low,3.76,2026-09-07,0.1448,Safe,,,Rainfall today,Rain near combined sewer outfalls,Wave height,,,,0.17,True,River discharge,7-day cumulative rainfall,Solar radiation (1 day ago),Low tide level (yesterday),Solar radiation (6 days ago),Lunar cycle,High tide level,Wave height (1 day ago),Onshore wave energy today,Rain and high tide combination,Solar radiation today,Water temperature (5 days ago),decreasing risk,increasing risk,increasing risk,decreasing risk,increasing risk,increasing risk,decreasing risk,decreasing risk,decreasing risk,decreasing risk,increasing risk,increasing risk,increasing risk,increasing risk,increasing risk,0.0,4.4,18.0,26.0,20.9,18.6,1.04,2.93,0.0,low,3.76
21MABCH-MA544995-3,Kings (DCR)-Eastern Ave.,,,2026-09-12,0.5902,Unsafe,,,Rainfall today,Tide level at sample time,River discharge,,,,0.24,False,Air temperature (3 days ago),Solar radiation today,Water temperature (3 days ago),Wave period (1 day ago),Wave height (4 days ago),Rainfall (7 days ago),River discharge (1 day ago),Onshore wave energy today,Average wave period (5 days ago),Wind gusts,Wave height,Solar radiation (6 days ago),decreasing risk,decreasing risk,decreasing risk,decreasing risk,increasing risk,increasing risk,decreasing risk,increasing risk,increasing risk,increasing risk,decreasing risk,decreasing risk,increasing risk,decreasing risk,decreasing risk,0.0,3.3,18.0,21.1,21.1,19.1,0.25,3.39,1.0,low,0.2,2026-09-08,0.7333,Unsafe,,,River discharge,Solar radiation today,Rainfall (7 days ago),,,,0.24,False,Rain near combined sewer outfalls,Wind direction,Average wave period (5 days ago),River discharge (1 day ago),Alongshore wind today,Air temperature (3 days ago),River discharge (5 days ago),High tide level,Rain and high tide combination,Onshore wind (1 day ago),Air temperature (2 days ago),Wind gusts,decreasing risk,increasing risk,increasing risk,decreasing risk,decreasing risk,increasing risk,increasing risk,increasing risk,decreasing risk,increasing risk,decreasing risk,decreasing risk,increasing risk,decreasing risk,increasing risk,0.5,5.9,16.0,25.7,20.0,18.8,0.56,3.02,0.0,low,0.2,2026-09-07,0.45,Unsafe,,,Rainfall today,River discharge,Solar radiation (6 days ago),,,,0.24,False,Rain near combined sewer outfalls,Average wave period (4 days ago),Wave height,Solar radiation today,Lunar cycle,Wind direction,Solar radiation (1 day ago),Rainfall (7 days ago),High tide level,River discharge (1 day ago),Air temperature (2 days ago),Onshore wave energy today,decreasing risk,decreasing risk,decreasing risk,increasing risk,increasing risk,increasing risk,increasing risk,decreasing risk,decreasing risk,increasing risk,decreasing risk,decreasing risk,increasing risk,decreasing risk,increasing risk,0.0,6.5,17.0,25.8,20.7,18.6,1.04,2.93,0.0,low,0.2
21MABCH-MA544995-2,Kings (DCR)-Pierce Rd.,,,2026-09-12,0.1058,Safe,,,Rainfall today,Wave period (1 day ago),Air temperature (3 days ago),,,,0.24,True,River discharge,7-day cumulative rainfall,Water temperature (3 days ago),Wave height (4 days ago),Solar radiation today,Wave height,Alongshore wind today,Wave height (3 days ago),Rain near combined sewer outfalls,Overnight low temperature,Solar radiation (3 days ago),Air temperature (2 days ago),decreasing risk,decreasing risk,decreasing risk,decreasing risk,decreasing risk,increasing risk,increasing risk,increasing risk,decreasing risk,increasing risk,decreasing risk,decreasing risk,decreasing risk,increasing risk,increasing risk,0.0,3.3,18.0,21.1,21.1,19.1,0.25,3.39,1.0,low,0.28,2026-09-08,0.137,Safe,,,Wind direction,Rain near combined sewer outfalls,River discharge,,,,0.24,True,Rainfall (7 days ago),Solar radiation today,High tide level,Yesterday rainfall,Solar radiation (1 day ago),Water temperature (5 days ago),Air temperature (2 days ago),River discharge (1 day ago),Low tide level,Average wave period (5 days ago),River discharge (5 days ago),Air temperature (3 days ago),decreasing risk,decreasing risk,decreasing risk,increasing risk,increasing risk,decreasing risk,decreasing risk,decreasing risk,increasing risk,decreasing risk,increasing risk,decreasing risk,increasing risk,increasing risk,decreasing risk,0.5,5.9,16.0,25.7,20.0,18.8,0.56,3.02,0.0,low,0.28,2026-09-07,0.137,Safe,,,Rainfall today,Wave height,Rain near combined sewer outfalls,,,,0.24,True,Wind direction,7-day cumulative rainfall,River discharge,Solar radiation (1 day ago),Solar radiation (6 days ago),Average wave period (4 days ago),Low tide level (yesterday),High tide level,Rain and high tide combination,Air temperature (2 days ago),Lunar cycle,Solar radiation today,decreasing risk,increasing risk,increasing risk,decreasing risk,increasing risk,decreasing risk,increasing risk,decreasing risk,increasing risk,decreasing risk,decreasing risk,increasing risk,decreasing risk,decreasing risk,increasing risk,0.0,6.5,17.0,25.8,20.7,18.6,1.04,2.93,0.0,low,0.28
21MABCH-MA544995-1,Kings (DCR)-Kimball Rd.,,,2026-09-12,0.0928,Safe,,,Rainfall today,Wave period (1 day ago),Air temperature (3 days ago),,,,0.24,True,River discharge,Water temperature (3 days ago),7-day cumulative rainfall,Wave height (4 days ago),Solar radiation today,Wave height,Wave height (3 days ago),Alongshore wind today,Rain near combined sewer outfalls,Overnight low temperature,Average wave period (5 days ago),Solar radiation (3 days ago),decreasing risk,decreasing risk,decreasing risk,decreasing risk,increasing risk,decreasing risk,increasing risk,increasing risk,decreasing risk,decreasing risk,increasing risk,decreasing risk,decreasing risk,decreasing risk,increasing risk,0.0,3.3,18.0,21.1,21.1,19.1,0.25,3.39,1.0,low,0.48,2026-09-08,0.1147,Safe,,,Wind direction,Rain near combined sewer outfalls,River discharge,,,,0.24,True,Rainfall (7 days ago),Solar radiation today,High tide level,Air temperature (2 days ago),Water temperature (5 days ago),Solar radiation (1 day ago),Yesterday rainfall,River discharge (1 day ago),Average wave period (5 days ago),River discharge (5 days ago),Air temperature (3 days ago),7-day cumulative rainfall,decreasing risk,decreasing risk,decreasing risk,increasing risk,increasing risk,decreasing risk,decreasing risk,increasing risk,decreasing risk,decreasing risk,increasing risk,increasing risk,increasing risk,decreasing risk,increasing risk,0.5,5.9,16.0,25.7,20.0,18.8,0.56,3.02,0.0,low,0.48,2026-09-07,0.137,Safe,,,Rainfall today,Wave height,Rain near combined sewer outfalls,,,,0.24,True,Wind direction,7-day cumulative rainfall,Solar radiation (1 day ago),River discharge,Solar radiation (6 days ago),Average wave period (4 days ago),Low tide level (yesterday),High tide level,Air temperature (2 days ago),Lunar cycle,Rainfall (7 days ago),Solar radiation today,decreasing risk,increasing risk,increasing risk,decreasing risk,increasing risk,increasing risk,decreasing risk,decreasing risk,increasing risk,decreasing risk,decreasing risk,decreasing risk,decreasing risk,decreasing risk,increasing risk,0.0,6.5,17.0,25.8,20.7,18.6,1.04,2.93,0.0,low,0.48
21MABCH-MA984037-1,Kings - Location 1,,,2026-09-12,0.0928,Safe,,,Rainfall today,Air temperature (3 days ago),Water temperature (3 days ago),,,,0.24,True,River discharge,Wave period (1 day ago),7-day cumulative rainfall,Wave height (4 days ago),Wave height,Solar radiation today,Overnight low temperature,Alongshore wind today,Rain near combined sewer outfalls,Solar radiation (3 days ago),Solar radiation (1 day ago),Air temperature (2 days ago),decreasing risk,decreasing risk,increasing risk,decreasing risk,decreasing risk,decreasing risk,increasing risk,decreasing risk,increasing risk,decreasing risk,increasing risk,decreasing risk,increasing risk,decreasing risk,increasing risk,0.0,3.3,18.0,21.1,21.1,19.1,0.25,3.39,1.0,low,0.37,2026-09-08,0.1448,Safe,,,Rain near combined sewer outfalls,River discharge,Rainfall (7 days ago),,,,0.24,True,Solar radiation today,High tide level,7-day cumulative rainfall,Wave height (1 day ago),Water temperature (5 days ago),Solar radiation (1 day ago),Air temperature (2 days ago),Air temperature (3 days ago),River discharge (1 day ago),Average wave period (5 days ago),Low tide level,River discharge (5 days ago),decreasing risk,decreasing risk,increasing risk,increasing risk,decreasing risk,increasing risk,increasing risk,increasing risk,decreasing risk,decreasing risk,decreasing risk,increasing risk,increasing risk,decreasing risk,increasing risk,0.5,5.9,16.0,25.7,20.0,18.8,0.56,3.02,0.0,low,0.37,2026-09-07,0.137,Safe,,,Rainfall today,Wave height,7-day cumulative rainfall,,,,0.24,True,Rain near combined sewer outfalls,River discharge,Solar radiation (1 day ago),Solar radiation (6 days ago),Low tide level (yesterday),Average wave period (4 days ago),Wind direction,Solar radiation today,High tide level,Air temperature (2 days ago),Onshore wind (2 days ago),Rainfall (7 days ago),decreasing risk,increasing risk,increasing risk,increasing risk,decreasing risk,increasing risk,decreasing risk,decreasing risk,increasing risk,decreasing risk,increasing risk,decreasing risk,decreasing risk,increasing risk,decreasing risk,0.0,6.5,17.0,25.8,20.7,18.6,1.04,2.93,0.0,low,0.37
21MABCH-MA924979,Kings,,,2026-09-12,0.0928,Safe,,,Rainfall today,Wave period (1 day ago),Air temperature (3 days ago),,,,0.24,True,River discharge,Water temperature (3 days ago),7-day cumulative rainfall,Wave height (4 days ago),Solar radiation today,Wave height,Wave height (3 days ago),Alongshore wind today,Rain near combined sewer outfalls,Overnight low temperature,Average wave period (5 days ago),Solar radiation (3 days ago),decreasing risk,decreasing risk,decreasing risk,decreasing risk,increasing risk,decreasing risk,increasing risk,increasing risk,decreasing risk,decreasing risk,increasing risk,decreasing risk,decreasing risk,decreasing risk,increasing risk,0.0,3.3,18.0,21.1,21.1,19.1,0.25,3.39,1.0,low,0.48,2026-09-08,0.137,Safe,,,Wind direction,Rain near combined sewer outfalls,River discharge,,,,0.24,True,Rainfall (7 days ago),Solar radiation today,High tide level,Yesterday rainfall,Water temperature (5 days ago),Solar radiation (1 day ago),Air temperature (2 days ago),River discharge (1 day ago),Alongshore wind today,Low tide level,Air temperature (3 days ago),Average wave period (5 days ago),decreasing risk,decreasing risk,decreasing risk,increasing risk,increasing risk,decreasing risk,decreasing risk,increasing risk,decreasing risk,decreasing risk,increasing risk,increasing risk,decreasing risk,decreasing risk,increasing risk,0.5,5.9,16.0,25.7,20.0,18.8,0.56,3.02,0.0,low,0.48,2026-09-07,0.137,Safe,,,Rainfall today,Wave height,Rain near combined sewer outfalls,,,,0.24,True,Wind direction,7-day cumulative rainfall,River discharge,Solar radiation (6 days ago),Solar radiation (1 day ago),Average wave period (4 days ago),Low tide level (yesterday),High tide level,Air temperature (2 days ago),Rain and high tide combination,Lunar cycle,Rainfall (7 days ago),decreasing risk,increasing risk,increasing risk,decreasing risk,increasing risk,decreasing risk,decreasing risk,increasing risk,increasing risk,decreasing risk,decreasing risk,decreasing risk,increasing risk,decreasing risk,decreasing risk,0.0,6.5,17.0,25.8,20.7,18.6,1.04,2.93,0.0,low,0.48
21MABCH-MA446515,Kings,,,2026-09-12,0.2479,Unsafe,,,Rainfall today,Water temperature (3 days ago),Tide level at sample time,,,,0.24,True,Air temperature (3 days ago),River discharge,Wave period (1 day ago),Solar radiation today,Rain near combined sewer outfalls,Wave height (4 days ago),7-day cumulative rainfall,Wave height,Rainfall (7 days ago),Average wave period (5 days ago),Wind gusts,River discharge (1 day ago),decreasing risk,increasing risk,decreasing risk,decreasing risk,decreasing risk,decreasing risk,increasing risk,decreasing risk,increasing risk,decreasing risk,decreasing risk,increasing risk,decreasing risk,increasing risk,increasing risk,0.0,3.3,18.0,21.1,21.1,19.1,0.25,3.39,1.0,low,0.2,2026-09-08,0.443,Unsafe,,,Rain near combined sewer outfalls,River discharge,Rainfall today,,,,0.24,True,Solar radiation today,Rainfall (7 days ago),High tide level,Air temperature (2 days ago),River discharge (5 days ago),River discharge (1 day ago),Water temperature (5 days ago),Air temperature (3 days ago),Average wave period (5 days ago),Water temperature (3 days ago),Wave height (1 day ago),Wave period (2 days ago),decreasing risk,decreasing risk,increasing risk,increasing risk,increasing risk,decreasing risk,decreasing risk,increasing risk,increasing risk,increasing risk,decreasing risk,increasing risk,increasing risk,increasing risk,decreasing risk,0.5,5.9,16.0,25.7,20.0,18.8,0.56,3.02,0.0,low,0.2,2026-09-07,0.3178,Unsafe,,,Rainfall today,Rain near combined sewer outfalls,Wave height,,,,0.24,True,River discharge,Solar radiation (6 days ago),Low tide level (yesterday),Average wave period (4 days ago),Solar radiation today,Lunar cycle,High tide level,Air temperature (2 days ago),Onshore wind (2 days ago),Hours since high tide,Rainfall (7 days ago),7-day cumulative rainfall,decreasing risk,increasing risk,increasing risk,decreasing risk,decreasing risk,decreasing risk,increasing risk,increasing risk,decreasing risk,decreasing risk,decreasing risk,increasing risk,decreasing risk,decreasing risk,increasing risk,0.0,6.5,17.0,25.8,20.7,18.6,1.04,2.93,0.0,low,0.2
21MABCH-MA737501,Kings,,,2026-09-12,0.2411,Unsafe,,,Rainfall today,Air temperature (3 days ago),Tide level at sample time,,,,0.24,True,River discharge,Water temperature (3 days ago),Wave period (1 day ago),Wave height (4 days ago),Rain near combined sewer outfalls,Solar radiation today,7-day cumulative rainfall,Wind gusts,Wave height,Average wave period (5 days ago),Rainfall (7 days ago),Air temperature (2 days ago),decreasing risk,decreasing risk,decreasing risk,decreasing risk,increasing risk,decreasing risk,increasing risk,decreasing risk,increasing risk,decreasing risk,increasing risk,decreasing risk,decreasing risk,increasing risk,increasing risk,0.0,3.3,18.0,21.1,21.1,19.1,0.25,3.39,1.0,low,0.17,2026-09-08,0.2696,Unsafe,,,Rain near combined sewer outfalls,Wind direction,River discharge,,,,0.24,True,Rainfall (7 days ago),High tide level,Solar radiation today,Rainfall today,Yesterday rainfall,Air temperature (2 days ago),Solar radiation (1 day ago),River discharge (1 day ago),Wave period (2 days ago),Water temperature (5 days ago),Air temperature (3 days ago),River discharge (5 days ago),decreasing risk,decreasing risk,decreasing risk,increasing risk,decreasing risk,increasing risk,increasing risk,decreasing risk,decreasing risk,decreasing risk,increasing risk,decreasing risk,increasing risk,decreasing risk,increasing risk,0.5,5.9,16.0,25.7,20.0,18.8,0.56,3.02,0.0,low,0.17,2026-09-07,0.2479,Unsafe,,,Rainfall today,Rain near combined sewer outfalls,Wave height,,,,0.24,True,River discharge,7-day cumulative rainfall,Solar radiation (6 days ago),Average wave period (4 days ago),Low tide level (yesterday),High tide level,Air temperature (2 days ago),Lunar cycle,Solar radiation (1 day ago),Onshore wind (2 days ago),Wind direction,Onshore wave energy today,decreasing risk,increasing risk,increasing risk,decreasing risk,increasing risk,decreasing risk,increasing risk,decreasing risk,decreasing risk,decreasing risk,decreasing risk,increasing risk,increasing risk,decreasing risk,increasing risk,0.0,6.5,17.0,25.8,20.7,18.6,1.04,2.93,0.0,low,0.17
21MABCH-MA565550,Kings,,,2026-09-12,0.7727,Unsafe,,,Rainfall today,Tide level at sample time,Air temperature (3 days ago),,,,0.24,True,Wave period (1 day ago),Water temperature (3 days ago),River discharge,Wave height (4 days ago),Solar radiation today,Onshore wave energy today,Wind gusts,Average wave period (5 days ago),Wave height,River discharge (1 day ago),Onshore wind (1 day ago),Low tide level,decreasing risk,decreasing risk,decreasing risk,decreasing risk,increasing risk,decreasing risk,increasing risk,increasing risk,decreasing risk,increasing risk,decreasing risk,decreasing risk,increasing risk,increasing risk,increasing risk,0.0,3.3,18.0,21.1,21.1,19.1,0.25,3.39,1.0,low,0.1,2026-09-08,0.7727,Unsafe,,,Rain near combined sewer outfalls,Solar radiation today,River discharge,,,,0.24,True,High tide level,Air temperature (2 days ago),Onshore wind (1 day ago),Wind gusts,Rainfall (7 days ago),River discharge (1 day ago),Alongshore wind today,Yesterday rainfall,Rain and high tide combination,Air temperature (3 days ago),Wind direction,Seasonal pattern,decreasing risk,increasing risk,decreasing risk,decreasing risk,decreasing risk,increasing risk,increasing risk,increasing risk,increasing risk,increasing risk,decreasing risk,decreasing risk,decreasing risk,decreasing risk,increasing risk,0.5,5.9,16.0,25.7,20.0,18.8,0.56,3.02,0.0,low,0.1,2026-09-07,0.7727,Unsafe,,,Rainfall today,Wave height,Rain near combined sewer outfalls,,,,0.24,True,River discharge,Rain and high tide combination,Solar radiation (6 days ago),Average wave period (4 days ago),Onshore wind (2 days ago),Solar radiation today,Lunar cycle,High tide level,Solar radiation (1 day ago),Wave period,Wind gusts,Air temperature (2 days ago),decreasing risk,increasing risk,increasing risk,decreasing risk,increasing risk,decreasing risk,increasing risk,increasing risk,increasing risk,decreasing risk,decreasing risk,increasing risk,decreasing risk,increasing risk,decreasing risk,0.0,6.5,17.0,25.8,20.7,18.6,1.04,2.93,0.0,low,0.1
21MABCH-MA579166,Kings,,,2026-09-12,0.0928,Safe,,,Rainfall today,Wave period (1 day ago),Air temperature (3 days ago),,,,0.24,True,River discharge,Water temperature (3 days ago),7-day cumulative rainfall,Wave height (4 days ago),Solar radiation today,Wave height,Wave height (3 days ago),Alongshore wind today,Average wave period (5 days ago),Overnight low temperature,Rain near combined sewer outfalls,Solar radiation (3 days ago),decreasing risk,decreasing risk,decreasing risk,decreasing risk,increasing risk,decreasing risk,increasing risk,increasing risk,decreasing risk,decreasing risk,increasing risk,decreasing risk,decreasing risk,decreasing risk,increasing risk,0.0,3.3,18.0,21.1,21.1,19.1,0.25,3.39,1.0,low,0.28,2026-09-08,0.1448,Safe,,,Wind direction,Rain near combined sewer outfalls,River discharge,,,,0.24,True,Rainfall (7 days ago),Rainfall today,Solar radiation today,High tide level,Yesterday rainfall,Solar radiation (1 day ago),Air temperature (2 days ago),Water temperature (5 days ago),River discharge (1 day ago),Low tide level,Air temperature (3 days ago),Solar radiation (3 days ago),decreasing risk,decreasing risk,decreasing risk,increasing risk,increasing risk,increasing risk,decreasing risk,decreasing risk,decreasing risk,decreasing risk,increasing risk,increasing risk,decreasing risk,decreasing risk,increasing risk,0.5,5.9,16.0,25.7,20.0,18.8,0.56,3.02,0.0,low,0.28,2026-09-07,0.1448,Safe,,,Rainfall today,Wave height,Rain near combined sewer outfalls,,,,0.24,True,River discharge,7-day cumulative rainfall,Wind direction,Solar radiation (6 days ago),Solar radiation (1 day ago),Average wave period (4 days ago),High tide level,Low tide level (yesterday),Air temperature (2 days ago),Rain and high tide combination,Lunar cycle,Rainfall (7 days ago),decreasing risk,increasing risk,increasing risk,decreasing risk,increasing risk,decreasing risk,decreasing risk,increasing risk,increasing risk,decreasing risk,decreasing risk,decreasing risk,increasing risk,decreasing risk,decreasing risk,0.0,6.5,17.0,25.8,20.7,18.6,1.04,2.93,0.0,low,0.28
21MABCH-MA984037,Kings,,,2026-09-12,0.0897,Safe,,,Rainfall today,Air temperature (3 days ago),Water temperature (3 days ago),,,,0.24,True,Wave period (1 day ago),River discharge,7-day cumulative rainfall,Wave height,Wave height (4 days ago),Solar radiation today,Overnight low temperature,Rain near combined sewer outfalls,Solar radiation (3 days ago),Alongshore wind today,Rainfall (7 days ago),Low tide level (yesterday),decreasing risk,decreasing risk,increasing risk,decreasing risk,decreasing risk,decreasing risk,decreasing risk,increasing risk,increasing risk,decreasing risk,decreasing risk,increasing risk,increasing risk,increasing risk,increasing risk,0.0,3.3,18.0,21.1,21.1,19.1,0.25,3.39,1.0,low,0.37,2026-09-08,0.1931,Safe,,,Rain near combined sewer outfalls,River discharge,Rainfall today,,,,0.24,True,Rainfall (7 days ago),Solar radiation today,High tide level,Solar radiation (1 day ago),Wave height (1 day ago),Water temperature (5 days ago),Air temperature (3 days ago),Low tide level,Air temperature (2 days ago),River discharge (1 day ago),7-day cumulative rainfall,Average wave period (5 days ago),decreasing risk,decreasing risk,increasing risk,increasing risk,increasing risk,decreasing risk,decreasing risk,increasing risk,increasing risk,decreasing risk,decreasing risk,decreasing risk,increasing risk,increasing risk,increasing risk,0.5,5.9,16.0,25.7,20.0,18.8,0.56,3.02,0.0,low,0.37,2026-09-07,0.1448,Safe,,,Rainfall today,Wave height,Rain near combined sewer outfalls,,,,0.24,True,7-day cumulative rainfall,River discharge,Solar radiation (6 days ago),Average wave period (4 days ago),Solar radiation (1 day ago),Low tide level (yesterday),High tide level,Rain and high tide combination,Solar radiation today,Air temperature (2 days ago),Wind direction,Onshore wind (2 days ago),decreasing risk,increasing risk,increasing risk,increasing risk,decreasing risk,decreasing risk,increasing risk,increasing risk,decreasing risk,decreasing risk,increasing risk,increasing risk,decreasing risk,decreasing risk,increasing risk,0.0,6.5,17.0,25.8,20.7,18.6,1.04,2.93,0.0,low,0.37
