StationCode,StationName,prediction_date,exc_probability,prediction,threshold,no_recent_sample,top_factor_1,top_factor_2,top_factor_3,top_factor_4,top_factor_5,top_factor_6,top_factor_7,top_factor_8,top_factor_9,top_factor_10,top_factor_11,top_factor_12,top_factor_13,top_factor_14,top_factor_15,shap_direction_1,shap_direction_2,shap_direction_3,shap_direction_4,shap_direction_5,shap_direction_6,shap_direction_7,shap_direction_8,shap_direction_9,shap_direction_10,shap_direction_11,shap_direction_12,shap_direction_13,shap_direction_14,shap_direction_15,rain_today_mm,rain_prior3d_mm,wind_kph,air_temp_c,solar_mj,water_temp_c,wave_height_m,tide_range_m,spring_tide,river_flow,cso_dist_km
21MABCH-MA005593,Donovans,2026-09-07,0.1604,Unsafe,0.13,True,Rainfall today,River discharge,Rain near combined sewer outfalls,Solar radiation (6 days ago),Solar radiation (1 day ago),Wave height,Low tide level (yesterday),Average wave period (4 days ago),High tide level,Lunar cycle,Yesterday rainfall,Hours since high tide,Tidal range,Solar radiation today,7-day cumulative rainfall,decreasing risk,decreasing risk,increasing risk,decreasing risk,increasing risk,increasing risk,decreasing risk,increasing risk,decreasing risk,decreasing risk,decreasing risk,decreasing risk,decreasing risk,increasing risk,increasing risk,0.0,6.1,18.0,25.7,20.7,18.6,1.04,2.93,0.0,low,2.91
21MABCH-MA005593-1,Donovans - Location 1,2026-09-07,0.1448,Unsafe,0.13,True,Rainfall today,Rain near combined sewer outfalls,River discharge,7-day cumulative rainfall,Solar radiation (1 day ago),Solar radiation (6 days ago),Low tide level (yesterday),Wave height,Average wave period (4 days ago),High tide level,Yesterday rainfall,Lunar cycle,Onshore wave energy today,Water temperature (5 days ago),Solar radiation today,decreasing risk,increasing risk,decreasing risk,increasing risk,increasing risk,decreasing risk,decreasing risk,increasing risk,increasing risk,decreasing risk,decreasing risk,decreasing risk,increasing risk,increasing risk,increasing risk,0.0,6.1,18.0,25.7,20.7,18.6,1.04,2.93,0.0,low,2.91
21MABCH-MA026091,Steps,2026-09-07,0.0928,Safe,0.13,True,Wave height,Rainfall today,Solar radiation (6 days ago),Solar radiation (1 day ago),River discharge,7-day cumulative rainfall,Low tide level (yesterday),High tide level,Average wave period (4 days ago),Average wave period (5 days ago),Rain and high tide combination,Low tide level,Hours since high tide,Air temperature (2 days ago),Lunar cycle,increasing risk,decreasing risk,decreasing risk,increasing risk,decreasing risk,increasing risk,decreasing risk,decreasing risk,increasing risk,increasing risk,increasing risk,decreasing risk,decreasing risk,decreasing risk,decreasing risk,0.0,6.5,17.0,25.8,20.7,18.6,1.04,2.93,0.0,low,8.56
21MABCH-MA026091-1,Steps - Location 1,2026-09-07,0.0928,Safe,0.13,True,Wave height,Rainfall today,Solar radiation (6 days ago),Solar radiation (1 day ago),River discharge,7-day cumulative rainfall,Low tide level (yesterday),High tide level,Average wave period (4 days ago),Average wave period (5 days ago),Rain and high tide combination,Low tide level,Hours since high tide,Air temperature (2 days ago),Lunar cycle,increasing risk,decreasing risk,decreasing risk,increasing risk,decreasing risk,increasing risk,decreasing risk,decreasing risk,increasing risk,increasing risk,increasing risk,decreasing risk,decreasing risk,decreasing risk,decreasing risk,0.0,6.5,17.0,25.8,20.7,18.6,1.04,2.93,0.0,low,8.56
21MABCH-MA035626,Broady (Baker),2026-09-07,0.1604,Unsafe,0.13,True,Rainfall today,Wave height,River discharge,Solar radiation (1 day ago),Rain near combined sewer outfalls,7-day cumulative rainfall,Solar radiation (6 days ago),Low tide level (yesterday),Average wave period (4 days ago),High tide level,Tidal range,Solar radiation today,Rain and high tide combination,Lunar cycle,Hours since high tide,decreasing risk,increasing risk,decreasing risk,increasing risk,increasing risk,increasing risk,decreasing risk,decreasing risk,increasing risk,decreasing risk,decreasing risk,increasing risk,increasing risk,decreasing risk,decreasing risk,0.0,4.4,18.0,26.0,20.9,18.6,1.04,2.93,0.0,low,9.39
21MABCH-MA035626-1,Broady (Baker) - Location 1,2026-09-07,0.1604,Unsafe,0.13,True,Rainfall today,Wave height,Rain near combined sewer outfalls,River discharge,7-day cumulative rainfall,Solar radiation (1 day ago),Solar radiation (6 days ago),Low tide level (yesterday),Average wave period (4 days ago),Average wave period (5 days ago),Solar radiation today,High tide level,Lunar cycle,Hours since high tide,Onshore wind (2 days ago),decreasing risk,increasing risk,increasing risk,decreasing risk,increasing risk,increasing risk,decreasing risk,decreasing risk,increasing risk,increasing risk,increasing risk,decreasing risk,decreasing risk,decreasing risk,increasing risk,0.0,4.4,18.0,26.0,20.9,18.6,1.04,2.93,0.0,low,9.39
21MABCH-MA050037,Lynch Park,2026-09-07,0.137,Unsafe,0.13,True,Rainfall today,Wave height,Solar radiation (6 days ago),Rain near combined sewer outfalls,Low tide level (yesterday),7-day cumulative rainfall,Solar radiation (1 day ago),High tide level,Rain and high tide combination,Average wave period (4 days ago),River discharge (4 days ago),River discharge,Hours since high tide,Lunar cycle,Average wave period (5 days ago),decreasing risk,increasing risk,decreasing risk,decreasing risk,decreasing risk,increasing risk,increasing risk,decreasing risk,increasing risk,increasing risk,increasing risk,increasing risk,decreasing risk,decreasing risk,increasing risk,0.0,6.5,17.0,25.8,20.7,18.6,1.04,2.93,0.0,low,10.08
21MABCH-MA050037-1,Lynch Park - Location 1,2026-09-07,0.0853,Safe,0.13,True,Rainfall today,Solar radiation (6 days ago),Wave height,Solar radiation (1 day ago),Rain and high tide combination,High tide level,Rain near combined sewer outfalls,Lunar cycle,Onshore wind (2 days ago),Alongshore wind today,Water temperature (5 days ago),Low tide level (yesterday),Wave period (2 days ago),River discharge,7-day cumulative rainfall,decreasing risk,decreasing risk,increasing risk,increasing risk,increasing risk,decreasing risk,decreasing risk,decreasing risk,increasing risk,increasing risk,increasing risk,decreasing risk,decreasing risk,increasing risk,increasing risk,0.0,6.5,17.0,25.8,20.7,18.6,1.04,2.93,0.0,low,10.08
21MABCH-MA053694,Short,2026-09-07,0.137,Unsafe,0.13,True,Rainfall today,Wave height,Rain near combined sewer outfalls,River discharge,7-day cumulative rainfall,Solar radiation (1 day ago),Solar radiation (6 days ago),Low tide level (yesterday),Average wave period (4 days ago),High tide level,Average wave period (5 days ago),Rain and high tide combination,Lunar cycle,Water temperature (5 days ago),Onshore wind (2 days ago),decreasing risk,increasing risk,increasing risk,decreasing risk,increasing risk,increasing risk,decreasing risk,decreasing risk,increasing risk,decreasing risk,increasing risk,increasing risk,decreasing risk,increasing risk,increasing risk,0.0,6.5,17.0,25.9,20.7,18.6,1.04,2.93,0.0,low,3.55
21MABCH-MA053694-1,Short - Location 1,2026-09-07,0.0845,Safe,0.13,True,Rainfall today,River discharge,Wave height,Solar radiation (1 day ago),Solar radiation (6 days ago),Onshore wind (2 days ago),Rain near combined sewer outfalls,High tide level,Lunar cycle,Rain and high tide combination,Water temperature (5 days ago),Average wave period (4 days ago),7-day cumulative rainfall,Solar radiation today,Low tide level (yesterday),decreasing risk,decreasing risk,increasing risk,increasing risk,decreasing risk,increasing risk,increasing risk,decreasing risk,decreasing risk,increasing risk,increasing risk,increasing risk,increasing risk,increasing risk,decreasing risk,0.0,6.5,17.0,25.9,20.7,18.6,1.04,2.93,0.0,low,3.55
21MABCH-MA065933,Sunset Road,2026-09-07,0.137,Unsafe,0.13,True,Rainfall today,Wave height,Rain near combined sewer outfalls,7-day cumulative rainfall,Solar radiation (6 days ago),River discharge,Low tide level (yesterday),Rain and high tide combination,Solar radiation (1 day ago),High tide level,Average wave period (4 days ago),Onshore wind (2 days ago),Hours since high tide,Air temperature (2 days ago),Lunar cycle,decreasing risk,increasing risk,increasing risk,increasing risk,decreasing risk,decreasing risk,decreasing risk,increasing risk,increasing risk,decreasing risk,increasing risk,increasing risk,decreasing risk,decreasing risk,decreasing risk,0.0,6.5,17.0,25.8,20.7,18.6,1.04,2.93,0.0,low,6.42
21MABCH-MA082695,Good Harbor Creek,2026-09-07,0.0853,Safe,0.13,True,Rainfall today,Wave height,Rain near combined sewer outfalls,River discharge,High tide level,7-day cumulative rainfall,Solar radiation (6 days ago),Low tide level (yesterday),Average wave period (4 days ago),Tidal range,Onshore wind (2 days ago),Solar radiation today,Alongshore wind today,30-day cumulative rainfall,Wind direction,decreasing risk,increasing risk,increasing risk,decreasing risk,decreasing risk,increasing risk,decreasing risk,decreasing risk,increasing risk,decreasing risk,increasing risk,increasing risk,increasing risk,decreasing risk,decreasing risk,0.0,1.9,17.0,25.3,20.8,18.6,1.04,2.93,0.0,low,1.27
21MABCH-MA082695-1,Good Harbor Creek - Location 1,2026-09-07,0.0749,Safe,0.13,True,Rainfall today,Rain near combined sewer outfalls,Wave height,River discharge,7-day cumulative rainfall,High tide level,Solar radiation (6 days ago),Low tide level (yesterday),Average wave period (4 days ago),Alongshore wind today,Solar radiation today,Onshore wind (2 days ago),Average wave period (5 days ago),6-day cumulative rainfall,30-day cumulative rainfall,decreasing risk,increasing risk,increasing risk,decreasing risk,increasing risk,decreasing risk,decreasing risk,decreasing risk,increasing risk,increasing risk,increasing risk,increasing risk,increasing risk,increasing risk,decreasing risk,0.0,1.9,17.0,25.3,20.8,18.6,1.04,2.93,0.0,low,1.27
21MABCH-MA100769,Chikatawbot,2026-09-07,0.1448,Unsafe,0.13,True,Rainfall today,Wave height,Rain near combined sewer outfalls,River discharge,7-day cumulative rainfall,Solar radiation (6 days ago),Solar radiation (1 day ago),Low tide level (yesterday),Average wave period (4 days ago),Average wave period (5 days ago),High tide level,Lunar cycle,Hours since high tide,Rain and high tide combination,Solar radiation today,decreasing risk,increasing risk,increasing risk,decreasing risk,increasing risk,decreasing risk,increasing risk,decreasing risk,increasing risk,increasing risk,decreasing risk,decreasing risk,decreasing risk,increasing risk,increasing risk,0.0,4.4,18.0,26.0,20.9,18.6,1.04,2.93,0.0,low,7.86
21MABCH-MA100769-1,Chikatawbot - Location 1,2026-09-07,0.1412,Unsafe,0.13,True,Rainfall today,Wave height,Rain near combined sewer outfalls,Solar radiation (1 day ago),7-day cumulative rainfall,River discharge,Solar radiation (6 days ago),Low tide level (yesterday),Average wave period (4 days ago),Average wave period (5 days ago),High tide level,Yesterday rainfall,Water temperature (5 days ago),Lunar cycle,Hours since high tide,decreasing risk,increasing risk,increasing risk,increasing risk,increasing risk,decreasing risk,decreasing risk,decreasing risk,increasing risk,increasing risk,decreasing risk,decreasing risk,increasing risk,decreasing risk,decreasing risk,0.0,4.4,18.0,26.0,20.9,18.6,1.04,2.93,0.0,low,7.86
21MABCH-MA102019,Sandy Beach,2026-09-07,0.0928,Safe,0.13,True,Rainfall today,Wave height,River discharge,High tide level,Rain near combined sewer outfalls,7-day cumulative rainfall,Low tide level (yesterday),Air temperature (1 day ago),Solar radiation (6 days ago),Wind speed (3 days ago),Average wave period (4 days ago),Yesterday rainfall,Water temperature (5 days ago),Solar radiation today,Tide level at sample time,decreasing risk,increasing risk,decreasing risk,decreasing risk,decreasing risk,increasing risk,decreasing risk,increasing risk,decreasing risk,decreasing risk,increasing risk,decreasing risk,increasing risk,increasing risk,increasing risk,0.0,2.2,18.0,25.3,21.5,18.6,1.04,2.93,0.0,low,20.33
21MABCH-MA102019-1,Sandy Beach (Cohasset) - Location 1,2026-09-07,0.0554,Safe,0.13,True,Rainfall today,River discharge,Wave height,High tide level,Air temperature (1 day ago),Solar radiation (6 days ago),Rain near combined sewer outfalls,Wave period (2 days ago),Water temperature (5 days ago),Solar radiation today,Onshore wind (2 days ago),Lunar cycle,Tide level at sample time,7-day cumulative rainfall,Low tide level (yesterday),decreasing risk,decreasing risk,increasing risk,decreasing risk,increasing risk,decreasing risk,decreasing risk,decreasing risk,increasing risk,increasing risk,increasing risk,decreasing risk,increasing risk,increasing risk,decreasing risk,0.0,2.2,18.0,25.3,21.5,18.6,1.04,2.93,0.0,low,20.33
21MABCH-MA104582,Nantasket,2026-09-07,0.0554,Safe,0.13,True,Rainfall today,Wave height,Rain near combined sewer outfalls,River discharge,Solar radiation (1 day ago),High tide level,Solar radiation (6 days ago),7-day cumulative rainfall,Air temperature (1 day ago),Rain and high tide combination,Wave period (5 days ago),Onshore wind (2 days ago),Wave period (2 days ago),Water temperature (5 days ago),Low tide level (yesterday),decreasing risk,increasing risk,decreasing risk,decreasing risk,increasing risk,decreasing risk,decreasing risk,increasing risk,increasing risk,increasing risk,increasing risk,increasing risk,decreasing risk,increasing risk,decreasing risk,0.0,3.3,18.0,25.6,21.2,18.6,1.04,2.93,0.0,low,15.35
21MABCH-MA124463,Tenean,2026-09-07,0.1448,Safe,0.17,True,Rainfall today,Rain near combined sewer outfalls,Wave height,River discharge,7-day cumulative rainfall,Solar radiation (1 day ago),Low tide level (yesterday),Solar radiation (6 days ago),Lunar cycle,High tide level,Wave height (1 day ago),Onshore wave energy today,Rain and high tide combination,Solar radiation today,Water temperature (5 days ago),decreasing risk,increasing risk,increasing risk,decreasing risk,increasing risk,increasing risk,decreasing risk,decreasing risk,decreasing risk,decreasing risk,increasing risk,increasing risk,increasing risk,increasing risk,increasing risk,0.0,4.4,18.0,26.0,20.9,18.6,1.04,2.93,0.0,low,3.76
21MABCH-MA124463-1,Tenean (DCR) - Location 1,2026-09-07,0.1604,Safe,0.17,False,Rainfall today,Rain near combined sewer outfalls,Wave height,River discharge,7-day cumulative rainfall,Solar radiation (1 day ago),Low tide level (yesterday),Solar radiation (6 days ago),Rain and high tide combination,Lunar cycle,Onshore wave energy today,High tide level,Wave height (1 day ago),Solar radiation today,Average wave period (5 days ago),decreasing risk,increasing risk,increasing risk,decreasing risk,increasing risk,increasing risk,decreasing risk,decreasing risk,increasing risk,decreasing risk,increasing risk,decreasing risk,increasing risk,increasing risk,increasing risk,0.0,4.4,18.0,26.0,20.9,18.6,1.04,2.93,0.0,low,3.76
21MABCH-MA129354,Front Beach,2026-09-07,0.0483,Safe,0.13,True,Wave height,Rainfall today,River discharge,Solar radiation (6 days ago),High tide level,Low tide level (yesterday),7-day cumulative rainfall,Rain near combined sewer outfalls,Yesterday rainfall,Rainfall (6 days ago),Solar radiation today,30-day cumulative rainfall,Average wave period (5 days ago),Low tide level,Average wave period (4 days ago),increasing risk,decreasing risk,decreasing risk,decreasing risk,decreasing risk,decreasing risk,increasing risk,decreasing risk,decreasing risk,increasing risk,increasing risk,decreasing risk,increasing risk,decreasing risk,increasing risk,0.0,1.9,17.0,25.3,20.8,18.6,1.04,2.93,0.0,low,7.96
21MABCH-MA129354-1,Front Beach (Essex) - Location 1,2026-09-07,0.0289,Safe,0.13,True,Rainfall today,Solar radiation (6 days ago),River discharge,High tide level,Wave height,Rain near combined sewer outfalls,Onshore wind (2 days ago),Solar radiation today,Alongshore wind today,Wave period (2 days ago),Low tide level (yesterday),Lunar cycle,Rainfall (6 days ago),Yesterday rainfall,Water temperature (5 days ago),decreasing risk,decreasing risk,decreasing risk,decreasing risk,increasing risk,decreasing risk,increasing risk,increasing risk,increasing risk,decreasing risk,decreasing risk,decreasing risk,increasing risk,decreasing risk,increasing risk,0.0,1.9,17.0,25.3,20.8,18.6,1.04,2.93,0.0,low,7.96
21MABCH-MA130081,Sandy Point,2026-09-07,0.137,Unsafe,0.13,True,Rainfall today,Wave height,Solar radiation (6 days ago),7-day cumulative rainfall,Solar radiation (1 day ago),Low tide level (yesterday),Rain and high tide combination,High tide level,Average wave period (4 days ago),River discharge (4 days ago),River discharge,Rain near combined sewer outfalls,Lunar cycle,Hours since high tide,Average wave period (5 days ago),decreasing risk,increasing risk,decreasing risk,increasing risk,increasing risk,decreasing risk,increasing risk,decreasing risk,increasing risk,increasing risk,increasing risk,decreasing risk,decreasing risk,decreasing risk,increasing risk,0.0,6.5,17.0,25.8,20.7,18.6,1.04,2.93,0.0,low,8.94
21MABCH-MA130081-1,Sandy Point - Location 1,2026-09-07,0.0853,Safe,0.13,True,Rainfall today,Solar radiation (6 days ago),Wave height,Solar radiation (1 day ago),High tide level,Rain and high tide combination,Onshore wind (2 days ago),Wave period (2 days ago),Lunar cycle,7-day cumulative rainfall,River discharge,Alongshore wind today,Low tide level (yesterday),Rain near combined sewer outfalls,Water temperature (5 days ago),decreasing risk,decreasing risk,increasing risk,increasing risk,decreasing risk,increasing risk,increasing risk,decreasing risk,decreasing risk,increasing risk,increasing risk,increasing risk,decreasing risk,decreasing risk,increasing risk,0.0,6.5,17.0,25.8,20.7,18.6,1.04,2.93,0.0,low,8.94
21MABCH-MA133692,Delano Ave.,2026-09-07,0.1604,Unsafe,0.13,True,Rainfall today,Wave height,Solar radiation (1 day ago),River discharge,Rain near combined sewer outfalls,7-day cumulative rainfall,Solar radiation (6 days ago),Low tide level (yesterday),Average wave period (4 days ago),High tide level,Tidal range,Rain and high tide combination,Lunar cycle,Solar radiation today,Hours since high tide,decreasing risk,increasing risk,increasing risk,decreasing risk,increasing risk,increasing risk,decreasing risk,decreasing risk,increasing risk,decreasing risk,decreasing risk,increasing risk,decreasing risk,increasing risk,decreasing risk,0.0,4.4,18.0,26.0,20.9,18.6,1.04,2.93,0.0,low,8.94
21MABCH-MA133692-1,Delano Ave. - location 1,2026-09-07,0.1604,Unsafe,0.13,True,Rainfall today,Wave height,Rain near combined sewer outfalls,River discharge,7-day cumulative rainfall,Solar radiation (1 day ago),Solar radiation (6 days ago),Low tide level (yesterday),Average wave period (4 days ago),Average wave period (5 days ago),Solar radiation today,High tide level,Lunar cycle,Hours since high tide,Rain and high tide combination,decreasing risk,increasing risk,increasing risk,decreasing risk,increasing risk,increasing risk,decreasing risk,decreasing risk,increasing risk,increasing risk,increasing risk,decreasing risk,decreasing risk,decreasing risk,increasing risk,0.0,4.4,18.0,26.0,20.9,18.6,1.04,2.93,0.0,low,8.94
21MABCH-MA135071,Nantasket,2026-09-07,0.0554,Safe,0.13,True,Rainfall today,Wave height,Solar radiation (1 day ago),High tide level,Rain near combined sewer outfalls,River discharge,Solar radiation (6 days ago),Wave period (5 days ago),Air temperature (1 day ago),Rain and high tide combination,Onshore wind (2 days ago),Water temperature (5 days ago),Wave period (2 days ago),7-day cumulative rainfall,Lunar cycle,decreasing risk,increasing risk,increasing risk,decreasing risk,decreasing risk,decreasing risk,decreasing risk,increasing risk,increasing risk,increasing risk,increasing risk,increasing risk,decreasing risk,increasing risk,decreasing risk,0.0,3.3,18.0,25.6,21.2,18.6,1.04,2.93,0.0,low,14.27
21MABCH-MA136039,A Street Bay Side,2026-09-07,0.1146,Safe,0.13,True,Rainfall today,Wave height,River discharge,Rain near combined sewer outfalls,Solar radiation (1 day ago),Solar radiation (6 days ago),Low tide level (yesterday),High tide level,7-day cumulative rainfall,Rain and high tide combination,Average wave period (5 days ago),Average wave period (4 days ago),Water temperature (5 days ago),Hours since high tide,Low tide level,decreasing risk,increasing risk,decreasing risk,decreasing risk,increasing risk,decreasing risk,decreasing risk,decreasing risk,increasing risk,increasing risk,increasing risk,increasing risk,increasing risk,decreasing risk,decreasing risk,0.0,3.3,18.0,25.6,21.2,18.6,1.04,2.93,0.0,low,12.51
21MABCH-MA136039-1,A Street Bay Side - Location 1,2026-09-07,0.0853,Safe,0.13,True,Rainfall today,Wave height,Solar radiation (1 day ago),Solar radiation (6 days ago),River discharge,High tide level,Rain near combined sewer outfalls,Rain and high tide combination,Water temperature (5 days ago),Wave period (2 days ago),Onshore wind (2 days ago),Low tide level (yesterday),Solar radiation today,Lunar cycle,Average wave period (4 days ago),decreasing risk,increasing risk,increasing risk,decreasing risk,decreasing risk,decreasing risk,decreasing risk,increasing risk,increasing risk,decreasing risk,increasing risk,decreasing risk,increasing risk,decreasing risk,increasing risk,0.0,3.3,18.0,25.6,21.2,18.6,1.04,2.93,0.0,low,12.51
21MABCH-MA140145,Lovell's Island,2026-09-07,0.0853,Safe,0.13,True,Rainfall today,Wave height,Solar radiation (6 days ago),Solar radiation (1 day ago),River discharge,Rain near combined sewer outfalls,Onshore wind (2 days ago),High tide level,Average wave period (4 days ago),Rain and high tide combination,Wave period (2 days ago),Lunar cycle,Water temperature (5 days ago),Alongshore wind today,7-day cumulative rainfall,decreasing risk,increasing risk,decreasing risk,increasing risk,decreasing risk,increasing risk,increasing risk,decreasing risk,increasing risk,increasing risk,decreasing risk,decreasing risk,increasing risk,increasing risk,increasing risk,0.0,3.3,18.0,25.6,21.2,18.6,1.04,2.93,0.0,low,8.06
21MABCH-MA140145-1,Lovell's Island (DCR) - Location 1,2026-09-07,0.0853,Safe,0.13,True,Rainfall today,Wave height,Solar radiation (6 days ago),Solar radiation (1 day ago),River discharge,Rain near combined sewer outfalls,Onshore wind (2 days ago),High tide level,Average wave period (4 days ago),Rain and high tide combination,Lunar cycle,Water temperature (5 days ago),Wave period (2 days ago),Alongshore wind today,7-day cumulative rainfall,decreasing risk,increasing risk,decreasing risk,increasing risk,decreasing risk,increasing risk,increasing risk,decreasing risk,increasing risk,increasing risk,decreasing risk,increasing risk,decreasing risk,increasing risk,increasing risk,0.0,3.3,18.0,25.6,21.2,18.6,1.04,2.93,0.0,low,8.06
21MABCH-MA140455,Sandy Cove,2026-09-07,0.12,Safe,0.13,True,Rainfall today,Wave height,River discharge,High tide level,Alongshore wind today,Rain near combined sewer outfalls,Low tide level (yesterday),Air temperature (1 day ago),Solar radiation (6 days ago),Solar radiation today,Wind speed (3 days ago),Hours since high tide,Tidal range,Average wave period (4 days ago),Tide level at sample time,decreasing risk,increasing risk,decreasing risk,decreasing risk,increasing risk,decreasing risk,decreasing risk,increasing risk,decreasing risk,increasing risk,decreasing risk,decreasing risk,decreasing risk,increasing risk,increasing risk,0.0,2.2,18.0,25.3,21.5,18.6,1.04,2.93,0.0,low,21.35
21MABCH-MA141196,George E. Lane,2026-09-07,0.1412,Unsafe,0.13,True,Rainfall today,Wave height,River discharge,Solar radiation (1 day ago),Alongshore wind today,Rain near combined sewer outfalls,Solar radiation (6 days ago),7-day cumulative rainfall,Low tide level (yesterday),High tide level,Average wave period (4 days ago),Average wave period (5 days ago),Solar radiation today,Water temperature (5 days ago),Lunar cycle,decreasing risk,increasing risk,decreasing risk,increasing risk,increasing risk,decreasing risk,decreasing risk,increasing risk,decreasing risk,decreasing risk,increasing risk,increasing risk,increasing risk,increasing risk,decreasing risk,0.0,3.3,18.0,25.6,21.2,18.6,1.04,2.93,0.0,low,11.32
21MABCH-MA141196-1,George E. Lane - Location 1,2026-09-07,0.0853,Safe,0.13,True,Rainfall today,Wave height,Alongshore wind today,Solar radiation (1 day ago),Solar radiation (6 days ago),High tide level,River discharge,Solar radiation today,Rain and high tide combination,Lunar cycle,Rain near combined sewer outfalls,Water temperature (5 days ago),Average wave period (4 days ago),Wave period (2 days ago),Low tide level (yesterday),decreasing risk,increasing risk,increasing risk,increasing risk,decreasing risk,decreasing risk,decreasing risk,increasing risk,increasing risk,decreasing risk,decreasing risk,increasing risk,increasing risk,decreasing risk,decreasing risk,0.0,3.3,18.0,25.6,21.2,18.6,1.04,2.93,0.0,low,11.32
21MABCH-MA148482,Minot,2026-09-07,0.1147,Safe,0.13,True,Rainfall today,Wave height,River discharge,7-day cumulative rainfall,High tide level,Rain near combined sewer outfalls,Low tide level (yesterday),Air temperature (1 day ago),Solar radiation (6 days ago),Wind speed (3 days ago),Water temperature (5 days ago),Average wave period (4 days ago),Yesterday rainfall,Solar radiation today,Tide level at sample time,decreasing risk,increasing risk,decreasing risk,increasing risk,decreasing risk,decreasing risk,decreasing risk,increasing risk,decreasing risk,decreasing risk,increasing risk,increasing risk,decreasing risk,increasing risk,increasing risk,0.0,2.2,18.0,25.2,21.5,18.6,1.04,2.93,0.0,low,24.39
21MABCH-MA148482-1,Minot - Location 1,2026-09-07,0.0749,Safe,0.13,True,Rainfall today,River discharge,Wave height,High tide level,Air temperature (1 day ago),Solar radiation (6 days ago),Water temperature (5 days ago),Onshore wind (2 days ago),Rain near combined sewer outfalls,Wave period (2 days ago),Alongshore wind today,Solar radiation today,Lunar cycle,Tide level at sample time,7-day cumulative rainfall,decreasing risk,decreasing risk,increasing risk,decreasing risk,increasing risk,decreasing risk,increasing risk,increasing risk,decreasing risk,decreasing risk,increasing risk,increasing risk,decreasing risk,increasing risk,increasing risk,0.0,2.2,18.0,25.2,21.5,18.6,1.04,2.93,0.0,low,24.39
21MABCH-MA148963,Pleasure Bay,2026-09-07,0.0853,Safe,0.13,True,Rainfall today,Wave height,River discharge,Average wave period (4 days ago),Rain near combined sewer outfalls,Solar radiation (6 days ago),Solar radiation (1 day ago),7-day cumulative rainfall,Onshore wave energy (1 day ago),Tide level at sample time,Low tide level (yesterday),Seasonal pattern,Wave height (1 day ago),Wind gusts,Average wave period (3 days ago),decreasing risk,increasing risk,decreasing risk,increasing risk,increasing risk,decreasing risk,increasing risk,increasing risk,increasing risk,increasing risk,decreasing risk,increasing risk,increasing risk,increasing risk,decreasing risk,0.0,4.4,18.0,26.0,20.9,18.6,1.04,2.93,0.0,low,0.37
21MABCH-MA151015,Black Rock,2026-09-07,0.1412,Unsafe,0.13,True,Rainfall today,Wave height,River discharge,Rain near combined sewer outfalls,Solar radiation (6 days ago),Low tide level (yesterday),High tide level,Rain and high tide combination,Solar radiation (1 day ago),Average wave period (4 days ago),Hours since high tide,Solar radiation today,Lunar cycle,Water temperature (5 days ago),Onshore wind (2 days ago),decreasing risk,increasing risk,decreasing risk,increasing risk,decreasing risk,decreasing risk,decreasing risk,increasing risk,increasing risk,increasing risk,decreasing risk,increasing risk,decreasing risk,increasing risk,increasing risk,0.0,6.5,17.0,25.9,20.7,18.6,1.04,2.93,0.0,low,3.34
21MABCH-MA151015-1,Black Rock (Nahant) - Location 1,2026-09-07,0.137,Unsafe,0.13,True,Rainfall today,Wave height,Rain near combined sewer outfalls,7-day cumulative rainfall,River discharge,Solar radiation (1 day ago),Solar radiation (6 days ago),Low tide level (yesterday),Average wave period (4 days ago),High tide level,Average wave period (5 days ago),Water temperature (5 days ago),Lunar cycle,Solar radiation today,Hours since high tide,decreasing risk,increasing risk,increasing risk,increasing risk,decreasing risk,increasing risk,decreasing risk,decreasing risk,increasing risk,decreasing risk,increasing risk,increasing risk,decreasing risk,increasing risk,decreasing risk,0.0,6.5,17.0,25.9,20.7,18.6,1.04,2.93,0.0,low,3.34
21MABCH-MA169719,Forest River - Pioneer,2026-09-07,0.137,Unsafe,0.13,True,Rainfall today,Wave height,Solar radiation (6 days ago),River discharge,Rain near combined sewer outfalls,Rain and high tide combination,Low tide level (yesterday),High tide level,Hours since high tide,Average wave period (4 days ago),7-day cumulative rainfall,Onshore wind (2 days ago),Solar radiation today,Solar radiation (1 day ago),Tidal range,decreasing risk,increasing risk,decreasing risk,decreasing risk,increasing risk,increasing risk,decreasing risk,decreasing risk,decreasing risk,increasing risk,increasing risk,increasing risk,increasing risk,increasing risk,decreasing risk,0.0,6.5,17.0,25.8,20.7,18.6,1.04,2.93,0.0,low,5.51
21MABCH-MA169719-1,Forest River - Pioneer - Location 1,2026-09-07,0.0845,Safe,0.13,True,Rainfall today,Solar radiation (6 days ago),Wave height,River discharge,Onshore wind (2 days ago),Solar radiation (1 day ago),7-day cumulative rainfall,Rain and high tide combination,Rain near combined sewer outfalls,High tide level,Wave period (2 days ago),Average wave period (4 days ago),Lunar cycle,Water temperature (5 days ago),Low tide level (yesterday),decreasing risk,decreasing risk,increasing risk,decreasing risk,increasing risk,increasing risk,increasing risk,increasing risk,increasing risk,decreasing risk,decreasing risk,increasing risk,decreasing risk,increasing risk,decreasing risk,0.0,6.5,17.0,25.8,20.7,18.6,1.04,2.93,0.0,low,5.51
21MABCH-MA172225,North,2026-09-07,0.0928,Safe,0.13,True,Rainfall today,Wave height,River discharge,Solar radiation (1 day ago),Rain near combined sewer outfalls,Solar radiation (6 days ago),7-day cumulative rainfall,Low tide level (yesterday),High tide level,Rain and high tide combination,3-day cumulative rainfall,Average wave period (4 days ago),Average wave period (5 days ago),Water temperature (5 days ago),Lunar cycle,decreasing risk,increasing risk,decreasing risk,increasing risk,decreasing risk,decreasing risk,increasing risk,decreasing risk,decreasing risk,increasing risk,decreasing risk,increasing risk,increasing risk,increasing risk,decreasing risk,0.0,3.3,18.0,25.6,21.2,18.6,1.04,2.93,0.0,low,12.99
21MABCH-MA172225-1,North Beach (Hingham) - Location 1,2026-09-07,0.0554,Safe,0.13,True,Rainfall today,Wave height,Solar radiation (1 day ago),Solar radiation (6 days ago),High tide level,River discharge,Rain and high tide combination,Rain near combined sewer outfalls,Onshore wind (2 days ago),Wave period (2 days ago),Water temperature (5 days ago),Lunar cycle,7-day cumulative rainfall,Low tide level (yesterday),Solar radiation today,decreasing risk,increasing risk,increasing risk,decreasing risk,decreasing risk,decreasing risk,increasing risk,decreasing risk,increasing risk,decreasing risk,increasing risk,decreasing risk,increasing risk,decreasing risk,increasing risk,0.0,3.3,18.0,25.6,21.2,18.6,1.04,2.93,0.0,low,12.99
21MABCH-MA186288,Pavillion,2026-09-07,0.0451,Safe,0.13,True,Wave height,Rainfall today,Rain near combined sewer outfalls,7-day cumulative rainfall,Solar radiation (1 day ago),Air temperature (1 day ago),Low tide level (yesterday),Solar radiation (6 days ago),High tide level,Wave period (5 days ago),3-day cumulative rainfall,30-day cumulative rainfall,Yesterday rainfall,River discharge (4 days ago),Wind direction,increasing risk,decreasing risk,decreasing risk,increasing risk,increasing risk,increasing risk,decreasing risk,decreasing risk,decreasing risk,increasing risk,decreasing risk,decreasing risk,decreasing risk,increasing risk,decreasing risk,0.0,2.7,17.0,25.8,20.4,18.6,1.04,2.93,0.0,low,14.34
21MABCH-MA186288-1,Pavilion-Main,2026-09-07,0.0281,Safe,0.13,True,Rainfall today,Wave height,Rain near combined sewer outfalls,Air temperature (1 day ago),Solar radiation (6 days ago),High tide level,Onshore wind (2 days ago),7-day cumulative rainfall,Wave period (2 days ago),Alongshore wind today,River discharge,Wave period (5 days ago),Solar radiation (1 day ago),Low tide level (yesterday),Average wave period (5 days ago),decreasing risk,increasing risk,decreasing risk,increasing risk,decreasing risk,decreasing risk,increasing risk,increasing risk,decreasing risk,increasing risk,decreasing risk,increasing risk,increasing risk,decreasing risk,decreasing risk,0.0,2.7,17.0,25.8,20.4,18.6,1.04,2.93,0.0,low,14.34
21MABCH-MA186671,Revere,2026-09-07,0.1448,Unsafe,0.13,True,Rainfall today,Rain near combined sewer outfalls,Wave height,Solar radiation (1 day ago),7-day cumulative rainfall,Solar radiation (6 days ago),Low tide level (yesterday),Average wave period (5 days ago),Average wave period (4 days ago),River discharge (4 days ago),Yesterday rainfall,Alongshore wind today,Lunar cycle,High tide level,Solar radiation today,decreasing risk,increasing risk,increasing risk,increasing risk,increasing risk,decreasing risk,decreasing risk,increasing risk,increasing risk,increasing risk,decreasing risk,increasing risk,decreasing risk,decreasing risk,increasing risk,0.0,6.1,18.0,25.7,20.7,18.6,1.04,2.93,0.0,low,3.96
21MABCH-MA187787,Constitution,2026-09-07,0.1058,Unsafe,0.08,True,Rainfall today,River discharge,Wave height,Rain near combined sewer outfalls,7-day cumulative rainfall,Average wave period (4 days ago),Solar radiation (6 days ago),Tide level at sample time,Solar radiation (1 day ago),Low tide level (yesterday),Onshore wave energy (1 day ago),Seasonal pattern,Yesterday rainfall,High tide level,Solar radiation today,decreasing risk,decreasing risk,increasing risk,increasing risk,increasing risk,increasing risk,decreasing risk,increasing risk,increasing risk,decreasing risk,increasing risk,increasing risk,decreasing risk,decreasing risk,increasing risk,0.0,6.1,18.0,25.7,20.7,18.6,1.04,2.93,0.0,low,1.33
21MABCH-MA193995,Smith Beach,2026-09-07,0.1604,Unsafe,0.13,True,Rainfall today,Wave height,7-day cumulative rainfall,River discharge,Solar radiation (1 day ago),Rain near combined sewer outfalls,Solar radiation (6 days ago),2-day cumulative rainfall,Low tide level (yesterday),High tide level,Solar radiation today,Water temperature (5 days ago),Tidal range,Air temperature (2 days ago),Lunar cycle,decreasing risk,increasing risk,increasing risk,decreasing risk,increasing risk,decreasing risk,decreasing risk,decreasing risk,decreasing risk,decreasing risk,increasing risk,increasing risk,decreasing risk,decreasing risk,decreasing risk,0.0,7.7,16.0,25.5,21.0,18.6,1.04,2.93,0.0,low,12.51
21MABCH-MA193995-1,Smith Beach - Location 1,2026-09-07,0.1448,Unsafe,0.13,True,Rainfall today,7-day cumulative rainfall,Wave height,River discharge,Solar radiation (1 day ago),Solar radiation (6 days ago),2-day cumulative rainfall,Rain near combined sewer outfalls,Low tide level (yesterday),Water temperature (5 days ago),Solar radiation today,High tide level,Air temperature (2 days ago),Average wave period (4 days ago),Lunar cycle,decreasing risk,increasing risk,increasing risk,decreasing risk,increasing risk,decreasing risk,decreasing risk,decreasing risk,decreasing risk,increasing risk,increasing risk,decreasing risk,decreasing risk,increasing risk,decreasing risk,0.0,7.7,16.0,25.5,21.0,18.6,1.04,2.93,0.0,low,12.51
21MABCH-MA198444,Revere,2026-09-07,0.1146,Safe,0.13,True,Rainfall today,Rain near combined sewer outfalls,Solar radiation (6 days ago),Solar radiation (1 day ago),7-day cumulative rainfall,Lunar cycle,Average wave period (4 days ago),Water temperature (5 days ago),High tide level,Yesterday rainfall,River discharge (4 days ago),Onshore wave energy today,Low tide level (yesterday),Wave period (2 days ago),Alongshore wind today,decreasing risk,increasing risk,decreasing risk,increasing risk,increasing risk,decreasing risk,increasing risk,increasing risk,decreasing risk,decreasing risk,increasing risk,increasing risk,decreasing risk,decreasing risk,increasing risk,0.0,6.1,18.0,25.7,20.7,18.6,1.04,2.93,0.0,low,2.77
21MABCH-MA201918,Belair,2026-09-07,0.1147,Safe,0.13,True,Rainfall today,Wave height,River discharge,Solar radiation (1 day ago),Rain near combined sewer outfalls,Solar radiation (6 days ago),7-day cumulative rainfall,Low tide level (yesterday),High tide level,Average wave period (5 days ago),Average wave period (4 days ago),Water temperature (5 days ago),Rain and high tide combination,Hours since high tide,Lunar cycle,decreasing risk,increasing risk,decreasing risk,increasing risk,decreasing risk,decreasing risk,increasing risk,decreasing risk,decreasing risk,increasing risk,increasing risk,increasing risk,increasing risk,decreasing risk,decreasing risk,0.0,3.3,18.0,25.6,21.2,18.6,1.04,2.93,0.0,low,12.4
21MABCH-MA201918-1,Belair - Location 1,2026-09-07,0.0853,Safe,0.13,True,Rainfall today,Wave height,Solar radiation (1 day ago),Solar radiation (6 days ago),High tide level,River discharge,Rain near combined sewer outfalls,Rain and high tide combination,Water temperature (5 days ago),Lunar cycle,Onshore wind (2 days ago),Low tide level (yesterday),Wave period (2 days ago),Solar radiation today,7-day cumulative rainfall,decreasing risk,increasing risk,increasing risk,decreasing risk,decreasing risk,decreasing risk,decreasing risk,increasing risk,increasing risk,decreasing risk,increasing risk,decreasing risk,decreasing risk,increasing risk,increasing risk,0.0,3.3,18.0,25.6,21.2,18.6,1.04,2.93,0.0,low,12.4
21MABCH-MA203090,Wollaston,2026-09-07,0.1448,Safe,0.18,True,Rainfall today,Wave height,Rain near combined sewer outfalls,River discharge,Solar radiation (6 days ago),7-day cumulative rainfall,Solar radiation (1 day ago),Low tide level (yesterday),Average wave period (4 days ago),Average wave period (5 days ago),High tide level,Lunar cycle,Rain and high tide combination,Solar radiation today,Hours since high tide,decreasing risk,increasing risk,increasing risk,decreasing risk,decreasing risk,increasing risk,increasing risk,decreasing risk,increasing risk,increasing risk,decreasing risk,decreasing risk,increasing risk,increasing risk,decreasing risk,0.0,4.4,18.0,26.0,20.9,18.6,1.04,2.93,0.0,low,5.79
21MABCH-MA203090-1,Wollaston @ Milton Street (DCR) - Location 1,2026-09-07,0.1448,Safe,0.18,True,Rainfall today,Wave height,Rain near combined sewer outfalls,Solar radiation (1 day ago),7-day cumulative rainfall,River discharge,Solar radiation (6 days ago),Low tide level (yesterday),Average wave period (4 days ago),Average wave period (5 days ago),Onshore wave energy today,Yesterday rainfall,High tide level,Water temperature (5 days ago),Lunar cycle,decreasing risk,increasing risk,increasing risk,increasing risk,increasing risk,decreasing risk,decreasing risk,decreasing risk,increasing risk,increasing risk,increasing risk,decreasing risk,decreasing risk,increasing risk,decreasing risk,0.0,4.4,18.0,26.0,20.9,18.6,1.04,2.93,0.0,low,5.47
21MABCH-MA203203,Nahant Beach,2026-09-07,0.0853,Safe,0.13,True,Rainfall today,Wave height,7-day cumulative rainfall,Solar radiation (6 days ago),River discharge,Solar radiation (1 day ago),Onshore wind (2 days ago),Water temperature (5 days ago),High tide level,Rain near combined sewer outfalls,Average wave period (4 days ago),Lunar cycle,Rain and high tide combination,Wave period (2 days ago),Low tide level (yesterday),decreasing risk,increasing risk,increasing risk,decreasing risk,decreasing risk,increasing risk,increasing risk,increasing risk,decreasing risk,increasing risk,increasing risk,decreasing risk,increasing risk,decreasing risk,decreasing risk,0.0,6.5,17.0,25.9,20.7,18.6,1.04,2.93,0.0,low,1.37
21MABCH-MA208386,Pleasure Bay,2026-09-07,0.0853,Safe,0.13,True,Rainfall today,Wave height,River discharge,Average wave period (4 days ago),Rain near combined sewer outfalls,Solar radiation (6 days ago),Onshore wave energy (1 day ago),Tide level at sample time,7-day cumulative rainfall,Solar radiation (1 day ago),Low tide level (yesterday),Seasonal pattern,Wave height (1 day ago),Wind gusts,Average wave period (3 days ago),decreasing risk,increasing risk,decreasing risk,increasing risk,increasing risk,decreasing risk,increasing risk,increasing risk,increasing risk,increasing risk,decreasing risk,increasing risk,increasing risk,increasing risk,decreasing risk,0.0,4.4,18.0,26.0,20.9,18.6,1.04,2.93,0.0,low,0.24
21MABCH-MA211183,Nahant Beach,2026-09-07,0.1412,Unsafe,0.13,True,Rainfall today,Wave height,Rain near combined sewer outfalls,7-day cumulative rainfall,River discharge,Solar radiation (1 day ago),Solar radiation (6 days ago),Low tide level (yesterday),Average wave period (4 days ago),High tide level,Rain and high tide combination,Average wave period (5 days ago),Water temperature (5 days ago),Lunar cycle,Hours since high tide,decreasing risk,increasing risk,increasing risk,increasing risk,decreasing risk,increasing risk,decreasing risk,decreasing risk,increasing risk,decreasing risk,increasing risk,increasing risk,increasing risk,decreasing risk,decreasing risk,0.0,6.5,17.0,25.9,20.7,18.6,1.04,2.93,0.0,low,1.86
21MABCH-MA211876,Independence Park,2026-09-07,0.1448,Unsafe,0.13,True,Rainfall today,Wave height,Solar radiation (6 days ago),7-day cumulative rainfall,Low tide level (yesterday),High tide level,Rain and high tide combination,Solar radiation (1 day ago),Average wave period (4 days ago),Tidal range,River discharge,River discharge (4 days ago),Lunar cycle,Rain near combined sewer outfalls,Hours since high tide,decreasing risk,increasing risk,decreasing risk,increasing risk,decreasing risk,decreasing risk,increasing risk,increasing risk,increasing risk,decreasing risk,increasing risk,increasing risk,decreasing risk,decreasing risk,decreasing risk,0.0,6.5,17.0,25.8,20.7,18.6,1.04,2.93,0.0,low,9.15
21MABCH-MA211876-1,Independence Park - Location 1,2026-09-07,0.1412,Unsafe,0.13,True,Rainfall today,Wave height,Solar radiation (6 days ago),7-day cumulative rainfall,Solar radiation (1 day ago),Low tide level (yesterday),High tide level,Average wave period (5 days ago),Average wave period (4 days ago),River discharge,River discharge (4 days ago),Rain and high tide combination,Lunar cycle,Hours since high tide,Solar radiation today,decreasing risk,increasing risk,decreasing risk,increasing risk,increasing risk,decreasing risk,decreasing risk,increasing risk,increasing risk,increasing risk,increasing risk,increasing risk,decreasing risk,decreasing risk,increasing risk,0.0,6.5,17.0,25.8,20.7,18.6,1.04,2.93,0.0,low,9.15
21MABCH-MA218585,Mingo,2026-09-07,0.1058,Safe,0.13,True,Rainfall today,Wave height,Solar radiation (6 days ago),River discharge,High tide level,Rain near combined sewer outfalls,Low tide level (yesterday),Tidal range,7-day cumulative rainfall,Solar radiation (1 day ago),Low tide level,Average wave period (4 days ago),Yesterday rainfall,Hours since high tide,Average wave period (5 days ago),decreasing risk,increasing risk,decreasing risk,decreasing risk,decreasing risk,decreasing risk,decreasing risk,decreasing risk,increasing risk,increasing risk,decreasing risk,increasing risk,decreasing risk,decreasing risk,increasing risk,0.0,3.4,15.0,25.4,20.8,18.6,1.04,2.93,0.0,low,11.52
21MABCH-MA218585-1,Mingo - Location 1,2026-09-07,0.1146,Safe,0.13,True,Rainfall today,Wave height,Solar radiation (6 days ago),River discharge,High tide level,Rain near combined sewer outfalls,7-day cumulative rainfall,Low tide level (yesterday),Solar radiation (1 day ago),Average wave period (5 days ago),Water temperature (5 days ago),Average wave period (4 days ago),Low tide level,Yesterday rainfall,Solar radiation today,decreasing risk,increasing risk,decreasing risk,decreasing risk,decreasing risk,decreasing risk,increasing risk,decreasing risk,increasing risk,increasing risk,increasing risk,increasing risk,decreasing risk,decreasing risk,increasing risk,0.0,3.4,15.0,25.4,20.8,18.6,1.04,2.93,0.0,low,11.52
21MABCH-MA219242,Plum Island,2026-09-07,0.0483,Safe,0.13,True,Wave height,Rainfall today,Rain near combined sewer outfalls,Air temperature (1 day ago),High tide level,7-day cumulative rainfall,Low tide level (yesterday),Wave period (5 days ago),Solar radiation (6 days ago),Solar radiation (1 day ago),30-day cumulative rainfall,Wind speed (2 days ago),River discharge (4 days ago),Average wave period (5 days ago),Yesterday rainfall,increasing risk,decreasing risk,decreasing risk,increasing risk,decreasing risk,increasing risk,decreasing risk,increasing risk,decreasing risk,increasing risk,decreasing risk,decreasing risk,increasing risk,decreasing risk,decreasing risk,0.0,1.7,17.0,25.1,20.5,18.6,1.04,2.93,0.0,low,21.22
21MABCH-MA219242-1,Plum Island - Location 1,2026-09-07,0.0278,Safe,0.13,True,Rainfall today,Air temperature (1 day ago),Rain near combined sewer outfalls,Wave height,Solar radiation (6 days ago),High tide level,River discharge,Onshore wind (2 days ago),Average wave period (5 days ago),Wave period (5 days ago),Wave period (2 days ago),Wind speed (2 days ago),Tide level at sample time,Alongshore wind today,30-day cumulative rainfall,decreasing risk,increasing risk,decreasing risk,increasing risk,decreasing risk,decreasing risk,decreasing risk,increasing risk,decreasing risk,increasing risk,decreasing risk,decreasing risk,increasing risk,increasing risk,decreasing risk,0.0,1.7,17.0,25.1,20.5,18.6,1.04,2.93,0.0,low,21.22
21MABCH-MA222677,Camp Naumkeag,2026-09-07,0.1448,Unsafe,0.13,True,Rainfall today,Wave height,Rain near combined sewer outfalls,Solar radiation (6 days ago),7-day cumulative rainfall,Solar radiation (1 day ago),Low tide level (yesterday),Rain and high tide combination,River discharge (4 days ago),Average wave period (4 days ago),Average wave period (5 days ago),High tide level,River discharge,Onshore wind (2 days ago),Lunar cycle,decreasing risk,increasing risk,increasing risk,decreasing risk,increasing risk,increasing risk,decreasing risk,increasing risk,increasing risk,increasing risk,increasing risk,decreasing risk,increasing risk,increasing risk,decreasing risk,0.0,6.5,17.0,25.8,20.7,18.6,1.04,2.93,0.0,low,8.25
21MABCH-MA222677-1,Camp Naumkeag - Location 1,2026-09-07,0.0853,Safe,0.13,True,Rainfall today,Solar radiation (6 days ago),Wave height,Solar radiation (1 day ago),Onshore wind (2 days ago),Rain and high tide combination,7-day cumulative rainfall,Rain near combined sewer outfalls,Wave period (2 days ago),River discharge,Lunar cycle,High tide level,Alongshore wind today,Low tide level (yesterday),Average wave period (4 days ago),decreasing risk,decreasing risk,increasing risk,increasing risk,increasing risk,increasing risk,increasing risk,increasing risk,decreasing risk,increasing risk,decreasing risk,decreasing risk,increasing risk,decreasing risk,increasing risk,0.0,6.5,17.0,25.8,20.7,18.6,1.04,2.93,0.0,low,8.25
21MABCH-MA227000,Revere,2026-09-07,0.0928,Safe,0.13,True,Rainfall today,Solar radiation (6 days ago),Rain near combined sewer outfalls,Solar radiation (1 day ago),Wave height,7-day cumulative rainfall,Water temperature (5 days ago),Lunar cycle,Average wave period (4 days ago),High tide level,Wave period (2 days ago),Yesterday rainfall,Low tide level (yesterday),Alongshore wind today,Onshore wave energy today,decreasing risk,decreasing risk,increasing risk,increasing risk,increasing risk,increasing risk,increasing risk,decreasing risk,increasing risk,decreasing risk,decreasing risk,decreasing risk,decreasing risk,increasing risk,increasing risk,0.0,6.1,18.0,25.7,20.7,18.6,1.04,2.93,0.0,low,2.54
21MABCH-MA235405,Rice's,2026-09-07,0.1146,Safe,0.13,True,Rainfall today,Wave height,Solar radiation (6 days ago),River discharge,Rain near combined sewer outfalls,Low tide level (yesterday),High tide level,7-day cumulative rainfall,Solar radiation (1 day ago),Rain and high tide combination,Average wave period (4 days ago),Hours since high tide,Low tide level,Average wave period (5 days ago),Water temperature (5 days ago),decreasing risk,increasing risk,decreasing risk,decreasing risk,decreasing risk,decreasing risk,decreasing risk,increasing risk,increasing risk,increasing risk,increasing risk,decreasing risk,decreasing risk,increasing risk,increasing risk,0.0,6.5,17.0,25.8,20.7,18.6,1.04,2.93,0.0,low,10.33
21MABCH-MA235405-1,Rice's - Location 1,2026-09-07,0.0853,Safe,0.13,True,Rainfall today,Wave height,Solar radiation (6 days ago),River discharge,Solar radiation (1 day ago),High tide level,Rain and high tide combination,Water temperature (5 days ago),Lunar cycle,Onshore wind (2 days ago),Low tide level (yesterday),Average wave period (4 days ago),Rain near combined sewer outfalls,Wave period (2 days ago),7-day cumulative rainfall,decreasing risk,increasing risk,decreasing risk,decreasing risk,increasing risk,decreasing risk,increasing risk,increasing risk,decreasing risk,increasing risk,decreasing risk,increasing risk,decreasing risk,decreasing risk,increasing risk,0.0,6.5,17.0,25.8,20.7,18.6,1.04,2.93,0.0,low,10.33
21MABCH-MA240390,Good Harbor,2026-09-07,0.0549,Safe,0.13,True,Rainfall today,Rain near combined sewer outfalls,River discharge,7-day cumulative rainfall,High tide level,Solar radiation (6 days ago),Low tide level (yesterday),Wave height,Solar radiation (1 day ago),30-day cumulative rainfall,Average wave period (5 days ago),Yesterday rainfall,Onshore wind (2 days ago),6-day cumulative rainfall,Rainfall (6 days ago),decreasing risk,increasing risk,decreasing risk,increasing risk,decreasing risk,decreasing risk,decreasing risk,increasing risk,increasing risk,decreasing risk,increasing risk,decreasing risk,increasing risk,increasing risk,increasing risk,0.0,1.9,17.0,25.3,20.8,18.6,1.04,2.93,0.0,low,1.57
21MABCH-MA240390-1,Good Harbor - Location 1,2026-09-07,0.0289,Safe,0.13,True,Rainfall today,River discharge,Rain near combined sewer outfalls,High tide level,Solar radiation (6 days ago),Onshore wind (2 days ago),7-day cumulative rainfall,Solar radiation today,Low tide level (yesterday),Wave period (2 days ago),30-day cumulative rainfall,Solar radiation (1 day ago),Rainfall (6 days ago),Yesterday rainfall,Water temperature (5 days ago),decreasing risk,decreasing risk,increasing risk,decreasing risk,decreasing risk,increasing risk,increasing risk,increasing risk,decreasing risk,decreasing risk,decreasing risk,increasing risk,increasing risk,decreasing risk,increasing risk,0.0,1.9,17.0,25.3,20.8,18.6,1.04,2.93,0.0,low,1.57
21MABCH-MA241658,Grandview,2026-09-07,0.1147,Safe,0.13,True,Rainfall today,Rain near combined sewer outfalls,River discharge,7-day cumulative rainfall,Solar radiation (1 day ago),Wave height,Solar radiation (6 days ago),Low tide level (yesterday),Average wave period (4 days ago),Yesterday rainfall,High tide level,Lunar cycle,Onshore wave energy today,Solar radiation today,Water temperature (5 days ago),decreasing risk,increasing risk,decreasing risk,increasing risk,increasing risk,increasing risk,decreasing risk,decreasing risk,increasing risk,decreasing risk,decreasing risk,decreasing risk,increasing risk,increasing risk,increasing risk,0.0,6.1,18.0,25.7,20.7,18.6,1.04,2.93,0.0,low,4.27
21MABCH-MA241658-1,Grandview - Location 1,2026-09-07,0.0853,Safe,0.13,True,Rainfall today,Rain near combined sewer outfalls,River discharge,Solar radiation (1 day ago),Solar radiation (6 days ago),Wave height,Lunar cycle,Water temperature (5 days ago),Average wave period (4 days ago),High tide level,Solar radiation today,Yesterday rainfall,Onshore wave energy today,Wave period (2 days ago),7-day cumulative rainfall,decreasing risk,increasing risk,decreasing risk,increasing risk,decreasing risk,increasing risk,decreasing risk,increasing risk,increasing risk,decreasing risk,increasing risk,decreasing risk,increasing risk,decreasing risk,increasing risk,0.0,6.1,18.0,25.7,20.7,18.6,1.04,2.93,0.0,low,4.27
21MABCH-MA251641-1,Keyes Beach (Sea Street) - Location 1,2026-09-07,0.1147,Safe,0.13,True,River discharge (5 days ago),Onshore wave energy today,Rainfall today,7-day cumulative rainfall,Average wave period (3 days ago),Mean wave direction,Average wave period (4 days ago),Solar radiation (1 day ago),River discharge,Solar radiation (6 days ago),Seasonal pattern,Average wave period (1 day ago),River discharge (1 day ago),Daytime high temperature,Low tide level,decreasing risk,decreasing risk,decreasing risk,increasing risk,increasing risk,decreasing risk,increasing risk,increasing risk,decreasing risk,decreasing risk,increasing risk,increasing risk,increasing risk,decreasing risk,increasing risk,0.0,3.5,17.0,23.7,22.2,19.3,0.48,1.64,0.0,low,50.0
21MABCH-MA259042,Malibu,2026-09-07,0.137,Safe,0.14,True,Rainfall today,Rain near combined sewer outfalls,River discharge,7-day cumulative rainfall,Wave height,Solar radiation (1 day ago),Solar radiation (6 days ago),Low tide level (yesterday),Average wave period (4 days ago),Solar radiation today,Wave height (1 day ago),Rain and high tide combination,High tide level,Lunar cycle,Onshore wave energy today,decreasing risk,increasing risk,decreasing risk,increasing risk,increasing risk,increasing risk,decreasing risk,decreasing risk,increasing risk,increasing risk,increasing risk,increasing risk,decreasing risk,decreasing risk,increasing risk,0.0,4.4,18.0,26.0,20.9,18.6,1.04,2.93,0.0,low,2.25
21MABCH-MA259042-1,Malibu (DCR) - Location 1,2026-09-07,0.1448,Unsafe,0.14,False,Rainfall today,Rain near combined sewer outfalls,River discharge,Wave height,7-day cumulative rainfall,Solar radiation (1 day ago),Solar radiation (6 days ago),Low tide level (yesterday),Average wave period (4 days ago),High tide level,Solar radiation today,Wave height (1 day ago),Lunar cycle,Rain and high tide combination,Hours since high tide,decreasing risk,increasing risk,decreasing risk,increasing risk,increasing risk,increasing risk,decreasing risk,decreasing risk,increasing risk,decreasing risk,increasing risk,increasing risk,decreasing risk,increasing risk,decreasing risk,0.0,4.4,18.0,26.0,20.9,18.6,1.04,2.93,0.0,low,2.25
21MABCH-MA265036,Woodbury,2026-09-07,0.1604,Unsafe,0.13,True,Rainfall today,Wave height,Solar radiation (6 days ago),Low tide level (yesterday),Rain and high tide combination,High tide level,Rain near combined sewer outfalls,Hours since high tide,Solar radiation (1 day ago),Tidal range,Average wave period (4 days ago),River discharge (4 days ago),River discharge,Solar radiation today,Lunar cycle,decreasing risk,increasing risk,decreasing risk,decreasing risk,increasing risk,decreasing risk,decreasing risk,decreasing risk,increasing risk,decreasing risk,increasing risk,increasing risk,increasing risk,increasing risk,decreasing risk,0.0,6.5,17.0,25.8,20.7,18.6,1.04,2.93,0.0,low,10.14
21MABCH-MA265036-1,Woodbury - Location 1,2026-09-07,0.1412,Unsafe,0.13,True,Rainfall today,Wave height,Solar radiation (6 days ago),Solar radiation (1 day ago),Rain near combined sewer outfalls,7-day cumulative rainfall,Low tide level (yesterday),High tide level,Average wave period (5 days ago),Average wave period (4 days ago),River discharge (4 days ago),River discharge,Hours since high tide,Rain and high tide combination,Water temperature (5 days ago),decreasing risk,increasing risk,decreasing risk,increasing risk,decreasing risk,increasing risk,decreasing risk,decreasing risk,increasing risk,increasing risk,increasing risk,increasing risk,decreasing risk,increasing risk,increasing risk,0.0,6.5,17.0,25.8,20.7,18.6,1.04,2.93,0.0,low,10.14
21MABCH-MA266766,Kenberma,2026-09-07,0.0749,Safe,0.13,True,Rainfall today,Wave height,Rain near combined sewer outfalls,River discharge,Solar radiation (1 day ago),7-day cumulative rainfall,Solar radiation (6 days ago),High tide level,Low tide level (yesterday),Air temperature (1 day ago),Wave period (5 days ago),3-day cumulative rainfall,Average wave period (4 days ago),Water temperature (5 days ago),Rain and high tide combination,decreasing risk,increasing risk,decreasing risk,decreasing risk,increasing risk,increasing risk,decreasing risk,decreasing risk,decreasing risk,increasing risk,increasing risk,decreasing risk,increasing risk,increasing risk,increasing risk,0.0,3.3,18.0,25.6,21.2,18.6,1.04,2.93,0.0,low,13.79
21MABCH-MA266766-1,Kenberma - Location 1,2026-09-07,0.0549,Safe,0.13,True,Rainfall today,Wave height,Solar radiation (1 day ago),High tide level,River discharge,Rain near combined sewer outfalls,Solar radiation (6 days ago),Rain and high tide combination,Wave period (2 days ago),Onshore wind (2 days ago),Air temperature (1 day ago),Wave period (5 days ago),Lunar cycle,Water temperature (5 days ago),Low tide level (yesterday),decreasing risk,increasing risk,increasing risk,decreasing risk,decreasing risk,decreasing risk,decreasing risk,increasing risk,decreasing risk,increasing risk,increasing risk,increasing risk,decreasing risk,increasing risk,decreasing risk,0.0,3.3,18.0,25.6,21.2,18.6,1.04,2.93,0.0,low,13.79
21MABCH-MA267840,Plum Island,2026-09-07,0.0281,Safe,0.13,True,Wave height (4 days ago),Rainfall today,Rain near combined sewer outfalls,Wave period (5 days ago),High tide level,Low tide level (yesterday),7-day cumulative rainfall,Solar radiation (6 days ago),Air temperature (1 day ago),30-day cumulative rainfall,Solar radiation (1 day ago),River discharge,Onshore wind (3 days ago),Hours since high tide,Tidal range,decreasing risk,decreasing risk,decreasing risk,decreasing risk,decreasing risk,decreasing risk,increasing risk,decreasing risk,increasing risk,decreasing risk,increasing risk,increasing risk,increasing risk,decreasing risk,decreasing risk,0.0,1.7,17.0,25.1,20.5,16.5,0.89,2.93,0.0,low,20.67
21MABCH-MA267840-1,Plum Island Point - Location 1,2026-09-07,0.022,Safe,0.13,True,Rainfall today,Wave height (4 days ago),Wave period (5 days ago),Rain near combined sewer outfalls,High tide level,Solar radiation (6 days ago),Air temperature (1 day ago),Onshore wind (2 days ago),30-day cumulative rainfall,7-day cumulative rainfall,Alongshore wind today,Low tide level (yesterday),Onshore wind (3 days ago),3-day cumulative rainfall,Solar radiation today,decreasing risk,decreasing risk,decreasing risk,decreasing risk,decreasing risk,decreasing risk,increasing risk,increasing risk,decreasing risk,increasing risk,increasing risk,decreasing risk,increasing risk,decreasing risk,increasing risk,0.0,1.7,17.0,25.1,20.5,16.5,0.89,2.93,0.0,low,20.67
21MABCH-MA272297,Nahant Beach,2026-09-07,0.1058,Safe,0.13,True,Rainfall today,Rain near combined sewer outfalls,Wind direction,7-day cumulative rainfall,Wave height,Solar radiation (1 day ago),River discharge,Solar radiation (6 days ago),Average wave period (4 days ago),Lunar cycle,Rain and high tide combination,High tide level,Water temperature (5 days ago),Solar radiation today,Onshore wind (2 days ago),decreasing risk,increasing risk,decreasing risk,increasing risk,increasing risk,increasing risk,decreasing risk,decreasing risk,increasing risk,decreasing risk,increasing risk,decreasing risk,increasing risk,increasing risk,increasing risk,0.0,6.5,17.0,25.8,20.7,18.6,1.04,2.93,0.0,low,0.88
21MABCH-MA276795,Salisbury,2026-09-07,0.022,Safe,0.13,True,Rainfall today,Wave height (4 days ago),Wave period (5 days ago),Rain near combined sewer outfalls,High tide level,Solar radiation (6 days ago),Air temperature (1 day ago),Alongshore wind today,7-day cumulative rainfall,30-day cumulative rainfall,Onshore wind (2 days ago),Low tide level (yesterday),Onshore wind (3 days ago),3-day cumulative rainfall,River discharge,decreasing risk,decreasing risk,decreasing risk,decreasing risk,decreasing risk,decreasing risk,increasing risk,increasing risk,increasing risk,decreasing risk,increasing risk,decreasing risk,increasing risk,decreasing risk,increasing risk,0.0,1.7,17.0,25.1,20.5,16.5,0.89,2.93,0.0,low,22.04
21MABCH-MA276795-1,Salisbury Beach Center - Broadway St. (DCR) - Location 1,2026-09-07,0.022,Safe,0.13,True,Rainfall today,Wave height (4 days ago),Wave period (5 days ago),Rain near combined sewer outfalls,High tide level,Solar radiation (6 days ago),Air temperature (1 day ago),Onshore wind (2 days ago),30-day cumulative rainfall,7-day cumulative rainfall,Alongshore wind today,Low tide level (yesterday),Onshore wind (3 days ago),3-day cumulative rainfall,Solar radiation today,decreasing risk,decreasing risk,decreasing risk,decreasing risk,decreasing risk,decreasing risk,increasing risk,increasing risk,decreasing risk,increasing risk,increasing risk,decreasing risk,increasing risk,decreasing risk,increasing risk,0.0,1.7,17.0,25.1,20.5,16.5,0.89,2.93,0.0,low,22.04
21MABCH-MA282318,Children's Island - Back,2026-09-07,0.1058,Safe,0.13,True,Rainfall today,Wave height,River discharge,Solar radiation (6 days ago),High tide level,Rain near combined sewer outfalls,7-day cumulative rainfall,Low tide level (yesterday),Solar radiation (1 day ago),Average wave period (5 days ago),Average wave period (4 days ago),Water temperature (5 days ago),Low tide level,Yesterday rainfall,Solar radiation today,decreasing risk,increasing risk,decreasing risk,decreasing risk,decreasing risk,decreasing risk,increasing risk,decreasing risk,increasing risk,increasing risk,increasing risk,increasing risk,decreasing risk,decreasing risk,increasing risk,0.0,3.4,15.0,25.5,20.8,18.6,1.04,2.93,0.0,low,10.17
21MABCH-MA282318-1,Children's Island - Back - Location 1,2026-09-07,0.1058,Safe,0.13,True,Rainfall today,Wave height,River discharge,Solar radiation (6 days ago),High tide level,Rain near combined sewer outfalls,7-day cumulative rainfall,Low tide level (yesterday),Solar radiation (1 day ago),Average wave period (5 days ago),Average wave period (4 days ago),Water temperature (5 days ago),Low tide level,Yesterday rainfall,Solar radiation today,decreasing risk,increasing risk,decreasing risk,decreasing risk,decreasing risk,decreasing risk,increasing risk,decreasing risk,increasing risk,increasing risk,increasing risk,increasing risk,decreasing risk,decreasing risk,increasing risk,0.0,3.4,15.0,25.5,20.8,18.6,1.04,2.93,0.0,low,10.17
21MABCH-MA284631,Plum Island,2026-09-07,0.0281,Safe,0.13,True,Wave height (4 days ago),Rainfall today,Rain near combined sewer outfalls,Wave period (5 days ago),High tide level,7-day cumulative rainfall,Low tide level (yesterday),Solar radiation (6 days ago),Air temperature (1 day ago),30-day cumulative rainfall,Solar radiation (1 day ago),River discharge,Alongshore wind today,Onshore wind (3 days ago),Hours since high tide,decreasing risk,decreasing risk,decreasing risk,decreasing risk,decreasing risk,increasing risk,decreasing risk,decreasing risk,increasing risk,decreasing risk,increasing risk,increasing risk,increasing risk,increasing risk,decreasing risk,0.0,1.7,17.0,25.1,20.5,16.5,0.89,2.93,0.0,low,21.06
21MABCH-MA284631-1,Plum Island - end of island 2 - Location 1,2026-09-07,0.022,Safe,0.13,True,Rainfall today,Wave height (4 days ago),Wave period (5 days ago),Rain near combined sewer outfalls,High tide level,Solar radiation (6 days ago),Air temperature (1 day ago),Onshore wind (2 days ago),30-day cumulative rainfall,7-day cumulative rainfall,Alongshore wind today,Low tide level (yesterday),Onshore wind (3 days ago),3-day cumulative rainfall,Solar radiation today,decreasing risk,decreasing risk,decreasing risk,decreasing risk,decreasing risk,decreasing risk,increasing risk,increasing risk,decreasing risk,increasing risk,increasing risk,decreasing risk,increasing risk,decreasing risk,increasing risk,0.0,1.7,17.0,25.1,20.5,16.5,0.89,2.93,0.0,low,21.06
21MABCH-MA284847,Magnolia,2026-09-07,0.0853,Safe,0.13,True,Rainfall today,Wave height,High tide level,River discharge,Solar radiation (6 days ago),7-day cumulative rainfall,Low tide level (yesterday),Tidal range,Rain near combined sewer outfalls,Average wave period (4 days ago),Low tide level,Yesterday rainfall,Hours since high tide,Air temperature (2 days ago),Solar radiation today,decreasing risk,increasing risk,decreasing risk,decreasing risk,decreasing risk,increasing risk,decreasing risk,decreasing risk,decreasing risk,increasing risk,decreasing risk,decreasing risk,decreasing risk,decreasing risk,increasing risk,0.0,1.9,17.0,24.9,20.8,18.6,1.04,2.93,0.0,low,5.81
21MABCH-MA289542-1,Constitution (DCR)-Middle,2026-09-07,0.0554,Safe,0.08,True,Rainfall today,River discharge,Rain near combined sewer outfalls,Average wave period (4 days ago),Solar radiation (6 days ago),Tide level at sample time,Wave height,Water temperature (5 days ago),Solar radiation (1 day ago),High tide level,Solar radiation today,Onshore wave energy (1 day ago),Yesterday rainfall,Wave period (2 days ago),Low tide level (yesterday),decreasing risk,decreasing risk,increasing risk,increasing risk,decreasing risk,increasing risk,increasing risk,increasing risk,increasing risk,decreasing risk,increasing risk,increasing risk,decreasing risk,decreasing risk,decreasing risk,0.0,6.1,18.0,25.7,20.7,18.6,1.04,2.93,0.0,low,1.44
21MABCH-MA289542-2,Constitution (DCR)-North,2026-09-07,0.0928,Unsafe,0.08,False,Rainfall today,Rain near combined sewer outfalls,River discharge,Wave height,7-day cumulative rainfall,Solar radiation (1 day ago),Tide level at sample time,Solar radiation (6 days ago),Water temperature (5 days ago),Low tide level (yesterday),Average wave period (4 days ago),High tide level,Solar radiation today,Yesterday rainfall,Lunar cycle,decreasing risk,increasing risk,decreasing risk,increasing risk,increasing risk,increasing risk,increasing risk,decreasing risk,increasing risk,decreasing risk,increasing risk,decreasing risk,increasing risk,decreasing risk,decreasing risk,0.0,6.1,18.0,25.7,20.7,18.6,1.04,2.93,0.0,low,1.51
21MABCH-MA289542-3,Constitution (DCR)-Rec Center,2026-09-07,0.0549,Safe,0.08,True,Rainfall today,River discharge,Solar radiation (6 days ago),Average wave period (4 days ago),Tide level at sample time,Rain near combined sewer outfalls,Wave height,Water temperature (5 days ago),Solar radiation (1 day ago),High tide level,Solar radiation today,Seasonal pattern,Onshore wave energy (1 day ago),Yesterday rainfall,Wave period (2 days ago),decreasing risk,decreasing risk,decreasing risk,increasing risk,increasing risk,increasing risk,increasing risk,increasing risk,increasing risk,decreasing risk,increasing risk,increasing risk,increasing risk,decreasing risk,decreasing risk,0.0,6.1,18.0,25.7,20.7,18.6,1.04,2.93,0.0,low,1.33
21MABCH-MA291320-1,Magnolia-East,2026-09-07,0.0853,Safe,0.13,True,Wave height,Rainfall today,River discharge,Solar radiation (6 days ago),High tide level,7-day cumulative rainfall,Low tide level (yesterday),Average wave period (4 days ago),Low tide level,Rain near combined sewer outfalls,Yesterday rainfall,Average wave period (5 days ago),Water temperature (5 days ago),Tidal range,Hours since high tide,increasing risk,decreasing risk,decreasing risk,decreasing risk,decreasing risk,increasing risk,decreasing risk,increasing risk,decreasing risk,decreasing risk,decreasing risk,increasing risk,increasing risk,decreasing risk,decreasing risk,0.0,1.9,17.0,24.9,20.8,18.6,1.04,2.93,0.0,low,5.81
21MABCH-MA291320-2,Magnolia-West,2026-09-07,0.0749,Safe,0.13,True,Wave height,Rainfall today,River discharge,Solar radiation (6 days ago),High tide level,7-day cumulative rainfall,Low tide level (yesterday),Average wave period (4 days ago),Low tide level,Average wave period (5 days ago),Rain near combined sewer outfalls,Water temperature (5 days ago),Yesterday rainfall,3-day cumulative rainfall,Solar radiation today,increasing risk,decreasing risk,decreasing risk,decreasing risk,decreasing risk,increasing risk,decreasing risk,increasing risk,decreasing risk,increasing risk,decreasing risk,increasing risk,decreasing risk,decreasing risk,increasing risk,0.0,1.9,17.0,24.9,20.8,18.6,1.04,2.93,0.0,low,5.97
21MABCH-MA293803,Seal Cove,2026-09-07,0.1146,Safe,0.13,True,Rainfall today,Wave height,River discharge,7-day cumulative rainfall,Rain near combined sewer outfalls,Solar radiation (1 day ago),Solar radiation (6 days ago),Low tide level (yesterday),Air temperature (1 day ago),High tide level,Rain and high tide combination,Solar radiation today,Tide level at sample time,Average wave period (4 days ago),Wind gusts,decreasing risk,increasing risk,decreasing risk,increasing risk,decreasing risk,increasing risk,decreasing risk,decreasing risk,increasing risk,decreasing risk,increasing risk,increasing risk,increasing risk,increasing risk,increasing risk,0.0,3.3,18.0,25.6,21.2,18.6,1.04,2.93,0.0,low,14.95
21MABCH-MA293803-1,Seal Cove - Location 1,2026-09-07,0.1058,Safe,0.13,True,Rainfall today,Wave height,River discharge,7-day cumulative rainfall,Solar radiation (1 day ago),Solar radiation (6 days ago),Rain near combined sewer outfalls,Low tide level (yesterday),High tide level,Air temperature (1 day ago),Solar radiation today,Tide level at sample time,Average wave period (4 days ago),Water temperature (5 days ago),Alongshore wind today,decreasing risk,increasing risk,decreasing risk,increasing risk,increasing risk,decreasing risk,decreasing risk,decreasing risk,decreasing risk,increasing risk,increasing risk,increasing risk,increasing risk,increasing risk,decreasing risk,0.0,3.3,18.0,25.6,21.2,18.6,1.04,2.93,0.0,low,14.95
21MABCH-MA300950,Merrymount,2026-09-07,0.1448,Unsafe,0.13,True,Rainfall today,Wave height,Rain near combined sewer outfalls,River discharge,7-day cumulative rainfall,Solar radiation (6 days ago),Solar radiation (1 day ago),Low tide level (yesterday),Average wave period (4 days ago),Average wave period (5 days ago),High tide level,Lunar cycle,Hours since high tide,Rain and high tide combination,Solar radiation today,decreasing risk,increasing risk,increasing risk,decreasing risk,increasing risk,decreasing risk,increasing risk,decreasing risk,increasing risk,increasing risk,decreasing risk,decreasing risk,decreasing risk,increasing risk,increasing risk,0.0,4.4,18.0,26.0,20.9,18.6,1.04,2.93,0.0,low,7.68
21MABCH-MA300950-1,Merrymount - Location 1,2026-09-07,0.1412,Unsafe,0.13,True,Rainfall today,Wave height,Rain near combined sewer outfalls,Solar radiation (1 day ago),7-day cumulative rainfall,River discharge,Solar radiation (6 days ago),Low tide level (yesterday),Average wave period (4 days ago),Average wave period (5 days ago),High tide level,Yesterday rainfall,Water temperature (5 days ago),Lunar cycle,Hours since high tide,decreasing risk,increasing risk,increasing risk,increasing risk,increasing risk,decreasing risk,decreasing risk,decreasing risk,increasing risk,increasing risk,decreasing risk,decreasing risk,increasing risk,decreasing risk,decreasing risk,0.0,4.4,18.0,26.0,20.9,18.6,1.04,2.93,0.0,low,7.68
21MABCH-MA305758,Rexhame,2026-09-07,0.1017,Safe,0.13,True,Wave height,Rainfall today,7-day cumulative rainfall,River discharge,Rain near combined sewer outfalls,High tide level,Low tide level (yesterday),Solar radiation (6 days ago),Average wave period (4 days ago),Water temperature (5 days ago),Solar radiation today,Lunar cycle,Rain and high tide combination,Wind speed (3 days ago),Low tide level,increasing risk,decreasing risk,increasing risk,decreasing risk,decreasing risk,decreasing risk,decreasing risk,decreasing risk,increasing risk,increasing risk,increasing risk,decreasing risk,increasing risk,decreasing risk,decreasing risk,0.0,5.1,16.0,25.1,21.8,18.6,1.04,2.93,0.0,low,36.92
21MABCH-MA305758-1,Rexhame - Location 1,2026-09-07,0.0554,Safe,0.13,True,Rainfall today,Wave height,River discharge,High tide level,7-day cumulative rainfall,Water temperature (5 days ago),Solar radiation (6 days ago),Rain near combined sewer outfalls,Average wave period (4 days ago),Rain and high tide combination,Solar radiation today,Wave period (2 days ago),Lunar cycle,Onshore wind (2 days ago),Alongshore wind today,decreasing risk,increasing risk,decreasing risk,decreasing risk,increasing risk,increasing risk,decreasing risk,decreasing risk,increasing risk,increasing risk,increasing risk,decreasing risk,decreasing risk,increasing risk,increasing risk,0.0,5.1,16.0,25.1,21.8,18.6,1.04,2.93,0.0,low,36.92
21MABCH-MA311883-1,Norton Beach - Location 1,2026-09-07,0.0853,Safe,0.13,True,Rainfall today,Wave height,Solar radiation (1 day ago),Solar radiation (6 days ago),River discharge,Rain near combined sewer outfalls,Onshore wind (2 days ago),Lunar cycle,High tide level,Water temperature (5 days ago),Average wave period (4 days ago),Rain and high tide combination,Wave period (2 days ago),7-day cumulative rainfall,Solar radiation today,decreasing risk,increasing risk,increasing risk,decreasing risk,decreasing risk,increasing risk,increasing risk,decreasing risk,decreasing risk,increasing risk,increasing risk,increasing risk,decreasing risk,increasing risk,increasing risk,0.0,4.4,18.0,26.0,20.9,18.6,1.04,2.93,0.0,low,8.2
21MABCH-MA316039,Avalon,2026-09-07,0.1412,Unsafe,0.13,True,Rainfall today,Wave height,7-day cumulative rainfall,River discharge,Solar radiation (1 day ago),Alongshore wind today,Solar radiation (6 days ago),Rain near combined sewer outfalls,Low tide level (yesterday),High tide level,Solar radiation today,2-day cumulative rainfall,Air temperature (2 days ago),Water temperature (5 days ago),Lunar cycle,decreasing risk,increasing risk,increasing risk,decreasing risk,increasing risk,increasing risk,decreasing risk,decreasing risk,decreasing risk,decreasing risk,increasing risk,decreasing risk,decreasing risk,increasing risk,decreasing risk,0.0,7.7,16.0,25.5,21.0,18.6,1.04,2.93,0.0,low,10.22
21MABCH-MA316039-1,Avalon - Location 1,2026-09-07,0.137,Unsafe,0.13,True,Rainfall today,Wave height,Solar radiation (1 day ago),River discharge,7-day cumulative rainfall,Alongshore wind today,Solar radiation (6 days ago),Rain near combined sewer outfalls,Low tide level (yesterday),High tide level,Solar radiation today,Water temperature (5 days ago),2-day cumulative rainfall,Air temperature (2 days ago),Average wave period (4 days ago),decreasing risk,increasing risk,increasing risk,decreasing risk,increasing risk,increasing risk,decreasing risk,decreasing risk,decreasing risk,decreasing risk,increasing risk,increasing risk,decreasing risk,decreasing risk,increasing risk,0.0,7.7,16.0,25.5,21.0,18.6,1.04,2.93,0.0,low,10.22
21MABCH-MA319129,Clammer's Beach,2026-09-07,0.0451,Safe,0.13,True,Wave height,Rainfall today,River discharge,Solar radiation (6 days ago),7-day cumulative rainfall,High tide level,Low tide level (yesterday),Rain near combined sewer outfalls,Average wave period (5 days ago),Rainfall (6 days ago),Yesterday rainfall,3-day cumulative rainfall,Solar radiation (1 day ago),Solar radiation today,30-day cumulative rainfall,increasing risk,decreasing risk,decreasing risk,decreasing risk,increasing risk,decreasing risk,decreasing risk,decreasing risk,increasing risk,increasing risk,decreasing risk,decreasing risk,increasing risk,increasing risk,decreasing risk,0.0,1.9,17.0,24.9,20.8,18.6,1.04,2.93,0.0,low,7.73
21MABCH-MA319129-1,Clammer's Beach - Location 1,2026-09-07,0.0289,Safe,0.13,True,Rainfall today,Solar radiation (6 days ago),River discharge,High tide level,Wave height,Rain near combined sewer outfalls,Onshore wind (2 days ago),Solar radiation today,Alongshore wind today,Wave period (2 days ago),Low tide level (yesterday),Rainfall (6 days ago),Lunar cycle,Yesterday rainfall,3-day cumulative rainfall,decreasing risk,decreasing risk,decreasing risk,decreasing risk,increasing risk,decreasing risk,increasing risk,increasing risk,increasing risk,decreasing risk,decreasing risk,increasing risk,decreasing risk,decreasing risk,decreasing risk,0.0,1.9,17.0,24.9,20.8,18.6,1.04,2.93,0.0,low,7.73
21MABCH-MA329112,Gunrock,2026-09-07,0.0554,Safe,0.13,True,Rainfall today,Wave height,River discharge,Rain near combined sewer outfalls,High tide level,7-day cumulative rainfall,Low tide level (yesterday),Air temperature (1 day ago),Wave period (5 days ago),Solar radiation (6 days ago),Wind speed (3 days ago),Yesterday rainfall,Tide level at sample time,Average wave period (4 days ago),Water temperature (5 days ago),decreasing risk,increasing risk,decreasing risk,decreasing risk,decreasing risk,increasing risk,decreasing risk,increasing risk,increasing risk,decreasing risk,decreasing risk,decreasing risk,increasing risk,increasing risk,increasing risk,0.0,2.2,18.0,25.3,21.5,18.6,1.04,2.93,0.0,low,16.81
21MABCH-MA329112-1,Gunrock - Location 1,2026-09-07,0.0483,Safe,0.13,True,Rainfall today,Wave height,High tide level,River discharge,Rain near combined sewer outfalls,Air temperature (1 day ago),Wave period (5 days ago),Wave period (2 days ago),Solar radiation (6 days ago),Water temperature (5 days ago),Onshore wind (2 days ago),Lunar cycle,Tide level at sample time,Low tide level (yesterday),7-day cumulative rainfall,decreasing risk,increasing risk,decreasing risk,decreasing risk,decreasing risk,increasing risk,increasing risk,decreasing risk,decreasing risk,increasing risk,increasing risk,decreasing risk,increasing risk,decreasing risk,increasing risk,0.0,2.2,18.0,25.3,21.5,18.6,1.04,2.93,0.0,low,16.81
21MABCH-MA334293,Carson Beach,2026-09-07,0.0928,Safe,0.13,True,Rainfall today,Wave height,Average wave period (4 days ago),River discharge,Rain near combined sewer outfalls,Wind gusts,Onshore wave energy (1 day ago),7-day cumulative rainfall,Solar radiation (6 days ago),Tide level at sample time,Solar radiation (1 day ago),Seasonal pattern,Low tide level (yesterday),Wave height (1 day ago),Average wave period (3 days ago),decreasing risk,increasing risk,increasing risk,decreasing risk,increasing risk,increasing risk,increasing risk,increasing risk,decreasing risk,increasing risk,increasing risk,increasing risk,decreasing risk,increasing risk,decreasing risk,0.0,4.4,18.0,26.0,20.9,18.6,1.04,2.93,0.0,low,0.18
21MABCH-MA334369,Canoe,2026-09-07,0.1058,Safe,0.13,True,Rainfall today,Rain near combined sewer outfalls,Wave height,7-day cumulative rainfall,Solar radiation (6 days ago),River discharge,Solar radiation (1 day ago),Low tide level (yesterday),Average wave period (4 days ago),High tide level,Average wave period (5 days ago),Onshore wind (2 days ago),Hours since high tide,Water temperature (5 days ago),Solar radiation today,decreasing risk,increasing risk,increasing risk,increasing risk,decreasing risk,decreasing risk,increasing risk,decreasing risk,increasing risk,decreasing risk,increasing risk,increasing risk,decreasing risk,increasing risk,increasing risk,0.0,6.5,17.0,25.9,20.7,18.6,1.04,2.93,0.0,low,5.4
21MABCH-MA334369-1,1,2026-09-07,0.0554,Safe,0.13,True,Rainfall today,Solar radiation (6 days ago),River discharge,Onshore wind (2 days ago),Solar radiation (1 day ago),Rain near combined sewer outfalls,7-day cumulative rainfall,Wave height,High tide level,Rain and high tide combination,Water temperature (5 days ago),Wave period (2 days ago),Average wave period (4 days ago),Lunar cycle,Low tide level (yesterday),decreasing risk,decreasing risk,decreasing risk,increasing risk,increasing risk,increasing risk,increasing risk,increasing risk,decreasing risk,increasing risk,increasing risk,decreasing risk,increasing risk,decreasing risk,decreasing risk,0.0,6.5,17.0,25.9,20.7,18.6,1.04,2.93,0.0,low,5.4
21MABCH-MA335584,Edgewater,2026-09-07,0.0749,Safe,0.13,True,Rainfall today,Wave height,River discharge,Rain near combined sewer outfalls,Solar radiation (1 day ago),7-day cumulative rainfall,High tide level,Solar radiation (6 days ago),Low tide level (yesterday),Air temperature (1 day ago),Wave period (5 days ago),Average wave period (4 days ago),Water temperature (5 days ago),Rain and high tide combination,Yesterday rainfall,decreasing risk,increasing risk,decreasing risk,decreasing risk,increasing risk,increasing risk,decreasing risk,decreasing risk,decreasing risk,increasing risk,increasing risk,increasing risk,increasing risk,increasing risk,decreasing risk,0.0,3.3,18.0,25.6,21.2,18.6,1.04,2.93,0.0,low,14.02
21MABCH-MA335584-1,Edgewater (Hull) - Location 1,2026-09-07,0.0549,Safe,0.13,True,Rainfall today,Wave height,River discharge,Solar radiation (1 day ago),High tide level,Rain near combined sewer outfalls,Solar radiation (6 days ago),Rain and high tide combination,Air temperature (1 day ago),Wave period (5 days ago),Wave period (2 days ago),Onshore wind (2 days ago),Water temperature (5 days ago),Lunar cycle,Low tide level (yesterday),decreasing risk,increasing risk,decreasing risk,increasing risk,decreasing risk,decreasing risk,decreasing risk,increasing risk,increasing risk,increasing risk,decreasing risk,increasing risk,increasing risk,decreasing risk,decreasing risk,0.0,3.3,18.0,25.6,21.2,18.6,1.04,2.93,0.0,low,14.02
21MABCH-MA336945,Ocean Avenue,2026-09-07,0.137,Unsafe,0.13,True,Rainfall today,Wave height,Rain near combined sewer outfalls,7-day cumulative rainfall,Solar radiation (6 days ago),River discharge,Low tide level (yesterday),Rain and high tide combination,Solar radiation (1 day ago),High tide level,Average wave period (4 days ago),Average wave period (5 days ago),Onshore wind (2 days ago),Hours since high tide,Low tide level,decreasing risk,increasing risk,increasing risk,increasing risk,decreasing risk,decreasing risk,decreasing risk,increasing risk,increasing risk,decreasing risk,increasing risk,increasing risk,increasing risk,decreasing risk,decreasing risk,0.0,6.5,17.0,25.8,20.7,18.6,1.04,2.93,0.0,low,5.47
21MABCH-MA336945-1,Ocean Avenue - Location 1,2026-09-07,0.1147,Safe,0.13,True,Rainfall today,Wave height,Rain near combined sewer outfalls,7-day cumulative rainfall,Solar radiation (6 days ago),River discharge,Solar radiation (1 day ago),Low tide level (yesterday),Average wave period (4 days ago),High tide level,Average wave period (5 days ago),Onshore wind (2 days ago),Rain and high tide combination,Hours since high tide,Air temperature (2 days ago),decreasing risk,increasing risk,increasing risk,increasing risk,decreasing risk,decreasing risk,increasing risk,decreasing risk,increasing risk,decreasing risk,increasing risk,increasing risk,increasing risk,decreasing risk,decreasing risk,0.0,6.5,17.0,25.8,20.7,18.6,1.04,2.93,0.0,low,5.47
21MABCH-MA342299,Orchard Street,2026-09-07,0.137,Unsafe,0.13,True,Rainfall today,Rain near combined sewer outfalls,Wave height,River discharge,Solar radiation (1 day ago),7-day cumulative rainfall,Low tide level (yesterday),Solar radiation (6 days ago),Average wave period (4 days ago),Water temperature (5 days ago),Onshore wave energy today,Yesterday rainfall,High tide level,Lunar cycle,Average wave period (5 days ago),decreasing risk,increasing risk,increasing risk,decreasing risk,increasing risk,increasing risk,decreasing risk,decreasing risk,increasing risk,increasing risk,increasing risk,decreasing risk,decreasing risk,decreasing risk,increasing risk,0.0,4.4,18.0,26.0,20.9,18.6,1.04,2.93,0.0,low,4.06
21MABCH-MA342299-1,Orchard Street - Location 1,2026-09-07,0.0897,Safe,0.13,True,Rainfall today,Rain near combined sewer outfalls,Wave height,Solar radiation (1 day ago),River discharge,Solar radiation (6 days ago),Average wave period (4 days ago),Water temperature (5 days ago),Lunar cycle,High tide level,Rain and high tide combination,7-day cumulative rainfall,Solar radiation today,Yesterday rainfall,Onshore wave energy today,decreasing risk,increasing risk,increasing risk,increasing risk,decreasing risk,decreasing risk,increasing risk,increasing risk,decreasing risk,decreasing risk,increasing risk,increasing risk,increasing risk,decreasing risk,increasing risk,0.0,4.4,18.0,26.0,20.9,18.6,1.04,2.93,0.0,low,4.06
21MABCH-MA349626,Pavillion Beach,2026-09-07,0.0554,Safe,0.13,True,Rainfall today,Rain near combined sewer outfalls,Wind direction,Wave height,Solar radiation (6 days ago),7-day cumulative rainfall,River discharge,High tide level,Low tide level (yesterday),Average wave period (4 days ago),Yesterday rainfall,Onshore wind (2 days ago),Solar radiation (4 days ago),Solar radiation today,30-day cumulative rainfall,decreasing risk,increasing risk,decreasing risk,increasing risk,decreasing risk,increasing risk,decreasing risk,decreasing risk,decreasing risk,increasing risk,decreasing risk,increasing risk,decreasing risk,increasing risk,decreasing risk,0.0,1.9,17.0,24.9,20.8,18.6,1.04,2.93,0.0,low,0.28
21MABCH-MA349626-1,Pavilion Beach - Location 1,2026-09-07,0.0451,Safe,0.13,True,Rainfall today,Wind direction,Solar radiation (6 days ago),High tide level,River discharge,Rain near combined sewer outfalls,Wave height,Solar radiation today,7-day cumulative rainfall,Average wave period (4 days ago),Wave period (2 days ago),Low tide level (yesterday),Yesterday rainfall,Onshore wind (2 days ago),Lunar cycle,decreasing risk,decreasing risk,decreasing risk,decreasing risk,decreasing risk,increasing risk,increasing risk,increasing risk,increasing risk,increasing risk,decreasing risk,decreasing risk,decreasing risk,increasing risk,decreasing risk,0.0,1.9,17.0,24.9,20.8,18.6,1.04,2.93,0.0,low,0.28
21MABCH-MA351168,Osgood,2026-09-07,0.1058,Safe,0.13,True,Rainfall today,Wave height,River discharge,Rain near combined sewer outfalls,Solar radiation (6 days ago),7-day cumulative rainfall,Low tide level (yesterday),Rain and high tide combination,High tide level,Solar radiation (1 day ago),Average wave period (4 days ago),Onshore wind (2 days ago),Hours since high tide,Tidal range,Solar radiation today,decreasing risk,increasing risk,decreasing risk,increasing risk,decreasing risk,increasing risk,decreasing risk,increasing risk,decreasing risk,increasing risk,increasing risk,increasing risk,decreasing risk,decreasing risk,increasing risk,0.0,6.5,17.0,25.8,20.7,18.6,1.04,2.93,0.0,low,5.04
21MABCH-MA351168-1,Osgood - Location 1,2026-09-07,0.1058,Safe,0.13,True,Rainfall today,Rain near combined sewer outfalls,Wave height,7-day cumulative rainfall,River discharge,Solar radiation (6 days ago),Solar radiation (1 day ago),Low tide level (yesterday),Average wave period (4 days ago),High tide level,Average wave period (5 days ago),Onshore wind (2 days ago),Solar radiation today,Hours since high tide,Rain and high tide combination,decreasing risk,increasing risk,increasing risk,increasing risk,decreasing risk,decreasing risk,increasing risk,decreasing risk,increasing risk,decreasing risk,increasing risk,increasing risk,increasing risk,decreasing risk,increasing risk,0.0,6.5,17.0,25.8,20.7,18.6,1.04,2.93,0.0,low,5.04
21MABCH-MA367145,Half Moon,2026-09-07,0.0749,Safe,0.13,True,Rainfall today,Rain near combined sewer outfalls,Wave height,River discharge,7-day cumulative rainfall,Solar radiation (6 days ago),High tide level,Low tide level (yesterday),Average wave period (4 days ago),Average wave period (5 days ago),Yesterday rainfall,Onshore wind (2 days ago),6-day cumulative rainfall,Solar radiation today,Solar radiation (1 day ago),decreasing risk,increasing risk,increasing risk,decreasing risk,increasing risk,decreasing risk,decreasing risk,decreasing risk,increasing risk,increasing risk,decreasing risk,increasing risk,increasing risk,increasing risk,increasing risk,0.0,1.9,17.0,24.9,20.8,18.6,1.04,2.93,0.0,low,1.29
21MABCH-MA367145-1,Half Moon - Location 1,2026-09-07,0.0451,Safe,0.13,True,Rainfall today,River discharge,High tide level,Solar radiation (6 days ago),Rain near combined sewer outfalls,Onshore wind (2 days ago),Wave height,7-day cumulative rainfall,Low tide level (yesterday),Average wave period (4 days ago),Wave period (2 days ago),Solar radiation today,Lunar cycle,Yesterday rainfall,Water temperature (5 days ago),decreasing risk,decreasing risk,decreasing risk,decreasing risk,increasing risk,increasing risk,increasing risk,increasing risk,decreasing risk,increasing risk,decreasing risk,increasing risk,decreasing risk,decreasing risk,increasing risk,0.0,1.9,17.0,24.9,20.8,18.6,1.04,2.93,0.0,low,1.29
21MABCH-MA374356,Little Neck,2026-09-07,0.0549,Safe,0.13,True,Wave height,Rainfall today,Rain near combined sewer outfalls,7-day cumulative rainfall,Air temperature (1 day ago),Solar radiation (1 day ago),Low tide level (yesterday),High tide level,Solar radiation (6 days ago),Wave period (5 days ago),30-day cumulative rainfall,Yesterday rainfall,River discharge (4 days ago),Wind direction,3-day cumulative rainfall,increasing risk,decreasing risk,decreasing risk,increasing risk,increasing risk,increasing risk,decreasing risk,decreasing risk,decreasing risk,increasing risk,decreasing risk,decreasing risk,increasing risk,decreasing risk,decreasing risk,0.0,2.7,17.0,25.8,20.4,18.6,1.04,2.93,0.0,low,13.99
21MABCH-MA374356-1,Little Neck - Location 1,2026-09-07,0.0281,Safe,0.13,True,Rainfall today,Wave height,Rain near combined sewer outfalls,Air temperature (1 day ago),Solar radiation (6 days ago),High tide level,Onshore wind (2 days ago),7-day cumulative rainfall,Wave period (2 days ago),Alongshore wind today,River discharge,Wave period (5 days ago),Solar radiation (1 day ago),Low tide level (yesterday),Average wave period (5 days ago),decreasing risk,increasing risk,decreasing risk,increasing risk,decreasing risk,decreasing risk,increasing risk,increasing risk,decreasing risk,increasing risk,decreasing risk,increasing risk,increasing risk,decreasing risk,decreasing risk,0.0,2.7,17.0,25.8,20.4,18.6,1.04,2.93,0.0,low,13.99
21MABCH-MA388986,Nantasket,2026-09-07,0.0549,Safe,0.13,True,Rainfall today,Wave height,River discharge,Solar radiation (1 day ago),High tide level,Rain near combined sewer outfalls,Solar radiation (6 days ago),Air temperature (1 day ago),Wave period (5 days ago),Rain and high tide combination,Onshore wind (2 days ago),Wave period (2 days ago),Water temperature (5 days ago),Lunar cycle,Tide level at sample time,decreasing risk,increasing risk,decreasing risk,increasing risk,decreasing risk,decreasing risk,decreasing risk,increasing risk,increasing risk,increasing risk,increasing risk,decreasing risk,increasing risk,decreasing risk,increasing risk,0.0,3.3,18.0,25.6,21.2,18.6,1.04,2.93,0.0,low,14.82
21MABCH-MA407948,Dead Horse,2026-09-07,0.137,Unsafe,0.13,True,Rainfall today,Wave height,Solar radiation (6 days ago),Solar radiation (1 day ago),7-day cumulative rainfall,Low tide level (yesterday),High tide level,Average wave period (5 days ago),Average wave period (4 days ago),River discharge (4 days ago),River discharge,Rain and high tide combination,Lunar cycle,Hours since high tide,Rain near combined sewer outfalls,decreasing risk,increasing risk,decreasing risk,increasing risk,increasing risk,decreasing risk,decreasing risk,increasing risk,increasing risk,increasing risk,increasing risk,increasing risk,decreasing risk,decreasing risk,decreasing risk,0.0,6.5,17.0,25.8,20.7,18.6,1.04,2.93,0.0,low,8.42
21MABCH-MA407948-1,Dead Horse - Location 1,2026-09-07,0.0853,Safe,0.13,True,Rainfall today,Solar radiation (6 days ago),Wave height,Solar radiation (1 day ago),High tide level,Rain and high tide combination,Onshore wind (2 days ago),Wave period (2 days ago),Lunar cycle,7-day cumulative rainfall,River discharge,Alongshore wind today,Low tide level (yesterday),Water temperature (5 days ago),Average wave period (4 days ago),decreasing risk,decreasing risk,increasing risk,increasing risk,decreasing risk,increasing risk,increasing risk,decreasing risk,decreasing risk,increasing risk,increasing risk,increasing risk,decreasing risk,increasing risk,increasing risk,0.0,6.5,17.0,25.8,20.7,18.6,1.04,2.93,0.0,low,8.42
21MABCH-MA418548,Singing,2026-09-07,0.0853,Safe,0.13,True,Wave height,Rainfall today,Solar radiation (6 days ago),High tide level,River discharge,7-day cumulative rainfall,Solar radiation (1 day ago),Low tide level (yesterday),Average wave period (5 days ago),Average wave period (4 days ago),Low tide level,Rain near combined sewer outfalls,Water temperature (5 days ago),Solar radiation today,3-day cumulative rainfall,increasing risk,decreasing risk,decreasing risk,decreasing risk,decreasing risk,increasing risk,increasing risk,decreasing risk,increasing risk,increasing risk,decreasing risk,decreasing risk,increasing risk,increasing risk,decreasing risk,0.0,3.4,15.0,25.4,20.8,18.6,1.04,2.93,0.0,low,9.08
21MABCH-MA421691,Rhoda,2026-09-07,0.1604,Unsafe,0.13,True,Rainfall today,Wave height,Solar radiation (1 day ago),River discharge,Rain near combined sewer outfalls,Solar radiation (6 days ago),Low tide level (yesterday),High tide level,Hours since high tide,Average wave period (4 days ago),Solar radiation today,Rain and high tide combination,Tidal range,Onshore wind (2 days ago),Lunar cycle,decreasing risk,increasing risk,increasing risk,decreasing risk,increasing risk,decreasing risk,decreasing risk,decreasing risk,decreasing risk,increasing risk,increasing risk,increasing risk,decreasing risk,increasing risk,decreasing risk,0.0,4.4,18.0,26.0,20.9,18.6,1.04,2.93,0.0,low,9.5
21MABCH-MA421691-1,Rhoda - Location 1,2026-09-07,0.1604,Unsafe,0.13,True,Rainfall today,Wave height,Solar radiation (1 day ago),Rain near combined sewer outfalls,7-day cumulative rainfall,River discharge,Solar radiation (6 days ago),Low tide level (yesterday),Average wave period (4 days ago),Average wave period (5 days ago),High tide level,Yesterday rainfall,Onshore wind (2 days ago),Lunar cycle,Water temperature (5 days ago),decreasing risk,increasing risk,increasing risk,increasing risk,increasing risk,decreasing risk,decreasing risk,decreasing risk,increasing risk,increasing risk,decreasing risk,decreasing risk,increasing risk,decreasing risk,increasing risk,0.0,4.4,18.0,26.0,20.9,18.6,1.04,2.93,0.0,low,9.5
21MABCH-MA424142,Dane Street,2026-09-07,0.1448,Unsafe,0.13,True,Rainfall today,Wave height,Solar radiation (6 days ago),Rain near combined sewer outfalls,Low tide level (yesterday),High tide level,Solar radiation (1 day ago),7-day cumulative rainfall,Rain and high tide combination,Tidal range,River discharge (4 days ago),Hours since high tide,River discharge,Average wave period (4 days ago),Lunar cycle,decreasing risk,increasing risk,decreasing risk,decreasing risk,decreasing risk,decreasing risk,increasing risk,increasing risk,increasing risk,decreasing risk,increasing risk,decreasing risk,increasing risk,increasing risk,decreasing risk,0.0,6.5,17.0,25.8,20.7,18.6,1.04,2.93,0.0,low,10.05
21MABCH-MA424142-1,Dane Street - Location 1,2026-09-07,0.1412,Unsafe,0.13,True,Rainfall today,Wave height,Solar radiation (6 days ago),Solar radiation (1 day ago),Rain near combined sewer outfalls,7-day cumulative rainfall,Low tide level (yesterday),High tide level,Average wave period (5 days ago),River discharge (4 days ago),Average wave period (4 days ago),River discharge,Hours since high tide,Rain and high tide combination,Water temperature (5 days ago),decreasing risk,increasing risk,decreasing risk,increasing risk,decreasing risk,increasing risk,decreasing risk,decreasing risk,increasing risk,increasing risk,increasing risk,increasing risk,decreasing risk,increasing risk,increasing risk,0.0,6.5,17.0,25.8,20.7,18.6,1.04,2.93,0.0,low,10.05
21MABCH-MA425571,Children's Island - Dock,2026-09-07,0.1058,Safe,0.13,True,Rainfall today,Wave height,River discharge,Solar radiation (6 days ago),High tide level,Rain near combined sewer outfalls,7-day cumulative rainfall,Low tide level (yesterday),Solar radiation (1 day ago),Average wave period (5 days ago),Average wave period (4 days ago),Water temperature (5 days ago),Low tide level,Yesterday rainfall,Solar radiation today,decreasing risk,increasing risk,decreasing risk,decreasing risk,decreasing risk,decreasing risk,increasing risk,decreasing risk,increasing risk,increasing risk,increasing risk,increasing risk,decreasing risk,decreasing risk,increasing risk,0.0,3.4,15.0,25.5,20.8,18.6,1.04,2.93,0.0,low,10.05
21MABCH-MA425571-1,Children's Island - Dock - Location 1,2026-09-07,0.0749,Safe,0.13,True,Rainfall today,Wave height,Solar radiation (6 days ago),High tide level,River discharge,Rain near combined sewer outfalls,Water temperature (5 days ago),Solar radiation (1 day ago),7-day cumulative rainfall,Onshore wind (2 days ago),Lunar cycle,Wave period (2 days ago),Low tide level (yesterday),Solar radiation today,Yesterday rainfall,decreasing risk,increasing risk,decreasing risk,decreasing risk,decreasing risk,decreasing risk,increasing risk,increasing risk,increasing risk,increasing risk,decreasing risk,decreasing risk,decreasing risk,increasing risk,decreasing risk,0.0,3.4,15.0,25.5,20.8,18.6,1.04,2.93,0.0,low,10.05
21MABCH-MA434583-1,Lynn Shore Beach (DCR) - Location 1,2026-09-07,0.1146,Safe,0.13,True,Rainfall today,Rain near combined sewer outfalls,Wind direction,7-day cumulative rainfall,Wave height,Solar radiation (1 day ago),River discharge,Solar radiation (6 days ago),Average wave period (4 days ago),Rain and high tide combination,Lunar cycle,High tide level,Water temperature (5 days ago),Rainfall (7 days ago),Onshore wave energy today,decreasing risk,increasing risk,decreasing risk,increasing risk,increasing risk,increasing risk,decreasing risk,decreasing risk,increasing risk,increasing risk,decreasing risk,decreasing risk,increasing risk,decreasing risk,increasing risk,0.0,6.5,17.0,25.8,20.7,18.6,1.04,2.93,0.0,low,0.86
21MABCH-MA434970,Crane,2026-09-07,0.0554,Safe,0.13,True,Wave height,Rainfall today,Rain near combined sewer outfalls,7-day cumulative rainfall,Solar radiation (1 day ago),Solar radiation (6 days ago),Low tide level (yesterday),High tide level,Alongshore wind today,Yesterday rainfall,3-day cumulative rainfall,River discharge (4 days ago),30-day cumulative rainfall,Average wave period (5 days ago),Solar radiation today,increasing risk,decreasing risk,decreasing risk,increasing risk,increasing risk,decreasing risk,decreasing risk,decreasing risk,increasing risk,decreasing risk,decreasing risk,increasing risk,decreasing risk,increasing risk,increasing risk,0.0,2.7,17.0,25.8,20.4,18.6,1.04,2.93,0.0,low,11.76
21MABCH-MA434970-1,Crane - Location 1,2026-09-07,0.0451,Safe,0.13,True,Rainfall today,Wave height,Solar radiation (6 days ago),Rain near combined sewer outfalls,Alongshore wind today,High tide level,7-day cumulative rainfall,Solar radiation (1 day ago),Onshore wind (2 days ago),Wave period (2 days ago),Low tide level (yesterday),Lunar cycle,Solar radiation today,Yesterday rainfall,River discharge,decreasing risk,increasing risk,decreasing risk,decreasing risk,increasing risk,decreasing risk,increasing risk,increasing risk,increasing risk,decreasing risk,decreasing risk,decreasing risk,increasing risk,decreasing risk,increasing risk,0.0,2.7,17.0,25.8,20.4,18.6,1.04,2.93,0.0,low,11.76
21MABCH-MA436681,Forty Steps Beach,2026-09-07,0.1146,Safe,0.13,True,Rainfall today,Wave height,Rain near combined sewer outfalls,River discharge,Solar radiation (6 days ago),7-day cumulative rainfall,Low tide level (yesterday),High tide level,Solar radiation (1 day ago),Average wave period (4 days ago),Rain and high tide combination,Onshore wind (2 days ago),Hours since high tide,Tidal range,Water temperature (5 days ago),decreasing risk,increasing risk,increasing risk,decreasing risk,decreasing risk,increasing risk,decreasing risk,decreasing risk,increasing risk,increasing risk,increasing risk,increasing risk,decreasing risk,decreasing risk,increasing risk,0.0,6.5,17.0,25.9,20.7,18.6,1.04,2.93,0.0,low,5.06
21MABCH-MA436681-1,Forty Steps Beach - Location 1,2026-09-07,0.0554,Safe,0.13,True,Rainfall today,Solar radiation (6 days ago),River discharge,Onshore wind (2 days ago),Solar radiation (1 day ago),Rain near combined sewer outfalls,7-day cumulative rainfall,Wave height,High tide level,Rain and high tide combination,Water temperature (5 days ago),Wave period (2 days ago),Average wave period (4 days ago),Lunar cycle,Low tide level (yesterday),decreasing risk,decreasing risk,decreasing risk,increasing risk,increasing risk,increasing risk,increasing risk,increasing risk,decreasing risk,increasing risk,increasing risk,decreasing risk,increasing risk,decreasing risk,decreasing risk,0.0,6.5,17.0,25.9,20.7,18.6,1.04,2.93,0.0,low,5.06
21MABCH-MA437105-1,Castle Island Beach (DCR) - Location 1,2026-09-07,0.0549,Safe,0.13,True,Rainfall today,Average wave period (4 days ago),River discharge,Tide level at sample time,Solar radiation (6 days ago),Solar radiation (1 day ago),Rain near combined sewer outfalls,Wave height,Onshore wave energy (1 day ago),Water temperature (5 days ago),Rain and high tide combination,High tide level,Seasonal pattern,Solar radiation today,Average wave period (3 days ago),decreasing risk,increasing risk,decreasing risk,increasing risk,decreasing risk,increasing risk,increasing risk,increasing risk,increasing risk,increasing risk,increasing risk,decreasing risk,increasing risk,increasing risk,decreasing risk,0.0,4.4,18.0,26.0,20.9,18.6,1.04,2.93,0.0,low,1.16
21MABCH-MA444171,Black,2026-09-07,0.0853,Safe,0.13,True,Rainfall today,Wave height,Solar radiation (6 days ago),High tide level,River discharge,Rain near combined sewer outfalls,Low tide level (yesterday),Tidal range,Low tide level,Hours since high tide,Average wave period (4 days ago),Solar radiation today,Yesterday rainfall,Spring tide conditions,Rain and high tide combination,decreasing risk,increasing risk,decreasing risk,decreasing risk,decreasing risk,decreasing risk,decreasing risk,decreasing risk,decreasing risk,decreasing risk,increasing risk,increasing risk,decreasing risk,decreasing risk,decreasing risk,0.0,1.9,17.0,24.9,20.8,18.6,1.04,2.93,0.0,low,6.59
21MABCH-MA444171-1,Black - Location 1,2026-09-07,0.0749,Safe,0.13,True,Rainfall today,Wave height,Solar radiation (6 days ago),River discharge,High tide level,7-day cumulative rainfall,Low tide level (yesterday),Average wave period (4 days ago),Low tide level,Average wave period (5 days ago),Rain near combined sewer outfalls,Water temperature (5 days ago),Yesterday rainfall,3-day cumulative rainfall,Solar radiation today,decreasing risk,increasing risk,decreasing risk,decreasing risk,decreasing risk,increasing risk,decreasing risk,increasing risk,decreasing risk,increasing risk,decreasing risk,increasing risk,decreasing risk,decreasing risk,increasing risk,0.0,1.9,17.0,24.9,20.8,18.6,1.04,2.93,0.0,low,6.59
21MABCH-MA446515,Kings,2026-09-07,0.3178,Unsafe,0.24,True,Rainfall today,Rain near combined sewer outfalls,Wave height,River discharge,Solar radiation (6 days ago),Low tide level (yesterday),Average wave period (4 days ago),Solar radiation today,Lunar cycle,High tide level,Air temperature (2 days ago),Onshore wind (2 days ago),Hours since high tide,Rainfall (7 days ago),7-day cumulative rainfall,decreasing risk,increasing risk,increasing risk,decreasing risk,decreasing risk,decreasing risk,increasing risk,increasing risk,decreasing risk,decreasing risk,decreasing risk,increasing risk,decreasing risk,decreasing risk,increasing risk,0.0,6.5,17.0,25.8,20.7,18.6,1.04,2.93,0.0,low,0.2
21MABCH-MA447128,Yerrill,2026-09-07,0.1147,Safe,0.13,True,Rainfall today,Rain near combined sewer outfalls,Wave height,River discharge,Solar radiation (6 days ago),7-day cumulative rainfall,Solar radiation (1 day ago),Low tide level (yesterday),Average wave period (4 days ago),High tide level,Yesterday rainfall,Onshore wave energy today,Solar radiation today,Average wave period (5 days ago),Lunar cycle,decreasing risk,increasing risk,increasing risk,decreasing risk,decreasing risk,increasing risk,increasing risk,decreasing risk,increasing risk,decreasing risk,decreasing risk,increasing risk,increasing risk,increasing risk,decreasing risk,0.0,6.1,18.0,25.7,20.7,18.6,1.04,2.93,0.0,low,4.73
21MABCH-MA447128-1,Yerrill - Location 1,2026-09-07,0.1147,Safe,0.13,True,Rainfall today,Rain near combined sewer outfalls,River discharge,Wave height,Solar radiation (6 days ago),7-day cumulative rainfall,Solar radiation (1 day ago),Low tide level (yesterday),Average wave period (4 days ago),Average wave period (5 days ago),Onshore wave energy today,Yesterday rainfall,High tide level,Water temperature (5 days ago),Solar radiation today,decreasing risk,increasing risk,decreasing risk,increasing risk,decreasing risk,increasing risk,increasing risk,decreasing risk,increasing risk,increasing risk,increasing risk,decreasing risk,decreasing risk,increasing risk,increasing risk,0.0,6.1,18.0,25.7,20.7,18.6,1.04,2.93,0.0,low,4.73
21MABCH-MA452184,West Manchester,2026-09-07,0.137,Unsafe,0.13,True,Rainfall today,Wave height,Solar radiation (6 days ago),River discharge,High tide level,Low tide level (yesterday),Tidal range,Rain near combined sewer outfalls,Low tide level,Solar radiation today,Average wave period (4 days ago),Hours since high tide,Yesterday rainfall,Solar radiation (1 day ago),Rain and high tide combination,decreasing risk,increasing risk,decreasing risk,decreasing risk,decreasing risk,decreasing risk,decreasing risk,decreasing risk,decreasing risk,increasing risk,increasing risk,decreasing risk,decreasing risk,increasing risk,decreasing risk,0.0,3.4,15.0,25.4,20.8,18.6,1.04,2.93,0.0,low,11.24
21MABCH-MA452184-1,West Manchester - Location 1,2026-09-07,0.1146,Safe,0.13,True,Rainfall today,Wave height,Solar radiation (6 days ago),River discharge,High tide level,Rain near combined sewer outfalls,7-day cumulative rainfall,Low tide level (yesterday),Solar radiation (1 day ago),Average wave period (5 days ago),Water temperature (5 days ago),Average wave period (4 days ago),Low tide level,Yesterday rainfall,Solar radiation today,decreasing risk,increasing risk,decreasing risk,decreasing risk,decreasing risk,decreasing risk,increasing risk,decreasing risk,increasing risk,increasing risk,increasing risk,increasing risk,decreasing risk,decreasing risk,increasing risk,0.0,3.4,15.0,25.4,20.8,18.6,1.04,2.93,0.0,low,11.24
21MABCH-MA454803,Peggotty,2026-09-07,0.1448,Unsafe,0.13,True,Rainfall today,Wave height,River discharge,7-day cumulative rainfall,High tide level,Low tide level (yesterday),Rain near combined sewer outfalls,Average wave period (4 days ago),Solar radiation today,Tidal range,Solar radiation (6 days ago),Average wave period (5 days ago),Water temperature (5 days ago),Wind speed (3 days ago),Yesterday rainfall,decreasing risk,increasing risk,decreasing risk,increasing risk,decreasing risk,decreasing risk,decreasing risk,increasing risk,increasing risk,decreasing risk,decreasing risk,decreasing risk,increasing risk,decreasing risk,decreasing risk,0.0,2.2,18.0,25.3,21.5,18.6,1.04,2.93,0.0,low,29.86
21MABCH-MA454803-1,Peggotty - Location 1,2026-09-07,0.1448,Unsafe,0.13,True,Wave height,Rainfall today,7-day cumulative rainfall,River discharge,High tide level,Rain near combined sewer outfalls,Low tide level (yesterday),Water temperature (5 days ago),Average wave period (4 days ago),Solar radiation (6 days ago),Solar radiation today,Wind speed (3 days ago),Yesterday rainfall,Lunar cycle,Onshore wind (3 days ago),increasing risk,decreasing risk,increasing risk,decreasing risk,decreasing risk,decreasing risk,decreasing risk,increasing risk,increasing risk,decreasing risk,increasing risk,decreasing risk,decreasing risk,decreasing risk,increasing risk,0.0,2.2,18.0,25.3,21.5,18.6,1.04,2.93,0.0,low,29.86
21MABCH-MA459366,Long,2026-09-07,0.0483,Safe,0.13,True,Rainfall today,River discharge,Rain near combined sewer outfalls,Wave height,7-day cumulative rainfall,High tide level,Solar radiation (6 days ago),Low tide level (yesterday),30-day cumulative rainfall,Average wave period (5 days ago),Solar radiation (1 day ago),Yesterday rainfall,Onshore wind (2 days ago),Rainfall (6 days ago),Wind gusts,decreasing risk,decreasing risk,increasing risk,increasing risk,increasing risk,decreasing risk,decreasing risk,decreasing risk,decreasing risk,increasing risk,increasing risk,decreasing risk,increasing risk,increasing risk,decreasing risk,0.0,1.9,17.0,25.3,20.8,18.6,1.04,2.93,0.0,low,3.04
21MABCH-MA459366-1,Long - Gloucester - Location 1,2026-09-07,0.0289,Safe,0.13,True,Rainfall today,River discharge,High tide level,Solar radiation (6 days ago),Rain near combined sewer outfalls,Onshore wind (2 days ago),Solar radiation today,Low tide level (yesterday),Wave period (2 days ago),30-day cumulative rainfall,Rainfall (6 days ago),7-day cumulative rainfall,Wind gusts,Yesterday rainfall,Lunar cycle,decreasing risk,decreasing risk,decreasing risk,decreasing risk,increasing risk,increasing risk,increasing risk,decreasing risk,decreasing risk,decreasing risk,increasing risk,increasing risk,decreasing risk,decreasing risk,decreasing risk,0.0,1.9,17.0,25.3,20.8,18.6,1.04,2.93,0.0,low,3.04
21MABCH-MA459982-1,Pleasure Bay (DCR)-Broadway,2026-09-07,0.0451,Safe,0.13,True,Rainfall today,Average wave period (4 days ago),River discharge,Solar radiation (6 days ago),Tide level at sample time,Onshore wave energy (1 day ago),Solar radiation (1 day ago),Wave height,Rain near combined sewer outfalls,Rain and high tide combination,Water temperature (5 days ago),Seasonal pattern,High tide level,Solar radiation today,Wave height (1 day ago),decreasing risk,increasing risk,decreasing risk,decreasing risk,increasing risk,increasing risk,increasing risk,increasing risk,increasing risk,increasing risk,increasing risk,increasing risk,decreasing risk,increasing risk,increasing risk,0.0,4.4,18.0,26.0,20.9,18.6,1.04,2.93,0.0,low,0.37
21MABCH-MA459982-2,Sullivans,2026-09-07,0.1448,Unsafe,0.13,True,Rainfall today,River discharge,Rain near combined sewer outfalls,7-day cumulative rainfall,Wave height,Tide level at sample time,Solar radiation (6 days ago),Solar radiation (1 day ago),Average wave period (4 days ago),Low tide level (yesterday),Onshore wave energy (1 day ago),Seasonal pattern,Alongshore wind today,High tide level,Water temperature (5 days ago),decreasing risk,decreasing risk,increasing risk,increasing risk,increasing risk,increasing risk,decreasing risk,increasing risk,increasing risk,decreasing risk,increasing risk,increasing risk,increasing risk,decreasing risk,increasing risk,0.0,4.4,18.0,26.0,20.9,18.6,1.04,2.93,0.0,low,1.07
21MABCH-MA459982-3,Pleasure Bay (DCR)-South flagpole,2026-09-07,0.0451,Safe,0.13,True,Rainfall today,Average wave period (4 days ago),River discharge,Solar radiation (6 days ago),Tide level at sample time,Onshore wave energy (1 day ago),Wave height,Solar radiation (1 day ago),Rain near combined sewer outfalls,Water temperature (5 days ago),Seasonal pattern,Rain and high tide combination,High tide level,Solar radiation today,Wave height (1 day ago),decreasing risk,increasing risk,decreasing risk,decreasing risk,increasing risk,increasing risk,increasing risk,increasing risk,increasing risk,increasing risk,increasing risk,increasing risk,decreasing risk,increasing risk,increasing risk,0.0,4.4,18.0,26.0,20.9,18.6,1.04,2.93,0.0,low,0.24
21MABCH-MA459982-4,Pleasure Bay (DCR) - location 4,2026-09-07,0.0483,Safe,0.13,True,Rainfall today,Average wave period (4 days ago),River discharge,Solar radiation (6 days ago),Tide level at sample time,Onshore wave energy (1 day ago),Wave height,Solar radiation (1 day ago),Rain near combined sewer outfalls,Water temperature (5 days ago),Rain and high tide combination,High tide level,Seasonal pattern,Solar radiation today,Wave height (1 day ago),decreasing risk,increasing risk,decreasing risk,decreasing risk,increasing risk,increasing risk,increasing risk,increasing risk,increasing risk,increasing risk,increasing risk,decreasing risk,increasing risk,increasing risk,increasing risk,0.0,4.4,18.0,26.0,20.9,18.6,1.04,2.93,0.0,low,0.27
21MABCH-MA460485,Willow Avenue,2026-09-07,0.1147,Safe,0.13,True,Rainfall today,Wave height,Solar radiation (6 days ago),Rain near combined sewer outfalls,River discharge,7-day cumulative rainfall,Low tide level (yesterday),Rain and high tide combination,High tide level,Solar radiation (1 day ago),Average wave period (4 days ago),Onshore wind (2 days ago),Hours since high tide,Tidal range,Air temperature (2 days ago),decreasing risk,increasing risk,decreasing risk,increasing risk,decreasing risk,increasing risk,decreasing risk,increasing risk,decreasing risk,increasing risk,increasing risk,increasing risk,decreasing risk,decreasing risk,decreasing risk,0.0,6.5,17.0,25.8,20.7,18.6,1.04,2.93,0.0,low,5.57
21MABCH-MA460485-1,Willow Avenue - Location 1,2026-09-07,0.1147,Safe,0.13,True,Rainfall today,Wave height,Rain near combined sewer outfalls,7-day cumulative rainfall,Solar radiation (6 days ago),River discharge,Solar radiation (1 day ago),Low tide level (yesterday),Average wave period (4 days ago),High tide level,Average wave period (5 days ago),Onshore wind (2 days ago),Rain and high tide combination,Hours since high tide,Air temperature (2 days ago),decreasing risk,increasing risk,increasing risk,increasing risk,decreasing risk,decreasing risk,increasing risk,decreasing risk,increasing risk,decreasing risk,increasing risk,increasing risk,increasing risk,decreasing risk,decreasing risk,0.0,6.5,17.0,25.8,20.7,18.6,1.04,2.93,0.0,low,5.57
21MABCH-MA469313,Mackey,2026-09-07,0.1146,Safe,0.13,True,Rainfall today,Rain near combined sewer outfalls,Wave height,River discharge,Solar radiation (6 days ago),7-day cumulative rainfall,Low tide level (yesterday),Rain and high tide combination,High tide level,Solar radiation (1 day ago),Average wave period (4 days ago),Onshore wind (2 days ago),Hours since high tide,Tidal range,Lunar cycle,decreasing risk,increasing risk,increasing risk,decreasing risk,decreasing risk,increasing risk,decreasing risk,increasing risk,decreasing risk,increasing risk,increasing risk,increasing risk,decreasing risk,decreasing risk,decreasing risk,0.0,6.5,17.0,25.8,20.7,18.6,1.04,2.93,0.0,low,4.35
21MABCH-MA471378,Front Beach,2026-09-07,0.0451,Safe,0.13,True,Rainfall today,Wave height,River discharge,High tide level,Solar radiation (6 days ago),Low tide level (yesterday),7-day cumulative rainfall,Rain near combined sewer outfalls,30-day cumulative rainfall,Yesterday rainfall,Rainfall (6 days ago),Wind gusts,Average wave period (5 days ago),Solar radiation today,Low tide level,decreasing risk,increasing risk,decreasing risk,decreasing risk,decreasing risk,decreasing risk,increasing risk,decreasing risk,decreasing risk,decreasing risk,increasing risk,decreasing risk,increasing risk,increasing risk,decreasing risk,0.0,1.9,17.0,25.3,20.8,18.6,1.04,2.93,0.0,low,5.35
21MABCH-MA471378-1,Front Beach (Rockport) - Location 1,2026-09-07,0.0451,Safe,0.13,True,Rainfall today,Wave height,River discharge,High tide level,7-day cumulative rainfall,Solar radiation (6 days ago),Low tide level (yesterday),Rain near combined sewer outfalls,30-day cumulative rainfall,Average wave period (5 days ago),Solar radiation (1 day ago),Yesterday rainfall,3-day cumulative rainfall,Solar radiation today,Rainfall (6 days ago),decreasing risk,increasing risk,decreasing risk,decreasing risk,increasing risk,decreasing risk,decreasing risk,decreasing risk,decreasing risk,increasing risk,increasing risk,decreasing risk,decreasing risk,increasing risk,increasing risk,0.0,1.9,17.0,25.3,20.8,18.6,1.04,2.93,0.0,low,5.35
21MABCH-MA476242,Town Beach,2026-09-07,0.1147,Safe,0.13,True,Rainfall today,Wave height,River discharge,7-day cumulative rainfall,Rain near combined sewer outfalls,Low tide level (yesterday),Solar radiation (1 day ago),Solar radiation (6 days ago),Alongshore wind today,High tide level,Air temperature (1 day ago),Rain and high tide combination,Solar radiation today,Average wave period (4 days ago),Water temperature (5 days ago),decreasing risk,increasing risk,decreasing risk,increasing risk,decreasing risk,decreasing risk,increasing risk,decreasing risk,increasing risk,decreasing risk,increasing risk,increasing risk,increasing risk,increasing risk,increasing risk,0.0,3.3,18.0,25.4,21.2,18.6,1.04,2.93,0.0,low,14.65
21MABCH-MA476242-1,Hingham Town Beach - Location 1,2026-09-07,0.0928,Safe,0.13,True,Rainfall today,River discharge,7-day cumulative rainfall,Solar radiation (1 day ago),Wave height,Alongshore wind today,Solar radiation (6 days ago),Rain near combined sewer outfalls,Rain and high tide combination,Air temperature (1 day ago),High tide level,Onshore wind (2 days ago),Solar radiation today,Lunar cycle,Average wave period (4 days ago),decreasing risk,decreasing risk,increasing risk,increasing risk,increasing risk,increasing risk,decreasing risk,decreasing risk,increasing risk,increasing risk,decreasing risk,increasing risk,increasing risk,decreasing risk,increasing risk,0.0,3.3,18.0,25.4,21.2,18.6,1.04,2.93,0.0,low,14.65
21MABCH-MA487839,Halford,2026-09-07,0.1146,Safe,0.13,True,Rainfall today,Rain near combined sewer outfalls,River discharge,Wave height,Solar radiation (6 days ago),7-day cumulative rainfall,Solar radiation (1 day ago),Low tide level (yesterday),Average wave period (4 days ago),High tide level,Yesterday rainfall,Lunar cycle,Onshore wave energy today,Solar radiation today,Water temperature (5 days ago),decreasing risk,increasing risk,decreasing risk,increasing risk,decreasing risk,increasing risk,increasing risk,decreasing risk,increasing risk,decreasing risk,decreasing risk,decreasing risk,increasing risk,increasing risk,increasing risk,0.0,6.1,18.0,25.7,20.7,18.6,1.04,2.93,0.0,low,3.6
21MABCH-MA487839-1,Halford - Location 1,2026-09-07,0.1146,Safe,0.13,True,Rainfall today,Rain near combined sewer outfalls,River discharge,7-day cumulative rainfall,Solar radiation (1 day ago),Solar radiation (6 days ago),Wave height,Low tide level (yesterday),Average wave period (4 days ago),Onshore wave energy today,Yesterday rainfall,Lunar cycle,High tide level,Water temperature (5 days ago),Solar radiation today,decreasing risk,increasing risk,decreasing risk,increasing risk,increasing risk,decreasing risk,increasing risk,decreasing risk,increasing risk,increasing risk,decreasing risk,decreasing risk,decreasing risk,increasing risk,increasing risk,0.0,6.1,18.0,25.7,20.7,18.6,1.04,2.93,0.0,low,3.6
21MABCH-MA503638,Nahant Beach,2026-09-07,0.0853,Safe,0.13,True,Rainfall today,Wave height,River discharge,Solar radiation (1 day ago),Solar radiation (6 days ago),Onshore wind (2 days ago),Rain near combined sewer outfalls,High tide level,Lunar cycle,Water temperature (5 days ago),Rain and high tide combination,Average wave period (4 days ago),7-day cumulative rainfall,Solar radiation today,Low tide level (yesterday),decreasing risk,increasing risk,decreasing risk,increasing risk,decreasing risk,increasing risk,increasing risk,decreasing risk,decreasing risk,increasing risk,increasing risk,increasing risk,increasing risk,increasing risk,decreasing risk,0.0,6.5,17.0,25.9,20.7,18.6,1.04,2.93,0.0,low,2.49
21MABCH-MA510998,A Street Ocean,2026-09-07,0.0711,Safe,0.13,True,Rainfall today,Wave height,River discharge,Rain near combined sewer outfalls,Solar radiation (1 day ago),Low tide level (yesterday),Solar radiation (6 days ago),High tide level,7-day cumulative rainfall,Rain and high tide combination,Air temperature (1 day ago),Average wave period (4 days ago),Wave period (5 days ago),3-day cumulative rainfall,Water temperature (5 days ago),decreasing risk,increasing risk,decreasing risk,decreasing risk,increasing risk,decreasing risk,decreasing risk,decreasing risk,increasing risk,increasing risk,increasing risk,increasing risk,increasing risk,decreasing risk,increasing risk,0.0,3.3,18.0,25.6,21.2,18.6,1.04,2.93,0.0,low,13.05
21MABCH-MA510998-1,A Street Ocean - Location 1,2026-09-07,0.0538,Safe,0.13,True,Rainfall today,Wave height,Solar radiation (1 day ago),River discharge,Solar radiation (6 days ago),High tide level,Rain near combined sewer outfalls,Rain and high tide combination,Wave period (2 days ago),Onshore wind (2 days ago),Air temperature (1 day ago),Wave period (5 days ago),Lunar cycle,Water temperature (5 days ago),Average wave period (4 days ago),decreasing risk,increasing risk,increasing risk,decreasing risk,decreasing risk,decreasing risk,decreasing risk,increasing risk,decreasing risk,increasing risk,increasing risk,increasing risk,decreasing risk,increasing risk,increasing risk,0.0,3.3,18.0,25.6,21.2,18.6,1.04,2.93,0.0,low,13.05
21MABCH-MA524106,Preston,2026-09-07,0.1058,Safe,0.13,True,Rainfall today,Rain near combined sewer outfalls,Wave height,River discharge,7-day cumulative rainfall,Solar radiation (6 days ago),Low tide level (yesterday),Rain and high tide combination,Solar radiation (1 day ago),Average wave period (4 days ago),High tide level,Average wave period (5 days ago),Onshore wind (2 days ago),Hours since high tide,Lunar cycle,decreasing risk,increasing risk,increasing risk,decreasing risk,increasing risk,decreasing risk,decreasing risk,increasing risk,increasing risk,increasing risk,decreasing risk,increasing risk,increasing risk,decreasing risk,decreasing risk,0.0,6.5,17.0,25.8,20.7,18.6,1.04,2.93,0.0,low,3.73
21MABCH-MA524106-1,Preston - Location 1,2026-09-07,0.0554,Safe,0.13,True,Rainfall today,Solar radiation (6 days ago),River discharge,Onshore wind (2 days ago),Solar radiation (1 day ago),Rain near combined sewer outfalls,7-day cumulative rainfall,Rain and high tide combination,High tide level,Wave height,Average wave period (4 days ago),Solar radiation today,Lunar cycle,Wave period (2 days ago),Water temperature (5 days ago),decreasing risk,decreasing risk,decreasing risk,increasing risk,increasing risk,increasing risk,increasing risk,increasing risk,decreasing risk,increasing risk,increasing risk,increasing risk,decreasing risk,decreasing risk,increasing risk,0.0,6.5,17.0,25.8,20.7,18.6,1.04,2.93,0.0,low,3.73
21MABCH-MA530387,Humarock,2026-09-07,0.1058,Safe,0.13,True,Wave height,Rainfall today,7-day cumulative rainfall,River discharge,Rain near combined sewer outfalls,Low tide level (yesterday),High tide level,Solar radiation (6 days ago),Average wave period (4 days ago),Rain and high tide combination,Water temperature (5 days ago),Solar radiation today,Lunar cycle,Low tide level,Wind speed (3 days ago),increasing risk,decreasing risk,increasing risk,decreasing risk,decreasing risk,decreasing risk,decreasing risk,decreasing risk,increasing risk,increasing risk,increasing risk,increasing risk,decreasing risk,decreasing risk,decreasing risk,0.0,5.1,16.0,25.1,21.8,18.6,1.04,2.93,0.0,low,35.02
21MABCH-MA530387-1,Humarock - Location 1,2026-09-07,0.0554,Safe,0.13,True,Rainfall today,Wave height,River discharge,High tide level,7-day cumulative rainfall,Water temperature (5 days ago),Solar radiation (6 days ago),Rain near combined sewer outfalls,Average wave period (4 days ago),Rain and high tide combination,Solar radiation today,Wave period (2 days ago),Lunar cycle,Onshore wind (2 days ago),Alongshore wind today,decreasing risk,increasing risk,decreasing risk,decreasing risk,increasing risk,increasing risk,decreasing risk,decreasing risk,increasing risk,increasing risk,increasing risk,decreasing risk,decreasing risk,increasing risk,increasing risk,0.0,5.1,16.0,25.1,21.8,18.6,1.04,2.93,0.0,low,35.02
21MABCH-MA538327,Grace Oliver,2026-09-07,0.0853,Safe,0.13,True,Rainfall today,Wave height,Solar radiation (6 days ago),River discharge,7-day cumulative rainfall,High tide level,Low tide level (yesterday),Solar radiation (1 day ago),Average wave period (4 days ago),Average wave period (5 days ago),Low tide level,Yesterday rainfall,Rain near combined sewer outfalls,Water temperature (5 days ago),Hours since high tide,decreasing risk,increasing risk,decreasing risk,decreasing risk,increasing risk,decreasing risk,decreasing risk,increasing risk,increasing risk,increasing risk,decreasing risk,decreasing risk,decreasing risk,increasing risk,decreasing risk,0.0,3.4,15.0,25.5,20.8,18.6,1.04,2.93,0.0,low,8.19
21MABCH-MA538327-1,Grace Oliver - Location 1,2026-09-07,0.0897,Safe,0.13,True,Rainfall today,Wave height,Solar radiation (6 days ago),River discharge,7-day cumulative rainfall,High tide level,Low tide level (yesterday),Solar radiation (1 day ago),Average wave period (5 days ago),Average wave period (4 days ago),Yesterday rainfall,Water temperature (5 days ago),Low tide level,Rain near combined sewer outfalls,Air temperature (2 days ago),decreasing risk,increasing risk,decreasing risk,decreasing risk,increasing risk,decreasing risk,decreasing risk,increasing risk,increasing risk,increasing risk,decreasing risk,increasing risk,decreasing risk,decreasing risk,decreasing risk,0.0,3.4,15.0,25.5,20.8,18.6,1.04,2.93,0.0,low,8.19
21MABCH-MA541879,Tudor,2026-09-07,0.137,Unsafe,0.13,True,Rainfall today,Wave height,Rain near combined sewer outfalls,River discharge,Solar radiation (6 days ago),7-day cumulative rainfall,Solar radiation (1 day ago),Low tide level (yesterday),Average wave period (4 days ago),High tide level,Rain and high tide combination,Hours since high tide,Lunar cycle,Onshore wind (2 days ago),Water temperature (5 days ago),decreasing risk,increasing risk,increasing risk,decreasing risk,decreasing risk,increasing risk,increasing risk,decreasing risk,increasing risk,decreasing risk,increasing risk,decreasing risk,decreasing risk,increasing risk,increasing risk,0.0,6.5,17.0,25.9,20.7,18.6,1.04,2.93,0.0,low,4.42
21MABCH-MA541879-1,Tudor - Location 1,2026-09-07,0.0554,Safe,0.13,True,Rainfall today,Solar radiation (6 days ago),River discharge,Solar radiation (1 day ago),Onshore wind (2 days ago),Rain near combined sewer outfalls,Wave height,High tide level,Lunar cycle,Rain and high tide combination,Average wave period (4 days ago),Water temperature (5 days ago),7-day cumulative rainfall,Wave period (2 days ago),Solar radiation today,decreasing risk,decreasing risk,decreasing risk,increasing risk,increasing risk,increasing risk,increasing risk,decreasing risk,decreasing risk,increasing risk,increasing risk,increasing risk,increasing risk,decreasing risk,increasing risk,0.0,6.5,17.0,25.9,20.7,18.6,1.04,2.93,0.0,low,4.42
21MABCH-MA544995-1,Kings (DCR)-Kimball Rd.,2026-09-07,0.137,Safe,0.24,True,Rainfall today,Wave height,Rain near combined sewer outfalls,Wind direction,7-day cumulative rainfall,Solar radiation (1 day ago),River discharge,Solar radiation (6 days ago),Average wave period (4 days ago),Low tide level (yesterday),High tide level,Air temperature (2 days ago),Lunar cycle,Rainfall (7 days ago),Solar radiation today,decreasing risk,increasing risk,increasing risk,decreasing risk,increasing risk,increasing risk,decreasing risk,decreasing risk,increasing risk,decreasing risk,decreasing risk,decreasing risk,decreasing risk,decreasing risk,increasing risk,0.0,6.5,17.0,25.8,20.7,18.6,1.04,2.93,0.0,low,0.48
21MABCH-MA544995-2,Kings (DCR)-Pierce Rd.,2026-09-07,0.137,Safe,0.24,True,Rainfall today,Wave height,Rain near combined sewer outfalls,Wind direction,7-day cumulative rainfall,River discharge,Solar radiation (1 day ago),Solar radiation (6 days ago),Average wave period (4 days ago),Low tide level (yesterday),High tide level,Rain and high tide combination,Air temperature (2 days ago),Lunar cycle,Solar radiation today,decreasing risk,increasing risk,increasing risk,decreasing risk,increasing risk,decreasing risk,increasing risk,decreasing risk,increasing risk,decreasing risk,decreasing risk,increasing risk,decreasing risk,decreasing risk,increasing risk,0.0,6.5,17.0,25.8,20.7,18.6,1.04,2.93,0.0,low,0.28
21MABCH-MA544995-3,Kings (DCR)-Eastern Ave.,2026-09-07,0.45,Unsafe,0.24,False,Rainfall today,River discharge,Solar radiation (6 days ago),Rain near combined sewer outfalls,Average wave period (4 days ago),Wave height,Solar radiation today,Lunar cycle,Wind direction,Solar radiation (1 day ago),Rainfall (7 days ago),High tide level,River discharge (1 day ago),Air temperature (2 days ago),Onshore wave energy today,decreasing risk,decreasing risk,decreasing risk,increasing risk,increasing risk,increasing risk,increasing risk,decreasing risk,decreasing risk,increasing risk,decreasing risk,decreasing risk,increasing risk,decreasing risk,increasing risk,0.0,6.5,17.0,25.8,20.7,18.6,1.04,2.93,0.0,low,0.2
21MABCH-MA562850,Wollaston,2026-09-07,0.1448,Safe,0.18,True,Rainfall today,Wave height,Rain near combined sewer outfalls,River discharge,7-day cumulative rainfall,Solar radiation (6 days ago),Solar radiation (1 day ago),Low tide level (yesterday),Average wave period (4 days ago),Average wave period (5 days ago),High tide level,Onshore wave energy today,Lunar cycle,Rain and high tide combination,Solar radiation today,decreasing risk,increasing risk,increasing risk,decreasing risk,increasing risk,decreasing risk,increasing risk,decreasing risk,increasing risk,increasing risk,decreasing risk,increasing risk,decreasing risk,increasing risk,increasing risk,0.0,4.4,18.0,26.0,20.9,18.6,1.04,2.93,0.0,low,5.47
21MABCH-MA562850-1,Wollaston @ Rice Road (DCR) - Location 1,2026-09-07,0.137,Safe,0.18,True,Rainfall today,Wave height,Rain near combined sewer outfalls,Solar radiation (1 day ago),7-day cumulative rainfall,Solar radiation (6 days ago),River discharge,Onshore wind (2 days ago),Average wave period (4 days ago),Rain and high tide combination,Lunar cycle,Alongshore wind today,Yesterday rainfall,High tide level,Water temperature (5 days ago),decreasing risk,increasing risk,increasing risk,increasing risk,increasing risk,decreasing risk,decreasing risk,increasing risk,increasing risk,increasing risk,decreasing risk,increasing risk,decreasing risk,decreasing risk,increasing risk,0.0,4.4,18.0,26.0,20.9,18.6,1.04,2.93,0.0,low,6.45
21MABCH-MA565550,Kings,2026-09-07,0.7727,Unsafe,0.24,True,Rainfall today,Wave height,Rain near combined sewer outfalls,River discharge,Rain and high tide combination,Solar radiation (6 days ago),Average wave period (4 days ago),Onshore wind (2 days ago),Solar radiation today,Lunar cycle,High tide level,Solar radiation (1 day ago),Wave period,Wind gusts,Air temperature (2 days ago),decreasing risk,increasing risk,increasing risk,decreasing risk,increasing risk,decreasing risk,increasing risk,increasing risk,increasing risk,decreasing risk,decreasing risk,increasing risk,decreasing risk,increasing risk,decreasing risk,0.0,6.5,17.0,25.8,20.7,18.6,1.04,2.93,0.0,low,0.1
21MABCH-MA566757,James Ave.,2026-09-07,0.1058,Safe,0.13,True,Rainfall today,Wave height,River discharge,Rain near combined sewer outfalls,Solar radiation (1 day ago),Solar radiation (6 days ago),Low tide level (yesterday),High tide level,7-day cumulative rainfall,Average wave period (4 days ago),Average wave period (5 days ago),Water temperature (5 days ago),Rain and high tide combination,Hours since high tide,Low tide level,decreasing risk,increasing risk,decreasing risk,decreasing risk,increasing risk,decreasing risk,decreasing risk,decreasing risk,increasing risk,increasing risk,increasing risk,increasing risk,increasing risk,decreasing risk,decreasing risk,0.0,3.3,18.0,25.6,21.2,18.6,1.04,2.93,0.0,low,10.33
21MABCH-MA566757-1,James Ave. - Location 1,2026-09-07,0.0749,Safe,0.13,True,Rainfall today,Wave height,Solar radiation (1 day ago),Solar radiation (6 days ago),River discharge,High tide level,Rain near combined sewer outfalls,Rain and high tide combination,Water temperature (5 days ago),Average wave period (4 days ago),Lunar cycle,Wave period (2 days ago),Low tide level (yesterday),Onshore wind (2 days ago),Solar radiation today,decreasing risk,increasing risk,increasing risk,decreasing risk,decreasing risk,decreasing risk,decreasing risk,increasing risk,increasing risk,increasing risk,decreasing risk,decreasing risk,decreasing risk,increasing risk,increasing risk,0.0,3.3,18.0,25.6,21.2,18.6,1.04,2.93,0.0,low,10.33
21MABCH-MA570977,Winthrop,2026-09-07,0.1058,Safe,0.13,True,Rainfall today,Rain near combined sewer outfalls,River discharge,Solar radiation (6 days ago),7-day cumulative rainfall,Solar radiation (1 day ago),Average wave period (4 days ago),Lunar cycle,Onshore wave energy today,Yesterday rainfall,Water temperature (5 days ago),Wave height,High tide level,Solar radiation today,Onshore wind (2 days ago),decreasing risk,increasing risk,decreasing risk,decreasing risk,increasing risk,increasing risk,increasing risk,decreasing risk,increasing risk,decreasing risk,increasing risk,increasing risk,decreasing risk,increasing risk,increasing risk,0.0,6.1,18.0,25.7,20.7,18.6,1.04,2.93,0.0,low,4.39
21MABCH-MA570977-1,Winthrop Beach (DCR) - Location 1,2026-09-07,0.0928,Safe,0.13,False,Rainfall today,Rain near combined sewer outfalls,River discharge,Solar radiation (6 days ago),Solar radiation (1 day ago),Wave height,Average wave period (4 days ago),Lunar cycle,Solar radiation today,High tide level,Yesterday rainfall,7-day cumulative rainfall,Onshore wind (2 days ago),Onshore wave energy today,6-day cumulative rainfall,decreasing risk,increasing risk,decreasing risk,decreasing risk,increasing risk,increasing risk,increasing risk,decreasing risk,increasing risk,decreasing risk,decreasing risk,increasing risk,increasing risk,increasing risk,increasing risk,0.0,6.1,18.0,25.7,20.7,18.6,1.04,2.93,0.0,low,4.66
21MABCH-MA578584,Magnolia,2026-09-07,0.0853,Safe,0.13,True,Wave height,Rainfall today,River discharge,High tide level,Solar radiation (6 days ago),7-day cumulative rainfall,Low tide level (yesterday),Average wave period (4 days ago),Low tide level,Rain near combined sewer outfalls,Yesterday rainfall,Average wave period (5 days ago),Water temperature (5 days ago),Tidal range,Hours since high tide,increasing risk,decreasing risk,decreasing risk,decreasing risk,decreasing risk,increasing risk,decreasing risk,increasing risk,decreasing risk,decreasing risk,decreasing risk,increasing risk,increasing risk,decreasing risk,decreasing risk,0.0,1.9,17.0,24.9,20.8,18.6,1.04,2.93,0.0,low,5.97
21MABCH-MA579166,Kings,2026-09-07,0.1448,Safe,0.24,True,Rainfall today,Wave height,Rain near combined sewer outfalls,River discharge,7-day cumulative rainfall,Wind direction,Solar radiation (6 days ago),Solar radiation (1 day ago),Average wave period (4 days ago),High tide level,Low tide level (yesterday),Air temperature (2 days ago),Rain and high tide combination,Lunar cycle,Rainfall (7 days ago),decreasing risk,increasing risk,increasing risk,decreasing risk,increasing risk,decreasing risk,decreasing risk,increasing risk,increasing risk,decreasing risk,decreasing risk,decreasing risk,increasing risk,decreasing risk,decreasing risk,0.0,6.5,17.0,25.8,20.7,18.6,1.04,2.93,0.0,low,0.28
21MABCH-MA579607,Waikiki Beach (Winter Island),2026-09-07,0.1147,Safe,0.13,True,Rainfall today,Wave height,Rain near combined sewer outfalls,Solar radiation (6 days ago),7-day cumulative rainfall,River discharge,Solar radiation (1 day ago),Low tide level (yesterday),Average wave period (4 days ago),Average wave period (5 days ago),High tide level,Onshore wind (2 days ago),Rain and high tide combination,Hours since high tide,Air temperature (2 days ago),decreasing risk,increasing risk,increasing risk,decreasing risk,increasing risk,decreasing risk,increasing risk,decreasing risk,increasing risk,increasing risk,decreasing risk,increasing risk,increasing risk,decreasing risk,decreasing risk,0.0,6.5,17.0,25.8,20.7,18.6,1.04,2.93,0.0,low,8.16
21MABCH-MA579607-1,Waikiki Beach (Winter Island) - Location 1,2026-09-07,0.0853,Safe,0.13,True,Rainfall today,Wave height,Solar radiation (6 days ago),River discharge,Onshore wind (2 days ago),Solar radiation (1 day ago),7-day cumulative rainfall,Rain and high tide combination,Rain near combined sewer outfalls,High tide level,Water temperature (5 days ago),Wave period (2 days ago),Average wave period (4 days ago),Lunar cycle,Low tide level (yesterday),decreasing risk,increasing risk,decreasing risk,decreasing risk,increasing risk,increasing risk,increasing risk,increasing risk,increasing risk,decreasing risk,increasing risk,decreasing risk,increasing risk,decreasing risk,decreasing risk,0.0,6.5,17.0,25.8,20.7,18.6,1.04,2.93,0.0,low,8.16
21MABCH-MA594150,Darcy's,2026-09-07,0.1146,Safe,0.13,True,Rainfall today,Wave height,Rain near combined sewer outfalls,7-day cumulative rainfall,Solar radiation (1 day ago),River discharge,Solar radiation (6 days ago),Low tide level (yesterday),Average wave period (4 days ago),High tide level,Average wave period (5 days ago),Onshore wind (2 days ago),Yesterday rainfall,Hours since high tide,Water temperature (5 days ago),decreasing risk,increasing risk,increasing risk,increasing risk,increasing risk,decreasing risk,decreasing risk,decreasing risk,increasing risk,decreasing risk,increasing risk,increasing risk,decreasing risk,decreasing risk,increasing risk,0.0,3.3,18.0,25.6,21.2,18.6,1.04,2.93,0.0,low,9.38
21MABCH-MA594150-1,Darcy's - Location 1,2026-09-07,0.1146,Safe,0.13,True,Rainfall today,Wave height,Rain near combined sewer outfalls,7-day cumulative rainfall,Solar radiation (1 day ago),River discharge,Solar radiation (6 days ago),Low tide level (yesterday),Average wave period (4 days ago),High tide level,Average wave period (5 days ago),Onshore wind (2 days ago),Yesterday rainfall,Hours since high tide,Water temperature (5 days ago),decreasing risk,increasing risk,increasing risk,increasing risk,increasing risk,decreasing risk,decreasing risk,decreasing risk,increasing risk,decreasing risk,increasing risk,increasing risk,decreasing risk,decreasing risk,increasing risk,0.0,3.3,18.0,25.6,21.2,18.6,1.04,2.93,0.0,low,9.38
21MABCH-MA594434,Whales,2026-09-07,0.1058,Safe,0.13,True,Rainfall today,Rain near combined sewer outfalls,Wave height,River discharge,7-day cumulative rainfall,Solar radiation (6 days ago),Low tide level (yesterday),Rain and high tide combination,Solar radiation (1 day ago),High tide level,Average wave period (4 days ago),Average wave period (5 days ago),Onshore wind (2 days ago),Air temperature (2 days ago),Hours since high tide,decreasing risk,increasing risk,increasing risk,decreasing risk,increasing risk,decreasing risk,decreasing risk,increasing risk,increasing risk,decreasing risk,increasing risk,increasing risk,increasing risk,decreasing risk,decreasing risk,0.0,6.5,17.0,25.8,20.7,18.6,1.04,2.93,0.0,low,1.39
21MABCH-MA594434-1,Whales - Location 1,2026-09-07,0.0554,Safe,0.13,True,Rainfall today,Solar radiation (6 days ago),River discharge,Onshore wind (2 days ago),Rain near combined sewer outfalls,Solar radiation (1 day ago),7-day cumulative rainfall,High tide level,Rain and high tide combination,Wave height,Water temperature (5 days ago),Average wave period (4 days ago),Lunar cycle,Wave period (2 days ago),Low tide level (yesterday),decreasing risk,decreasing risk,decreasing risk,increasing risk,increasing risk,increasing risk,increasing risk,decreasing risk,increasing risk,increasing risk,increasing risk,increasing risk,decreasing risk,decreasing risk,decreasing risk,0.0,6.5,17.0,25.8,20.7,18.6,1.04,2.93,0.0,low,1.39
21MABCH-MA596706,Juniper Point,2026-09-07,0.1146,Safe,0.13,True,Rainfall today,Wave height,Solar radiation (6 days ago),River discharge,7-day cumulative rainfall,High tide level,Low tide level (yesterday),Solar radiation (1 day ago),Rain and high tide combination,Average wave period (4 days ago),Tidal range,Low tide level,Hours since high tide,Lunar cycle,Air temperature (2 days ago),decreasing risk,increasing risk,decreasing risk,decreasing risk,increasing risk,decreasing risk,decreasing risk,increasing risk,increasing risk,increasing risk,decreasing risk,decreasing risk,decreasing risk,decreasing risk,decreasing risk,0.0,6.5,17.0,25.8,20.7,18.6,1.04,2.93,0.0,low,8.79
21MABCH-MA596706-1,Juniper Point - Location 1,2026-09-07,0.1058,Safe,0.13,True,Wave height,Rainfall today,Solar radiation (6 days ago),Solar radiation (1 day ago),7-day cumulative rainfall,River discharge,Low tide level (yesterday),High tide level,Average wave period (4 days ago),Average wave period (5 days ago),Rain and high tide combination,Water temperature (5 days ago),Low tide level,Hours since high tide,Air temperature (2 days ago),increasing risk,decreasing risk,decreasing risk,increasing risk,increasing risk,decreasing risk,decreasing risk,decreasing risk,increasing risk,increasing risk,increasing risk,increasing risk,decreasing risk,decreasing risk,decreasing risk,0.0,6.5,17.0,25.8,20.7,18.6,1.04,2.93,0.0,low,8.79
21MABCH-MA613695,Newport,2026-09-07,0.0853,Safe,0.13,True,Rainfall today,Wave height,Solar radiation (1 day ago),River discharge,Rain near combined sewer outfalls,Solar radiation (6 days ago),7-day cumulative rainfall,Low tide level (yesterday),High tide level,Average wave period (5 days ago),3-day cumulative rainfall,Average wave period (4 days ago),Water temperature (5 days ago),Rain and high tide combination,Yesterday rainfall,decreasing risk,increasing risk,increasing risk,decreasing risk,decreasing risk,decreasing risk,increasing risk,decreasing risk,decreasing risk,increasing risk,decreasing risk,increasing risk,increasing risk,increasing risk,decreasing risk,0.0,3.3,18.0,25.6,21.2,18.6,1.04,2.93,0.0,low,13.0
21MABCH-MA613695-1,Newport - Location 1,2026-09-07,0.0554,Safe,0.13,True,Rainfall today,Wave height,Solar radiation (1 day ago),Solar radiation (6 days ago),River discharge,High tide level,Rain near combined sewer outfalls,Rain and high tide combination,Wave period (2 days ago),Onshore wind (2 days ago),Water temperature (5 days ago),Lunar cycle,Low tide level (yesterday),7-day cumulative rainfall,Average wave period (4 days ago),decreasing risk,increasing risk,increasing risk,decreasing risk,decreasing risk,decreasing risk,decreasing risk,increasing risk,decreasing risk,increasing risk,increasing risk,decreasing risk,decreasing risk,increasing risk,increasing risk,0.0,3.3,18.0,25.6,21.2,18.6,1.04,2.93,0.0,low,13.0
21MABCH-MA617417,Eisman's,2026-09-07,0.1058,Safe,0.13,True,Rainfall today,Rain near combined sewer outfalls,Wave height,River discharge,7-day cumulative rainfall,Solar radiation (6 days ago),Low tide level (yesterday),Rain and high tide combination,Solar radiation (1 day ago),High tide level,Average wave period (4 days ago),Average wave period (5 days ago),Onshore wind (2 days ago),Hours since high tide,Lunar cycle,decreasing risk,increasing risk,increasing risk,decreasing risk,increasing risk,decreasing risk,decreasing risk,increasing risk,increasing risk,decreasing risk,increasing risk,increasing risk,increasing risk,decreasing risk,decreasing risk,0.0,6.5,17.0,25.8,20.7,18.6,1.04,2.93,0.0,low,1.79
21MABCH-MA617417-1,Eisman's - Location 1,2026-09-07,0.0554,Safe,0.13,True,Rainfall today,Solar radiation (6 days ago),River discharge,Onshore wind (2 days ago),Rain near combined sewer outfalls,Solar radiation (1 day ago),7-day cumulative rainfall,High tide level,Rain and high tide combination,Wave height,Water temperature (5 days ago),Lunar cycle,Average wave period (4 days ago),Wave period (2 days ago),Low tide level (yesterday),decreasing risk,decreasing risk,decreasing risk,increasing risk,increasing risk,increasing risk,increasing risk,decreasing risk,increasing risk,increasing risk,increasing risk,decreasing risk,increasing risk,decreasing risk,decreasing risk,0.0,6.5,17.0,25.8,20.7,18.6,1.04,2.93,0.0,low,1.79
21MABCH-MA625295,Obear Park,2026-09-07,0.1146,Safe,0.13,True,Rainfall today,Wave height,Solar radiation (6 days ago),7-day cumulative rainfall,Solar radiation (1 day ago),Low tide level (yesterday),High tide level,Rain and high tide combination,Average wave period (4 days ago),River discharge (4 days ago),Average wave period (5 days ago),River discharge,Rain near combined sewer outfalls,Lunar cycle,Hours since high tide,decreasing risk,increasing risk,decreasing risk,increasing risk,increasing risk,decreasing risk,decreasing risk,increasing risk,increasing risk,increasing risk,increasing risk,increasing risk,decreasing risk,decreasing risk,decreasing risk,0.0,6.5,17.0,25.8,20.7,18.6,1.04,2.93,0.0,low,8.89
21MABCH-MA625295-1,Obear Park - Location 1,2026-09-07,0.1146,Safe,0.13,True,Rainfall today,Wave height,Solar radiation (6 days ago),Solar radiation (1 day ago),7-day cumulative rainfall,Low tide level (yesterday),High tide level,Average wave period (5 days ago),Average wave period (4 days ago),River discharge (4 days ago),River discharge,Rain and high tide combination,Rain near combined sewer outfalls,Lunar cycle,Hours since high tide,decreasing risk,increasing risk,decreasing risk,increasing risk,increasing risk,decreasing risk,decreasing risk,increasing risk,increasing risk,increasing risk,increasing risk,increasing risk,decreasing risk,decreasing risk,decreasing risk,0.0,6.5,17.0,25.8,20.7,18.6,1.04,2.93,0.0,low,8.89
21MABCH-MA626367,Pleasure Bay,2026-09-07,0.1604,Unsafe,0.13,True,Rainfall today,River discharge,Rain near combined sewer outfalls,Wave height,7-day cumulative rainfall,Tide level at sample time,Solar radiation (6 days ago),Average wave period (4 days ago),Solar radiation (1 day ago),Low tide level (yesterday),Onshore wave energy (1 day ago),Seasonal pattern,Alongshore wind today,High tide level,Rainfall (6 days ago),decreasing risk,decreasing risk,increasing risk,increasing risk,increasing risk,increasing risk,decreasing risk,increasing risk,increasing risk,decreasing risk,increasing risk,increasing risk,increasing risk,decreasing risk,increasing risk,0.0,4.4,18.0,26.0,20.9,18.6,1.04,2.93,0.0,low,1.07
21MABCH-MA629499,Egypt,2026-09-07,0.1412,Unsafe,0.13,True,Rainfall today,Wave height,River discharge,7-day cumulative rainfall,High tide level,Low tide level (yesterday),Rain near combined sewer outfalls,Solar radiation today,Solar radiation (6 days ago),Tidal range,Water temperature (5 days ago),Wind speed (3 days ago),Average wave period (4 days ago),Yesterday rainfall,Hours since high tide,decreasing risk,increasing risk,decreasing risk,increasing risk,decreasing risk,decreasing risk,decreasing risk,increasing risk,decreasing risk,decreasing risk,increasing risk,decreasing risk,increasing risk,decreasing risk,decreasing risk,0.0,2.2,18.0,25.3,21.5,18.6,1.04,2.93,0.0,low,26.12
21MABCH-MA629499-1,Egypt - Location 1,2026-09-07,0.1448,Unsafe,0.13,True,Wave height,Rainfall today,7-day cumulative rainfall,River discharge,High tide level,Low tide level (yesterday),Rain near combined sewer outfalls,Water temperature (5 days ago),Solar radiation (6 days ago),Solar radiation today,Average wave period (4 days ago),Wind speed (3 days ago),Yesterday rainfall,Lunar cycle,Air temperature (1 day ago),increasing risk,decreasing risk,increasing risk,decreasing risk,decreasing risk,decreasing risk,decreasing risk,increasing risk,decreasing risk,increasing risk,increasing risk,decreasing risk,decreasing risk,decreasing risk,increasing risk,0.0,2.2,18.0,25.3,21.5,18.6,1.04,2.93,0.0,low,26.12
21MABCH-MA631341,Pebble,2026-09-07,0.0451,Safe,0.13,True,Rainfall today,Wave height,River discharge,High tide level,Rain near combined sewer outfalls,Solar radiation (6 days ago),Low tide level (yesterday),7-day cumulative rainfall,Wind gusts,30-day cumulative rainfall,Tidal range,Rainfall (6 days ago),Yesterday rainfall,Low tide level,Solar radiation today,decreasing risk,increasing risk,decreasing risk,decreasing risk,decreasing risk,decreasing risk,decreasing risk,increasing risk,decreasing risk,decreasing risk,decreasing risk,increasing risk,decreasing risk,decreasing risk,increasing risk,0.0,1.9,17.0,25.3,20.8,18.6,1.04,2.93,0.0,low,4.69
21MABCH-MA631341-1,Pebble - Location 1,2026-09-07,0.0231,Safe,0.13,True,Rainfall today,River discharge,High tide level,Solar radiation (6 days ago),Wind gusts,Rain near combined sewer outfalls,Solar radiation today,Onshore wind (2 days ago),Low tide level (yesterday),Wave period (2 days ago),30-day cumulative rainfall,Lunar cycle,Rainfall (6 days ago),3-day cumulative rainfall,Water temperature (5 days ago),decreasing risk,decreasing risk,decreasing risk,decreasing risk,decreasing risk,decreasing risk,increasing risk,increasing risk,decreasing risk,decreasing risk,decreasing risk,decreasing risk,increasing risk,decreasing risk,increasing risk,0.0,1.9,17.0,25.3,20.8,18.6,1.04,2.93,0.0,low,4.69
21MABCH-MA637345,Willows Pier,2026-09-07,0.0928,Safe,0.13,True,Wave height,Rainfall today,Solar radiation (6 days ago),River discharge,7-day cumulative rainfall,Solar radiation (1 day ago),Low tide level (yesterday),High tide level,Rain and high tide combination,Average wave period (4 days ago),Low tide level,Rain near combined sewer outfalls,Hours since high tide,Lunar cycle,Air temperature (2 days ago),increasing risk,decreasing risk,decreasing risk,decreasing risk,increasing risk,increasing risk,decreasing risk,decreasing risk,increasing risk,increasing risk,decreasing risk,decreasing risk,decreasing risk,decreasing risk,decreasing risk,0.0,6.5,17.0,25.8,20.7,18.6,1.04,2.93,0.0,low,8.89
21MABCH-MA637345-1,Willows Pier - Location 1,2026-09-07,0.0711,Safe,0.13,True,Rainfall today,Wave height,Solar radiation (6 days ago),River discharge,Solar radiation (1 day ago),High tide level,Rain and high tide combination,7-day cumulative rainfall,Onshore wind (2 days ago),Water temperature (5 days ago),Lunar cycle,Average wave period (4 days ago),Wave period (2 days ago),Low tide level (yesterday),Rain near combined sewer outfalls,decreasing risk,increasing risk,decreasing risk,decreasing risk,increasing risk,decreasing risk,increasing risk,increasing risk,increasing risk,increasing risk,decreasing risk,increasing risk,decreasing risk,decreasing risk,decreasing risk,0.0,6.5,17.0,25.8,20.7,18.6,1.04,2.93,0.0,low,8.89
21MABCH-MA640314,Mound,2026-09-07,0.1931,Unsafe,0.13,True,Rainfall today,Wave height,River discharge,Alongshore wind today,Solar radiation (1 day ago),Solar radiation (6 days ago),Low tide level (yesterday),Rain near combined sewer outfalls,Solar radiation today,High tide level,Hours since high tide,Average wave period (4 days ago),Rain and high tide combination,Tidal range,Onshore wind (2 days ago),decreasing risk,increasing risk,decreasing risk,increasing risk,increasing risk,decreasing risk,decreasing risk,increasing risk,increasing risk,decreasing risk,decreasing risk,increasing risk,increasing risk,decreasing risk,increasing risk,0.0,4.4,18.0,26.0,20.9,18.6,1.04,2.93,0.0,low,9.65
21MABCH-MA640314-1,Mound - Location 1,2026-09-07,0.1017,Safe,0.13,True,Rainfall today,Wave height,Alongshore wind today,Solar radiation (1 day ago),River discharge,Onshore wind (2 days ago),Solar radiation (6 days ago),Rain near combined sewer outfalls,Solar radiation today,Water temperature (5 days ago),Lunar cycle,High tide level,Average wave period (4 days ago),Rain and high tide combination,Wave period (2 days ago),decreasing risk,increasing risk,increasing risk,increasing risk,decreasing risk,increasing risk,decreasing risk,increasing risk,increasing risk,increasing risk,decreasing risk,decreasing risk,increasing risk,increasing risk,decreasing risk,0.0,4.4,18.0,26.0,20.9,18.6,1.04,2.93,0.0,low,9.65
21MABCH-MA641647,Carson Beach,2026-09-07,0.0928,Safe,0.13,True,Rainfall today,Wave height,Average wave period (4 days ago),Rain near combined sewer outfalls,River discharge,Wind gusts,Onshore wave energy (1 day ago),7-day cumulative rainfall,Solar radiation (6 days ago),Tide level at sample time,Solar radiation (1 day ago),Seasonal pattern,Low tide level (yesterday),Wave height (1 day ago),Rainfall (6 days ago),decreasing risk,increasing risk,increasing risk,increasing risk,decreasing risk,increasing risk,increasing risk,increasing risk,decreasing risk,increasing risk,increasing risk,increasing risk,decreasing risk,increasing risk,increasing risk,0.0,4.4,18.0,26.0,20.9,18.6,1.04,2.93,0.0,low,0.16
21MABCH-MA641809,Brackenbury,2026-09-07,0.137,Unsafe,0.13,True,Rainfall today,Wave height,Solar radiation (6 days ago),7-day cumulative rainfall,River discharge,Rain near combined sewer outfalls,High tide level,Low tide level (yesterday),Solar radiation (1 day ago),Tidal range,Rain and high tide combination,Average wave period (4 days ago),Low tide level,Solar radiation today,Onshore wave energy (3 days ago),decreasing risk,increasing risk,decreasing risk,increasing risk,decreasing risk,decreasing risk,decreasing risk,decreasing risk,increasing risk,decreasing risk,increasing risk,increasing risk,decreasing risk,increasing risk,increasing risk,0.0,5.1,17.0,26.2,20.6,18.6,1.04,2.93,0.0,low,10.95
21MABCH-MA641809-1,Brackenbury - Location 1,2026-09-07,0.1147,Safe,0.13,True,Rainfall today,Wave height,Solar radiation (6 days ago),Solar radiation (1 day ago),River discharge,7-day cumulative rainfall,Rain near combined sewer outfalls,Low tide level (yesterday),High tide level,Average wave period (4 days ago),Average wave period (5 days ago),Water temperature (5 days ago),Low tide level,Rain and high tide combination,Solar radiation today,decreasing risk,increasing risk,decreasing risk,increasing risk,decreasing risk,increasing risk,decreasing risk,decreasing risk,decreasing risk,increasing risk,increasing risk,increasing risk,decreasing risk,increasing risk,increasing risk,0.0,5.1,17.0,26.2,20.6,18.6,1.04,2.93,0.0,low,10.95
21MABCH-MA644600-1,Peddocks Island (DCR) - location 1,2026-09-07,0.0853,Safe,0.13,True,Rainfall today,Wave height,Solar radiation (1 day ago),Solar radiation (6 days ago),River discharge,Onshore wind (2 days ago),High tide level,Rain near combined sewer outfalls,Average wave period (4 days ago),Rain and high tide combination,Lunar cycle,Water temperature (5 days ago),Wave period (2 days ago),7-day cumulative rainfall,Solar radiation today,decreasing risk,increasing risk,increasing risk,decreasing risk,decreasing risk,increasing risk,decreasing risk,increasing risk,increasing risk,increasing risk,decreasing risk,increasing risk,decreasing risk,increasing risk,increasing risk,0.0,3.3,18.0,25.6,21.2,18.6,1.04,2.93,0.0,low,8.82
21MABCH-MA644600-2,Peddocks Island (DCR)-Perry Cove,2026-09-07,0.0853,Safe,0.13,True,Rainfall today,Wave height,Solar radiation (1 day ago),Solar radiation (6 days ago),Rain near combined sewer outfalls,River discharge,Onshore wind (2 days ago),High tide level,Rain and high tide combination,Lunar cycle,Average wave period (4 days ago),Wave period (2 days ago),Water temperature (5 days ago),7-day cumulative rainfall,Yesterday rainfall,decreasing risk,increasing risk,increasing risk,decreasing risk,increasing risk,decreasing risk,increasing risk,decreasing risk,increasing risk,decreasing risk,increasing risk,decreasing risk,increasing risk,increasing risk,decreasing risk,0.0,3.3,18.0,25.6,21.2,18.6,1.04,2.93,0.0,low,8.24
21MABCH-MA644600-3,Peddocks Island (DCR)-Portuguese Cove,2026-09-07,0.0853,Safe,0.13,True,Rainfall today,Wave height,Solar radiation (1 day ago),Solar radiation (6 days ago),River discharge,Rain near combined sewer outfalls,Onshore wind (2 days ago),High tide level,Average wave period (4 days ago),Rain and high tide combination,Lunar cycle,Water temperature (5 days ago),Wave period (2 days ago),7-day cumulative rainfall,Yesterday rainfall,decreasing risk,increasing risk,increasing risk,decreasing risk,decreasing risk,increasing risk,increasing risk,decreasing risk,increasing risk,increasing risk,decreasing risk,increasing risk,decreasing risk,increasing risk,decreasing risk,0.0,3.3,18.0,25.6,21.2,18.6,1.04,2.93,0.0,low,8.37
21MABCH-MA665375,Yacht Club,2026-09-07,0.1147,Safe,0.13,True,Rainfall today,Wave height,River discharge,High tide level,Rain near combined sewer outfalls,7-day cumulative rainfall,Alongshore wind today,Low tide level (yesterday),Air temperature (1 day ago),Solar radiation (6 days ago),Wind speed (3 days ago),Tidal range,Average wave period (4 days ago),Solar radiation today,Yesterday rainfall,decreasing risk,increasing risk,decreasing risk,decreasing risk,decreasing risk,increasing risk,increasing risk,decreasing risk,increasing risk,decreasing risk,decreasing risk,decreasing risk,increasing risk,increasing risk,decreasing risk,0.0,2.2,18.0,25.2,21.5,18.6,1.04,2.93,0.0,low,21.93
21MABCH-MA666875,Germantown Firestation,2026-09-07,0.1448,Unsafe,0.13,True,Rainfall today,Wave height,Solar radiation (1 day ago),River discharge,Alongshore wind today,Rain near combined sewer outfalls,7-day cumulative rainfall,Low tide level (yesterday),Solar radiation (6 days ago),High tide level,Average wave period (4 days ago),Average wave period (5 days ago),Solar radiation today,Water temperature (5 days ago),Lunar cycle,decreasing risk,increasing risk,increasing risk,decreasing risk,increasing risk,decreasing risk,increasing risk,decreasing risk,decreasing risk,decreasing risk,increasing risk,increasing risk,increasing risk,increasing risk,decreasing risk,0.0,4.4,18.0,26.0,20.9,18.6,1.04,2.93,0.0,low,10.43
21MABCH-MA666875-1,Germantown Firestation - Location 1,2026-09-07,0.1448,Unsafe,0.13,True,Rainfall today,Wave height,Solar radiation (1 day ago),River discharge,Alongshore wind today,7-day cumulative rainfall,Rain near combined sewer outfalls,Low tide level (yesterday),Solar radiation (6 days ago),Average wave period (5 days ago),High tide level,Average wave period (4 days ago),Solar radiation today,Water temperature (5 days ago),Yesterday rainfall,decreasing risk,increasing risk,increasing risk,decreasing risk,increasing risk,increasing risk,decreasing risk,decreasing risk,decreasing risk,increasing risk,decreasing risk,increasing risk,increasing risk,increasing risk,decreasing risk,0.0,4.4,18.0,26.0,20.9,18.6,1.04,2.93,0.0,low,10.43
21MABCH-MA667947,Short,2026-09-07,0.137,Unsafe,0.13,True,Rainfall today,Rain near combined sewer outfalls,River discharge,7-day cumulative rainfall,Solar radiation (1 day ago),Wave height,Solar radiation (6 days ago),Low tide level (yesterday),Average wave period (4 days ago),High tide level,Onshore wave energy today,Yesterday rainfall,Lunar cycle,Water temperature (5 days ago),Solar radiation today,decreasing risk,increasing risk,decreasing risk,increasing risk,increasing risk,increasing risk,decreasing risk,decreasing risk,increasing risk,decreasing risk,increasing risk,decreasing risk,decreasing risk,increasing risk,increasing risk,0.0,6.1,18.0,25.7,20.7,18.6,1.04,2.93,0.0,low,3.14
21MABCH-MA667947-1,Short (DCR) - Location 1,2026-09-07,0.2479,Unsafe,0.13,False,Rainfall today,River discharge,Wave height,Solar radiation (6 days ago),Solar radiation (1 day ago),Rain near combined sewer outfalls,Average wave period (4 days ago),Lunar cycle,High tide level,Yesterday rainfall,Solar radiation today,Low tide level (yesterday),Solar radiation (3 days ago),Onshore wave energy today,Onshore wave energy (3 days ago),decreasing risk,decreasing risk,increasing risk,decreasing risk,increasing risk,increasing risk,increasing risk,decreasing risk,decreasing risk,decreasing risk,increasing risk,decreasing risk,increasing risk,increasing risk,increasing risk,0.0,6.1,18.0,25.7,20.7,18.6,1.04,2.93,0.0,low,3.14
21MABCH-MA670915,City Point Beach,2026-09-07,0.0853,Safe,0.13,True,Rainfall today,Wave height,Average wave period (4 days ago),River discharge,Rain near combined sewer outfalls,Wind gusts,Onshore wave energy (1 day ago),Solar radiation (6 days ago),Tide level at sample time,7-day cumulative rainfall,Solar radiation (1 day ago),Low tide level (yesterday),Seasonal pattern,Wave height (1 day ago),Rainfall (6 days ago),decreasing risk,increasing risk,increasing risk,decreasing risk,increasing risk,increasing risk,increasing risk,decreasing risk,increasing risk,increasing risk,increasing risk,decreasing risk,increasing risk,increasing risk,increasing risk,0.0,4.4,18.0,26.0,20.9,18.6,1.04,2.93,0.0,low,0.17
21MABCH-MA670915-1,City Point Beach (DCR) - Location 1,2026-09-07,0.0451,Safe,0.13,True,Rainfall today,Average wave period (4 days ago),Solar radiation (6 days ago),River discharge,Tide level at sample time,Onshore wave energy (1 day ago),Wave height,Solar radiation (1 day ago),Rain near combined sewer outfalls,Wind gusts,Water temperature (5 days ago),Seasonal pattern,High tide level,Rain and high tide combination,Solar radiation today,decreasing risk,increasing risk,decreasing risk,decreasing risk,increasing risk,increasing risk,increasing risk,increasing risk,increasing risk,increasing risk,increasing risk,increasing risk,decreasing risk,increasing risk,increasing risk,0.0,4.4,18.0,26.0,20.9,18.6,1.04,2.93,0.0,low,0.17
21MABCH-MA673086,Forest River - Point,2026-09-07,0.1058,Safe,0.13,True,Rainfall today,Rain near combined sewer outfalls,Wave height,River discharge,Solar radiation (6 days ago),7-day cumulative rainfall,Low tide level (yesterday),Rain and high tide combination,Solar radiation (1 day ago),High tide level,Average wave period (4 days ago),Average wave period (5 days ago),Onshore wind (2 days ago),Hours since high tide,Lunar cycle,decreasing risk,increasing risk,increasing risk,decreasing risk,decreasing risk,increasing risk,decreasing risk,increasing risk,increasing risk,decreasing risk,increasing risk,increasing risk,increasing risk,decreasing risk,decreasing risk,0.0,6.5,17.0,25.8,20.7,18.6,1.04,2.93,0.0,low,5.36
21MABCH-MA673086-1,Forest River - Point - Location 1,2026-09-07,0.0554,Safe,0.13,True,Rainfall today,Solar radiation (6 days ago),River discharge,Onshore wind (2 days ago),Solar radiation (1 day ago),7-day cumulative rainfall,Rain near combined sewer outfalls,Rain and high tide combination,High tide level,Wave height,Wave period (2 days ago),Average wave period (4 days ago),Lunar cycle,Water temperature (5 days ago),Low tide level (yesterday),decreasing risk,decreasing risk,decreasing risk,increasing risk,increasing risk,increasing risk,increasing risk,increasing risk,decreasing risk,increasing risk,decreasing risk,increasing risk,decreasing risk,increasing risk,decreasing risk,0.0,6.5,17.0,25.8,20.7,18.6,1.04,2.93,0.0,low,5.36
21MABCH-MA680777,Clark,2026-09-07,0.0451,Safe,0.13,True,Wave height,Rainfall today,Rain near combined sewer outfalls,7-day cumulative rainfall,Solar radiation (1 day ago),Air temperature (1 day ago),Low tide level (yesterday),Solar radiation (6 days ago),Wave period (5 days ago),High tide level,3-day cumulative rainfall,30-day cumulative rainfall,Yesterday rainfall,River discharge (4 days ago),Tide level at sample time,increasing risk,decreasing risk,decreasing risk,increasing risk,increasing risk,increasing risk,decreasing risk,decreasing risk,increasing risk,decreasing risk,decreasing risk,decreasing risk,decreasing risk,increasing risk,increasing risk,0.0,2.7,17.0,25.8,20.4,18.6,1.04,2.93,0.0,low,14.86
21MABCH-MA680777-1,Clark - Location 1,2026-09-07,0.0281,Safe,0.13,True,Rainfall today,Wave height,Rain near combined sewer outfalls,Air temperature (1 day ago),Solar radiation (6 days ago),High tide level,Onshore wind (2 days ago),7-day cumulative rainfall,Wave period (2 days ago),Wave period (5 days ago),Alongshore wind today,River discharge,Solar radiation (1 day ago),Tide level at sample time,Low tide level (yesterday),decreasing risk,increasing risk,decreasing risk,increasing risk,decreasing risk,decreasing risk,increasing risk,increasing risk,decreasing risk,increasing risk,increasing risk,decreasing risk,increasing risk,increasing risk,decreasing risk,0.0,2.7,17.0,25.8,20.4,18.6,1.04,2.93,0.0,low,14.86
21MABCH-MA681484,Heron,2026-09-07,0.1448,Unsafe,0.13,True,Rainfall today,Wave height,Rain near combined sewer outfalls,Solar radiation (1 day ago),River discharge,7-day cumulative rainfall,Solar radiation (6 days ago),Low tide level (yesterday),Average wave period (4 days ago),High tide level,Lunar cycle,Rain and high tide combination,Hours since high tide,Water temperature (5 days ago),Onshore wind (1 day ago),decreasing risk,increasing risk,increasing risk,increasing risk,decreasing risk,increasing risk,decreasing risk,decreasing risk,increasing risk,decreasing risk,decreasing risk,increasing risk,decreasing risk,increasing risk,increasing risk,0.0,4.4,18.0,26.0,20.9,18.6,1.04,2.93,0.0,low,8.35
21MABCH-MA681484-1,Heron - Location 1,2026-09-07,0.1412,Unsafe,0.13,True,Rainfall today,Wave height,Rain near combined sewer outfalls,Solar radiation (1 day ago),7-day cumulative rainfall,River discharge,Solar radiation (6 days ago),Low tide level (yesterday),Average wave period (4 days ago),Average wave period (5 days ago),Yesterday rainfall,High tide level,Lunar cycle,Water temperature (5 days ago),Hours since high tide,decreasing risk,increasing risk,increasing risk,increasing risk,increasing risk,decreasing risk,decreasing risk,decreasing risk,increasing risk,increasing risk,decreasing risk,decreasing risk,decreasing risk,increasing risk,decreasing risk,0.0,4.4,18.0,26.0,20.9,18.6,1.04,2.93,0.0,low,8.35
21MABCH-MA687430,Spectacle Island,2026-09-07,0.0853,Safe,0.13,True,Rainfall today,Rain near combined sewer outfalls,River discharge,Solar radiation (1 day ago),Solar radiation (6 days ago),Water temperature (5 days ago),Average wave period (4 days ago),Lunar cycle,High tide level,Wave height,Rain and high tide combination,7-day cumulative rainfall,Yesterday rainfall,Solar radiation today,Onshore wave energy today,decreasing risk,increasing risk,decreasing risk,increasing risk,decreasing risk,increasing risk,increasing risk,decreasing risk,decreasing risk,increasing risk,increasing risk,increasing risk,decreasing risk,increasing risk,increasing risk,0.0,4.4,18.0,26.0,20.9,18.6,1.04,2.93,0.0,low,3.39
21MABCH-MA687430-1,Spectacle Island (DCR) - Location 1,2026-09-07,0.0853,Safe,0.13,True,Rainfall today,Rain near combined sewer outfalls,River discharge,Solar radiation (1 day ago),Solar radiation (6 days ago),Water temperature (5 days ago),Average wave period (4 days ago),Lunar cycle,Wave height,High tide level,Rain and high tide combination,7-day cumulative rainfall,Yesterday rainfall,Solar radiation today,Onshore wave energy today,decreasing risk,increasing risk,decreasing risk,increasing risk,decreasing risk,increasing risk,increasing risk,decreasing risk,increasing risk,decreasing risk,increasing risk,increasing risk,decreasing risk,increasing risk,increasing risk,0.0,4.4,18.0,26.0,20.9,18.6,1.04,2.93,0.0,low,3.39
21MABCH-MA689045-1,Carson Beach (DCR)-I Street,2026-09-07,0.1058,Safe,0.13,False,Rainfall today,Average wave period (4 days ago),Wind gusts,Wave height,Wind speed (3 days ago),Solar radiation (6 days ago),Onshore wave energy (1 day ago),River discharge,Tide level at sample time,Rain near combined sewer outfalls,Solar radiation (1 day ago),Rain and high tide combination,Onshore wind today,Average wave period (3 days ago),Wave height (1 day ago),decreasing risk,increasing risk,increasing risk,increasing risk,decreasing risk,decreasing risk,increasing risk,decreasing risk,increasing risk,increasing risk,increasing risk,increasing risk,increasing risk,decreasing risk,increasing risk,0.0,4.4,18.0,26.0,20.9,18.6,1.04,2.93,0.0,low,0.16
21MABCH-MA689045-2,Carson Beach (DCR)-Bathhouse,2026-09-07,0.0549,Safe,0.13,True,Rainfall today,Average wave period (4 days ago),Solar radiation (6 days ago),Onshore wave energy (1 day ago),Tide level at sample time,River discharge,Wave height,Wind gusts,Seasonal pattern,Solar radiation (1 day ago),Rain near combined sewer outfalls,Water temperature (5 days ago),Solar radiation today,High tide level,Rain and high tide combination,decreasing risk,increasing risk,decreasing risk,increasing risk,increasing risk,decreasing risk,increasing risk,increasing risk,increasing risk,increasing risk,increasing risk,increasing risk,increasing risk,decreasing risk,increasing risk,0.0,4.4,18.0,26.0,20.9,18.6,1.04,2.93,0.0,low,0.18
21MABCH-MA691904,Collins Cove,2026-09-07,0.1448,Unsafe,0.13,True,Rainfall today,Wave height,Solar radiation (6 days ago),Rain near combined sewer outfalls,7-day cumulative rainfall,Solar radiation (1 day ago),Low tide level (yesterday),Average wave period (5 days ago),River discharge (4 days ago),Average wave period (4 days ago),High tide level,River discharge,Rain and high tide combination,Onshore wind (2 days ago),Lunar cycle,decreasing risk,increasing risk,decreasing risk,increasing risk,increasing risk,increasing risk,decreasing risk,increasing risk,increasing risk,increasing risk,decreasing risk,increasing risk,increasing risk,increasing risk,decreasing risk,0.0,6.5,17.0,25.8,20.7,18.6,1.04,2.93,0.0,low,7.34
21MABCH-MA691904-1,Collins Cove - Location 1,2026-09-07,0.0853,Safe,0.13,True,Rainfall today,Solar radiation (6 days ago),Wave height,Solar radiation (1 day ago),Onshore wind (2 days ago),Rain and high tide combination,Rain near combined sewer outfalls,7-day cumulative rainfall,Wave period (2 days ago),Lunar cycle,River discharge,High tide level,Low tide level (yesterday),Average wave period (4 days ago),Alongshore wind today,decreasing risk,decreasing risk,increasing risk,increasing risk,increasing risk,increasing risk,increasing risk,increasing risk,decreasing risk,decreasing risk,increasing risk,decreasing risk,decreasing risk,increasing risk,increasing risk,0.0,6.5,17.0,25.8,20.7,18.6,1.04,2.93,0.0,low,7.34
21MABCH-MA693303-1,Revere (DCR)-Oak Island St.,2026-09-07,0.1931,Unsafe,0.13,False,Rainfall today,Wave height,Rain near combined sewer outfalls,Solar radiation (6 days ago),Solar radiation (1 day ago),Alongshore wind today,Low tide level (yesterday),River discharge (4 days ago),Average wave period (4 days ago),Yesterday rainfall,High tide level,Lunar cycle,Onshore wave energy (3 days ago),Solar radiation today,River discharge,decreasing risk,increasing risk,increasing risk,decreasing risk,increasing risk,increasing risk,decreasing risk,increasing risk,increasing risk,decreasing risk,decreasing risk,decreasing risk,increasing risk,increasing risk,increasing risk,0.0,6.1,18.0,25.7,20.7,18.6,1.04,2.93,0.0,low,3.96
21MABCH-MA693303-2,Revere (DCR)-Carey Circle,2026-09-07,0.137,Unsafe,0.13,True,Rainfall today,Rain near combined sewer outfalls,Solar radiation (6 days ago),7-day cumulative rainfall,Solar radiation (1 day ago),Wave height,Average wave period (4 days ago),Lunar cycle,Yesterday rainfall,Alongshore wind today,River discharge (4 days ago),Water temperature (5 days ago),High tide level,Low tide level (yesterday),Solar radiation today,decreasing risk,increasing risk,decreasing risk,increasing risk,increasing risk,increasing risk,increasing risk,decreasing risk,decreasing risk,increasing risk,increasing risk,increasing risk,decreasing risk,decreasing risk,increasing risk,0.0,6.1,18.0,25.7,20.7,18.6,1.04,2.93,0.0,low,2.54
21MABCH-MA693303-3,Revere (DCR)-Beach St.,2026-09-07,0.1412,Unsafe,0.13,True,Rainfall today,Rain near combined sewer outfalls,7-day cumulative rainfall,Solar radiation (1 day ago),Solar radiation (6 days ago),Lunar cycle,Average wave period (4 days ago),River discharge (4 days ago),Yesterday rainfall,Water temperature (5 days ago),High tide level,Alongshore wind today,Onshore wave energy today,Low tide level (yesterday),Solar radiation today,decreasing risk,increasing risk,increasing risk,increasing risk,decreasing risk,decreasing risk,increasing risk,increasing risk,decreasing risk,increasing risk,decreasing risk,increasing risk,increasing risk,decreasing risk,increasing risk,0.0,6.1,18.0,25.7,20.7,18.6,1.04,2.93,0.0,low,2.77
21MABCH-MA693303-4,Revere (DCR)-State Police Barracks,2026-09-07,0.1146,Safe,0.13,True,Rainfall today,Rain near combined sewer outfalls,Solar radiation (6 days ago),Wave height,Solar radiation (1 day ago),7-day cumulative rainfall,Average wave period (4 days ago),Water temperature (5 days ago),Lunar cycle,High tide level,Wave period (2 days ago),River discharge (4 days ago),Yesterday rainfall,Low tide level (yesterday),Onshore wave energy today,decreasing risk,increasing risk,decreasing risk,increasing risk,increasing risk,increasing risk,increasing risk,increasing risk,decreasing risk,decreasing risk,decreasing risk,increasing risk,decreasing risk,decreasing risk,increasing risk,0.0,6.1,18.0,25.7,20.7,18.6,1.04,2.93,0.0,low,3.29
21MABCH-MA697743,Bassing's (Sailing Club),2026-09-07,0.137,Unsafe,0.13,True,Wave height,Rainfall today,River discharge,High tide level,Rain near combined sewer outfalls,Air temperature (1 day ago),Solar radiation (6 days ago),Low tide level (yesterday),Solar radiation today,Wind speed (3 days ago),Tidal range,Average wave period (4 days ago),Hours since high tide,Wind gusts,Tide level at sample time,increasing risk,decreasing risk,decreasing risk,decreasing risk,decreasing risk,increasing risk,decreasing risk,decreasing risk,increasing risk,decreasing risk,decreasing risk,increasing risk,decreasing risk,increasing risk,increasing risk,0.0,2.2,18.0,25.2,21.5,18.6,1.04,2.93,0.0,low,22.22
21MABCH-MA697743-1,Bassings Beach - Location 1,2026-09-07,0.1146,Safe,0.13,True,Rainfall today,Wave height,River discharge,High tide level,7-day cumulative rainfall,Rain near combined sewer outfalls,Low tide level (yesterday),Air temperature (1 day ago),Solar radiation (6 days ago),Wind speed (3 days ago),Water temperature (5 days ago),Average wave period (4 days ago),Yesterday rainfall,Solar radiation today,Tide level at sample time,decreasing risk,increasing risk,decreasing risk,decreasing risk,increasing risk,decreasing risk,decreasing risk,increasing risk,decreasing risk,decreasing risk,increasing risk,increasing risk,decreasing risk,increasing risk,increasing risk,0.0,2.2,18.0,25.2,21.5,18.6,1.04,2.93,0.0,low,22.07
21MABCH-MA697913-1,Martin's Cove - Location 1,2026-09-07,0.137,Unsafe,0.13,True,Rainfall today,Wave height,River discharge,7-day cumulative rainfall,Solar radiation (1 day ago),Solar radiation (6 days ago),Rain near combined sewer outfalls,Low tide level (yesterday),Alongshore wind today,High tide level,Air temperature (1 day ago),Tide level at sample time,Solar radiation today,Average wave period (4 days ago),Water temperature (5 days ago),decreasing risk,increasing risk,decreasing risk,increasing risk,increasing risk,decreasing risk,decreasing risk,decreasing risk,increasing risk,decreasing risk,increasing risk,increasing risk,increasing risk,increasing risk,increasing risk,0.0,3.3,18.0,25.6,21.2,18.6,1.04,2.93,0.0,low,14.99
21MABCH-MA698753,Savin Hill,2026-09-07,0.137,Unsafe,0.13,True,Rainfall today,Rain near combined sewer outfalls,River discharge,Wave height,7-day cumulative rainfall,Solar radiation (1 day ago),Solar radiation (6 days ago),Wind speed (1 day ago),Low tide level (yesterday),Rain and high tide combination,High tide level,Solar radiation today,Overnight low temperature,Lunar cycle,Hours since high tide,decreasing risk,increasing risk,decreasing risk,increasing risk,increasing risk,increasing risk,decreasing risk,decreasing risk,decreasing risk,increasing risk,decreasing risk,increasing risk,decreasing risk,decreasing risk,decreasing risk,0.0,6.2,17.0,25.7,20.9,18.6,1.04,2.93,0.0,low,2.15
21MABCH-MA698753-1,Savin Hill (DCR) - Location 1,2026-09-07,0.1017,Safe,0.13,False,Rainfall today,Rain near combined sewer outfalls,River discharge,Solar radiation (1 day ago),Solar radiation (6 days ago),Wind speed (1 day ago),7-day cumulative rainfall,Wave height,Rain and high tide combination,Solar radiation today,Lunar cycle,Overnight low temperature,Yesterday rainfall,High tide level,Wave height (1 day ago),decreasing risk,increasing risk,decreasing risk,increasing risk,decreasing risk,decreasing risk,increasing risk,increasing risk,increasing risk,increasing risk,decreasing risk,decreasing risk,decreasing risk,decreasing risk,increasing risk,0.0,6.2,17.0,25.7,20.9,18.6,1.04,2.93,0.0,low,2.15
21MABCH-MA701589,Wompatuck,2026-09-07,0.137,Unsafe,0.13,True,Rainfall today,Wave height,River discharge,Solar radiation (1 day ago),Rain near combined sewer outfalls,7-day cumulative rainfall,Solar radiation (6 days ago),Low tide level (yesterday),High tide level,Average wave period (4 days ago),Average wave period (5 days ago),Water temperature (5 days ago),Rain and high tide combination,Solar radiation today,Hours since high tide,decreasing risk,increasing risk,decreasing risk,increasing risk,decreasing risk,increasing risk,decreasing risk,decreasing risk,decreasing risk,increasing risk,increasing risk,increasing risk,increasing risk,increasing risk,decreasing risk,0.0,3.3,18.0,25.6,21.2,18.6,1.04,2.93,0.0,low,12.21
21MABCH-MA701589-1,Wompatuck - Location 1,2026-09-07,0.0853,Safe,0.13,True,Rainfall today,Wave height,Solar radiation (1 day ago),Solar radiation (6 days ago),High tide level,River discharge,Rain near combined sewer outfalls,Rain and high tide combination,Water temperature (5 days ago),Solar radiation today,Lunar cycle,Onshore wind (2 days ago),Average wave period (4 days ago),Alongshore wind today,Low tide level (yesterday),decreasing risk,increasing risk,increasing risk,decreasing risk,decreasing risk,decreasing risk,decreasing risk,increasing risk,increasing risk,increasing risk,decreasing risk,increasing risk,increasing risk,increasing risk,decreasing risk,0.0,3.3,18.0,25.6,21.2,18.6,1.04,2.93,0.0,low,12.21
21MABCH-MA715507,Goat Hill,2026-09-07,0.137,Unsafe,0.13,True,Rainfall today,Wave height,Solar radiation (6 days ago),7-day cumulative rainfall,Solar radiation (1 day ago),Low tide level (yesterday),High tide level,Rain and high tide combination,Average wave period (4 days ago),River discharge (4 days ago),Average wave period (5 days ago),River discharge,Rain near combined sewer outfalls,Lunar cycle,Hours since high tide,decreasing risk,increasing risk,decreasing risk,increasing risk,increasing risk,decreasing risk,decreasing risk,increasing risk,increasing risk,increasing risk,increasing risk,increasing risk,decreasing risk,decreasing risk,decreasing risk,0.0,6.5,17.0,25.8,20.7,18.6,1.04,2.93,0.0,low,8.91
21MABCH-MA715507-1,Goat Hill - Location 1,2026-09-07,0.0853,Safe,0.13,True,Rainfall today,Solar radiation (6 days ago),Wave height,Solar radiation (1 day ago),High tide level,Rain and high tide combination,Onshore wind (2 days ago),7-day cumulative rainfall,Wave period (2 days ago),Lunar cycle,River discharge,Low tide level (yesterday),Rain near combined sewer outfalls,Water temperature (5 days ago),Average wave period (4 days ago),decreasing risk,decreasing risk,increasing risk,increasing risk,decreasing risk,increasing risk,increasing risk,increasing risk,decreasing risk,decreasing risk,increasing risk,decreasing risk,decreasing risk,increasing risk,increasing risk,0.0,6.5,17.0,25.8,20.7,18.6,1.04,2.93,0.0,low,8.91
21MABCH-MA715607,Wollaston,2026-09-07,0.1448,Safe,0.18,True,Rainfall today,Wave height,Rain near combined sewer outfalls,River discharge,7-day cumulative rainfall,Solar radiation (6 days ago),Solar radiation (1 day ago),Low tide level (yesterday),Average wave period (4 days ago),Average wave period (5 days ago),High tide level,Lunar cycle,Rain and high tide combination,Solar radiation today,Water temperature (5 days ago),decreasing risk,increasing risk,increasing risk,decreasing risk,increasing risk,decreasing risk,increasing risk,decreasing risk,increasing risk,increasing risk,decreasing risk,decreasing risk,increasing risk,increasing risk,increasing risk,0.0,4.4,18.0,26.0,20.9,18.6,1.04,2.93,0.0,low,6.09
21MABCH-MA715607-1,Wollaston @ Sachem Street (DCR) - Location 1,2026-09-07,0.1147,Safe,0.13,False,Rainfall today,Wave height,Rain near combined sewer outfalls,Solar radiation (1 day ago),Solar radiation (6 days ago),7-day cumulative rainfall,River discharge,Low tide level (yesterday),Water temperature (5 days ago),Average wave period (4 days ago),High tide level,Wave period (2 days ago),Average wave period (5 days ago),Lunar cycle,Yesterday rainfall,decreasing risk,increasing risk,increasing risk,increasing risk,decreasing risk,increasing risk,decreasing risk,decreasing risk,increasing risk,increasing risk,decreasing risk,decreasing risk,increasing risk,decreasing risk,decreasing risk,0.0,4.4,18.0,26.0,20.9,18.6,1.04,2.93,0.0,low,6.11
21MABCH-MA715948,Gas House,2026-09-07,0.1058,Safe,0.13,True,Wave height,Rainfall today,Solar radiation (6 days ago),Rain near combined sewer outfalls,River discharge,7-day cumulative rainfall,Low tide level (yesterday),High tide level,Solar radiation (1 day ago),Average wave period (4 days ago),Average wave period (5 days ago),Onshore wind (2 days ago),Yesterday rainfall,Low tide level,Air temperature (2 days ago),increasing risk,decreasing risk,decreasing risk,increasing risk,decreasing risk,increasing risk,decreasing risk,decreasing risk,increasing risk,increasing risk,increasing risk,increasing risk,decreasing risk,decreasing risk,decreasing risk,0.0,3.4,15.0,25.5,20.8,18.6,1.04,2.93,0.0,low,7.96
21MABCH-MA715948-1,Gas House - Location 1,2026-09-07,0.1146,Safe,0.13,True,Wave height,Rainfall today,Solar radiation (6 days ago),7-day cumulative rainfall,Rain near combined sewer outfalls,River discharge,Low tide level (yesterday),Solar radiation (1 day ago),High tide level,Average wave period (5 days ago),Average wave period (4 days ago),Onshore wind (2 days ago),Yesterday rainfall,Air temperature (2 days ago),Solar radiation today,increasing risk,decreasing risk,decreasing risk,increasing risk,increasing risk,decreasing risk,decreasing risk,increasing risk,decreasing risk,increasing risk,increasing risk,increasing risk,decreasing risk,decreasing risk,increasing risk,0.0,3.4,15.0,25.5,20.8,18.6,1.04,2.93,0.0,low,7.96
21MABCH-MA717532,Steep Hill,2026-09-07,0.0451,Safe,0.13,True,Wave height,Rainfall today,Rain near combined sewer outfalls,7-day cumulative rainfall,Solar radiation (1 day ago),Air temperature (1 day ago),Low tide level (yesterday),3-day cumulative rainfall,Solar radiation (6 days ago),High tide level,Wave period (5 days ago),30-day cumulative rainfall,Yesterday rainfall,River discharge (4 days ago),Wind direction,increasing risk,decreasing risk,decreasing risk,increasing risk,increasing risk,increasing risk,decreasing risk,decreasing risk,decreasing risk,decreasing risk,increasing risk,decreasing risk,decreasing risk,increasing risk,decreasing risk,0.0,2.7,17.0,25.8,20.4,18.6,1.04,2.93,0.0,low,13.07
21MABCH-MA717532-1,Steep Hill - Location 1,2026-09-07,0.0281,Safe,0.13,True,Rainfall today,Wave height,Rain near combined sewer outfalls,Solar radiation (6 days ago),Air temperature (1 day ago),High tide level,Onshore wind (2 days ago),7-day cumulative rainfall,Wave period (2 days ago),3-day cumulative rainfall,Alongshore wind today,Solar radiation (1 day ago),Low tide level (yesterday),Average wave period (5 days ago),Lunar cycle,decreasing risk,increasing risk,decreasing risk,decreasing risk,increasing risk,decreasing risk,increasing risk,increasing risk,decreasing risk,decreasing risk,increasing risk,increasing risk,decreasing risk,decreasing risk,decreasing risk,0.0,2.7,17.0,25.8,20.4,18.6,1.04,2.93,0.0,low,13.07
21MABCH-MA719545,White,2026-09-07,0.0845,Safe,0.13,True,Rainfall today,Wave height,Solar radiation (6 days ago),High tide level,River discharge,Rain near combined sewer outfalls,Low tide level (yesterday),Tidal range,Solar radiation today,Low tide level,Average wave period (4 days ago),Hours since high tide,Yesterday rainfall,Spring tide conditions,7-day cumulative rainfall,decreasing risk,increasing risk,decreasing risk,decreasing risk,decreasing risk,decreasing risk,decreasing risk,decreasing risk,increasing risk,decreasing risk,increasing risk,decreasing risk,decreasing risk,decreasing risk,increasing risk,0.0,1.9,17.0,24.9,20.8,18.6,1.04,2.93,0.0,low,7.03
21MABCH-MA719545-1,White - Location 1,2026-09-07,0.0554,Safe,0.13,True,Rainfall today,Wave height,Solar radiation (6 days ago),River discharge,High tide level,7-day cumulative rainfall,Low tide level (yesterday),Average wave period (4 days ago),Low tide level,Average wave period (5 days ago),Rain near combined sewer outfalls,Water temperature (5 days ago),Yesterday rainfall,3-day cumulative rainfall,Solar radiation today,decreasing risk,increasing risk,decreasing risk,decreasing risk,decreasing risk,increasing risk,decreasing risk,increasing risk,decreasing risk,increasing risk,decreasing risk,increasing risk,decreasing risk,decreasing risk,increasing risk,0.0,1.9,17.0,24.9,20.8,18.6,1.04,2.93,0.0,low,7.03
21MABCH-MA729703-1,Yerrill Lagoon - Location 1,2026-09-07,0.0853,Safe,0.13,True,Rainfall today,Rain near combined sewer outfalls,Solar radiation (6 days ago),River discharge,Wave height,Solar radiation (1 day ago),Water temperature (5 days ago),Average wave period (4 days ago),Lunar cycle,High tide level,Solar radiation today,Wave period (2 days ago),Onshore wave energy today,Yesterday rainfall,7-day cumulative rainfall,decreasing risk,increasing risk,decreasing risk,decreasing risk,increasing risk,increasing risk,increasing risk,increasing risk,decreasing risk,decreasing risk,increasing risk,decreasing risk,increasing risk,decreasing risk,increasing risk,0.0,6.1,18.0,25.7,20.7,18.6,1.04,2.93,0.0,low,4.97
21MABCH-MA737218,Wingearsheek,2026-09-07,0.0451,Safe,0.13,True,Rainfall today,Wave height,River discharge,High tide level,Rain near combined sewer outfalls,Solar radiation (6 days ago),Low tide level (yesterday),7-day cumulative rainfall,Tidal range,30-day cumulative rainfall,Rainfall (6 days ago),Yesterday rainfall,Low tide level,Hours since high tide,Average wave period (4 days ago),decreasing risk,increasing risk,decreasing risk,decreasing risk,decreasing risk,decreasing risk,decreasing risk,increasing risk,decreasing risk,decreasing risk,increasing risk,decreasing risk,decreasing risk,decreasing risk,increasing risk,0.0,1.9,17.0,25.3,20.8,18.6,1.04,2.93,0.0,low,5.13
21MABCH-MA737218-1,Wingaersheek - Location 1,2026-09-07,0.0281,Safe,0.13,True,Rainfall today,River discharge,High tide level,Solar radiation (6 days ago),Rain near combined sewer outfalls,Onshore wind (2 days ago),Low tide level (yesterday),Solar radiation today,Wave period (2 days ago),Lunar cycle,Rainfall (6 days ago),3-day cumulative rainfall,Yesterday rainfall,Water temperature (5 days ago),30-day cumulative rainfall,decreasing risk,decreasing risk,decreasing risk,decreasing risk,decreasing risk,increasing risk,decreasing risk,increasing risk,decreasing risk,decreasing risk,increasing risk,decreasing risk,decreasing risk,increasing risk,decreasing risk,0.0,1.9,17.0,25.3,20.8,18.6,1.04,2.93,0.0,low,5.13
21MABCH-MA737501,Kings,2026-09-07,0.2479,Unsafe,0.24,True,Rainfall today,Rain near combined sewer outfalls,Wave height,River discharge,7-day cumulative rainfall,Solar radiation (6 days ago),Average wave period (4 days ago),Low tide level (yesterday),High tide level,Air temperature (2 days ago),Lunar cycle,Solar radiation (1 day ago),Onshore wind (2 days ago),Wind direction,Onshore wave energy today,decreasing risk,increasing risk,increasing risk,decreasing risk,increasing risk,decreasing risk,increasing risk,decreasing risk,decreasing risk,decreasing risk,decreasing risk,increasing risk,increasing risk,decreasing risk,increasing risk,0.0,6.5,17.0,25.8,20.7,18.6,1.04,2.93,0.0,low,0.17
21MABCH-MA738501,Constitution,2026-09-07,0.1146,Unsafe,0.08,True,Rainfall today,Wave height,River discharge,Rain near combined sewer outfalls,7-day cumulative rainfall,Average wave period (4 days ago),Solar radiation (6 days ago),Solar radiation (1 day ago),Tide level at sample time,Low tide level (yesterday),Onshore wave energy (1 day ago),Yesterday rainfall,High tide level,Hours since high tide,Solar radiation today,decreasing risk,increasing risk,decreasing risk,increasing risk,increasing risk,increasing risk,decreasing risk,increasing risk,increasing risk,decreasing risk,increasing risk,decreasing risk,decreasing risk,decreasing risk,increasing risk,0.0,6.1,18.0,25.7,20.7,18.6,1.04,2.93,0.0,low,1.44
21MABCH-MA739950,West,2026-09-07,0.0749,Safe,0.13,True,Rainfall today,Wave height,Solar radiation (6 days ago),River discharge,Rain near combined sewer outfalls,High tide level,Low tide level (yesterday),7-day cumulative rainfall,Solar radiation (1 day ago),3-day cumulative rainfall,Low tide level,Wave period (5 days ago),Yesterday rainfall,Average wave period (4 days ago),Water temperature (5 days ago),decreasing risk,increasing risk,decreasing risk,decreasing risk,decreasing risk,decreasing risk,decreasing risk,increasing risk,increasing risk,decreasing risk,decreasing risk,increasing risk,decreasing risk,increasing risk,increasing risk,0.0,3.4,15.0,25.4,20.8,18.6,1.04,2.93,0.0,low,12.7
21MABCH-MA739950-1,West - Location 1,2026-09-07,0.0853,Safe,0.13,True,Rainfall today,Wave height,Solar radiation (6 days ago),River discharge,Rain near combined sewer outfalls,High tide level,7-day cumulative rainfall,Solar radiation (1 day ago),Low tide level (yesterday),3-day cumulative rainfall,Wave period (5 days ago),Water temperature (5 days ago),Average wave period (4 days ago),Low tide level,Yesterday rainfall,decreasing risk,increasing risk,decreasing risk,decreasing risk,decreasing risk,decreasing risk,increasing risk,increasing risk,decreasing risk,decreasing risk,increasing risk,increasing risk,increasing risk,decreasing risk,decreasing risk,0.0,3.4,15.0,25.4,20.8,18.6,1.04,2.93,0.0,low,12.7
21MABCH-MA743318,Nickerson,2026-09-07,0.1147,Safe,0.13,True,Rainfall today,Rain near combined sewer outfalls,River discharge,7-day cumulative rainfall,Solar radiation (1 day ago),Wave height,Solar radiation (6 days ago),Low tide level (yesterday),Average wave period (4 days ago),High tide level,Lunar cycle,Onshore wave energy today,Water temperature (5 days ago),Rain and high tide combination,Average wave period (5 days ago),decreasing risk,increasing risk,decreasing risk,increasing risk,increasing risk,increasing risk,decreasing risk,decreasing risk,increasing risk,decreasing risk,decreasing risk,increasing risk,increasing risk,increasing risk,increasing risk,0.0,4.4,18.0,26.0,20.9,18.6,1.04,2.93,0.0,low,3.38
21MABCH-MA743318-1,Nickerson - Location 1,2026-09-07,0.1146,Safe,0.13,True,Rainfall today,Rain near combined sewer outfalls,River discharge,Solar radiation (1 day ago),7-day cumulative rainfall,Wave height,Solar radiation (6 days ago),Low tide level (yesterday),Average wave period (4 days ago),Water temperature (5 days ago),Yesterday rainfall,Onshore wave energy today,Lunar cycle,High tide level,Average wave period (5 days ago),decreasing risk,increasing risk,decreasing risk,increasing risk,increasing risk,increasing risk,decreasing risk,decreasing risk,increasing risk,increasing risk,decreasing risk,increasing risk,decreasing risk,decreasing risk,increasing risk,0.0,4.4,18.0,26.0,20.9,18.6,1.04,2.93,0.0,low,3.38
21MABCH-MA744975,Village Street,2026-09-07,0.1147,Safe,0.13,True,Rainfall today,Wave height,Rain near combined sewer outfalls,Solar radiation (6 days ago),7-day cumulative rainfall,River discharge,Low tide level (yesterday),Rain and high tide combination,Solar radiation (1 day ago),High tide level,Average wave period (4 days ago),Average wave period (5 days ago),Onshore wind (2 days ago),Hours since high tide,Air temperature (2 days ago),decreasing risk,increasing risk,increasing risk,decreasing risk,increasing risk,decreasing risk,decreasing risk,increasing risk,increasing risk,decreasing risk,increasing risk,increasing risk,increasing risk,decreasing risk,decreasing risk,0.0,6.5,17.0,25.8,20.7,18.6,1.04,2.93,0.0,low,5.94
21MABCH-MA749708,Black Rock,2026-09-07,0.137,Unsafe,0.13,True,Rainfall today,Wave height,Rain near combined sewer outfalls,7-day cumulative rainfall,River discharge,Solar radiation (1 day ago),Solar radiation (6 days ago),Low tide level (yesterday),Average wave period (4 days ago),High tide level,Average wave period (5 days ago),Water temperature (5 days ago),Lunar cycle,Solar radiation today,Hours since high tide,decreasing risk,increasing risk,increasing risk,increasing risk,decreasing risk,increasing risk,decreasing risk,decreasing risk,increasing risk,decreasing risk,increasing risk,increasing risk,decreasing risk,increasing risk,decreasing risk,0.0,6.5,17.0,25.9,20.7,18.6,1.04,2.93,0.0,low,3.34
21MABCH-MA749708-1,Black Rock (Cohasset) - Location 1,2026-09-07,0.0853,Safe,0.13,True,Rainfall today,Wave height,River discharge,Solar radiation (6 days ago),Solar radiation (1 day ago),Onshore wind (2 days ago),Rain near combined sewer outfalls,High tide level,Lunar cycle,Water temperature (5 days ago),Rain and high tide combination,Average wave period (4 days ago),7-day cumulative rainfall,Solar radiation today,Wave period (2 days ago),decreasing risk,increasing risk,decreasing risk,decreasing risk,increasing risk,increasing risk,increasing risk,decreasing risk,decreasing risk,increasing risk,increasing risk,increasing risk,increasing risk,increasing risk,decreasing risk,0.0,6.5,17.0,25.9,20.7,18.6,1.04,2.93,0.0,low,3.34
21MABCH-MA753387,Pico,2026-09-07,0.1412,Unsafe,0.13,True,Rainfall today,Rain near combined sewer outfalls,River discharge,Wave height,Solar radiation (1 day ago),7-day cumulative rainfall,Solar radiation (6 days ago),Low tide level (yesterday),Average wave period (4 days ago),High tide level,Yesterday rainfall,Lunar cycle,Onshore wave energy today,Solar radiation today,Hours since high tide,decreasing risk,increasing risk,decreasing risk,increasing risk,increasing risk,increasing risk,decreasing risk,decreasing risk,increasing risk,decreasing risk,decreasing risk,decreasing risk,increasing risk,increasing risk,decreasing risk,0.0,6.1,18.0,25.7,20.7,18.6,1.04,2.93,0.0,low,3.56
21MABCH-MA753387-1,Pico - Location 1,2026-09-07,0.137,Unsafe,0.13,True,Rainfall today,Rain near combined sewer outfalls,River discharge,7-day cumulative rainfall,Solar radiation (1 day ago),Wave height,Solar radiation (6 days ago),Low tide level (yesterday),Average wave period (4 days ago),Yesterday rainfall,Onshore wave energy today,High tide level,Lunar cycle,Water temperature (5 days ago),Average wave period (5 days ago),decreasing risk,increasing risk,decreasing risk,increasing risk,increasing risk,increasing risk,decreasing risk,decreasing risk,increasing risk,decreasing risk,increasing risk,decreasing risk,decreasing risk,increasing risk,increasing risk,0.0,6.1,18.0,25.7,20.7,18.6,1.04,2.93,0.0,low,3.56
21MABCH-MA755479-1,Singing-Location 1,2026-09-07,0.0549,Safe,0.13,True,Rainfall today,Solar radiation (6 days ago),Wave height,High tide level,River discharge,Solar radiation (1 day ago),Water temperature (5 days ago),Rain near combined sewer outfalls,Solar radiation today,Onshore wind (2 days ago),7-day cumulative rainfall,Wave period (2 days ago),Alongshore wind today,Low tide level (yesterday),Lunar cycle,decreasing risk,decreasing risk,increasing risk,decreasing risk,decreasing risk,increasing risk,increasing risk,decreasing risk,increasing risk,increasing risk,increasing risk,decreasing risk,increasing risk,decreasing risk,decreasing risk,0.0,3.4,15.0,25.4,20.8,18.6,1.04,2.93,0.0,low,9.08
21MABCH-MA755479-2,Singing-Location 2,2026-09-07,0.0451,Safe,0.13,True,Rainfall today,Solar radiation (6 days ago),Wave height,High tide level,River discharge,Solar radiation (1 day ago),Water temperature (5 days ago),Rain near combined sewer outfalls,Onshore wind (2 days ago),Solar radiation today,7-day cumulative rainfall,Wave period (2 days ago),Low tide level (yesterday),Lunar cycle,Average wave period (4 days ago),decreasing risk,decreasing risk,increasing risk,decreasing risk,decreasing risk,increasing risk,increasing risk,decreasing risk,increasing risk,increasing risk,increasing risk,decreasing risk,decreasing risk,decreasing risk,increasing risk,0.0,3.4,15.0,25.4,20.8,18.6,1.04,2.93,0.0,low,9.29
21MABCH-MA760414,Cressy's,2026-09-07,0.0749,Safe,0.13,True,Rainfall today,Rain near combined sewer outfalls,River discharge,Wave height,7-day cumulative rainfall,High tide level,Solar radiation (6 days ago),Low tide level (yesterday),Average wave period (4 days ago),Yesterday rainfall,Onshore wind (2 days ago),Average wave period (5 days ago),Hours since high tide,Solar radiation today,Low tide level,decreasing risk,increasing risk,decreasing risk,increasing risk,increasing risk,decreasing risk,decreasing risk,decreasing risk,increasing risk,decreasing risk,increasing risk,increasing risk,decreasing risk,increasing risk,decreasing risk,0.0,1.9,17.0,24.9,20.8,18.6,1.04,2.93,0.0,low,1.55
21MABCH-MA760414-1,Cressy's - Location 1,2026-09-07,0.0451,Safe,0.13,True,Rainfall today,River discharge,High tide level,Solar radiation (6 days ago),Rain near combined sewer outfalls,Onshore wind (2 days ago),7-day cumulative rainfall,Low tide level (yesterday),Wave period (2 days ago),Average wave period (4 days ago),Solar radiation today,Lunar cycle,Wave height,Yesterday rainfall,Water temperature (5 days ago),decreasing risk,decreasing risk,decreasing risk,decreasing risk,increasing risk,increasing risk,increasing risk,decreasing risk,decreasing risk,increasing risk,increasing risk,decreasing risk,increasing risk,decreasing risk,increasing risk,0.0,1.9,17.0,24.9,20.8,18.6,1.04,2.93,0.0,low,1.55
21MABCH-MA772199,Plum Island,2026-09-07,0.0281,Safe,0.13,True,Wave height (4 days ago),Rainfall today,Rain near combined sewer outfalls,Wave period (5 days ago),High tide level,7-day cumulative rainfall,Low tide level (yesterday),Solar radiation (6 days ago),Air temperature (1 day ago),30-day cumulative rainfall,Solar radiation (1 day ago),River discharge,Alongshore wind today,Onshore wind (3 days ago),Hours since high tide,decreasing risk,decreasing risk,decreasing risk,decreasing risk,decreasing risk,increasing risk,decreasing risk,decreasing risk,increasing risk,decreasing risk,increasing risk,increasing risk,increasing risk,increasing risk,decreasing risk,0.0,1.7,17.0,25.1,20.5,16.5,0.89,2.93,0.0,low,21.48
21MABCH-MA772199-1,Plum Island - end of island 1 - Location 1,2026-09-07,0.022,Safe,0.13,True,Rainfall today,Wave height (4 days ago),Wave period (5 days ago),Rain near combined sewer outfalls,High tide level,Solar radiation (6 days ago),Air temperature (1 day ago),Onshore wind (2 days ago),30-day cumulative rainfall,Alongshore wind today,7-day cumulative rainfall,Low tide level (yesterday),Onshore wind (3 days ago),3-day cumulative rainfall,Solar radiation today,decreasing risk,decreasing risk,decreasing risk,decreasing risk,decreasing risk,decreasing risk,increasing risk,increasing risk,decreasing risk,increasing risk,increasing risk,decreasing risk,increasing risk,decreasing risk,increasing risk,0.0,1.7,17.0,25.1,20.5,16.5,0.89,2.93,0.0,low,21.48
21MABCH-MA772916,Plum Island,2026-09-07,0.0281,Safe,0.13,True,Wave height (4 days ago),Rainfall today,Rain near combined sewer outfalls,Wave period (5 days ago),High tide level,7-day cumulative rainfall,Low tide level (yesterday),Solar radiation (6 days ago),Air temperature (1 day ago),30-day cumulative rainfall,Solar radiation (1 day ago),River discharge,Alongshore wind today,Onshore wind (3 days ago),Hours since high tide,decreasing risk,decreasing risk,decreasing risk,decreasing risk,decreasing risk,increasing risk,decreasing risk,decreasing risk,increasing risk,decreasing risk,increasing risk,increasing risk,increasing risk,increasing risk,decreasing risk,0.0,1.7,17.0,25.1,20.5,16.5,0.89,2.93,0.0,low,21.36
21MABCH-MA772916-1,Plum Island - 55th St. - Location 1,2026-09-07,0.022,Safe,0.13,True,Rainfall today,Wave height (4 days ago),Wave period (5 days ago),Rain near combined sewer outfalls,High tide level,Solar radiation (6 days ago),Air temperature (1 day ago),Onshore wind (2 days ago),30-day cumulative rainfall,Alongshore wind today,7-day cumulative rainfall,Low tide level (yesterday),Onshore wind (3 days ago),3-day cumulative rainfall,Solar radiation today,decreasing risk,decreasing risk,decreasing risk,decreasing risk,decreasing risk,decreasing risk,increasing risk,increasing risk,decreasing risk,increasing risk,increasing risk,decreasing risk,increasing risk,decreasing risk,increasing risk,0.0,1.7,17.0,25.1,20.5,16.5,0.89,2.93,0.0,low,21.36
21MABCH-MA774596,Phillips,2026-09-07,0.1058,Safe,0.13,True,Rainfall today,Rain near combined sewer outfalls,Wave height,7-day cumulative rainfall,River discharge,Solar radiation (6 days ago),Solar radiation (1 day ago),Low tide level (yesterday),High tide level,Average wave period (4 days ago),Average wave period (5 days ago),Onshore wind (2 days ago),Solar radiation today,Hours since high tide,Rain and high tide combination,decreasing risk,increasing risk,increasing risk,increasing risk,decreasing risk,decreasing risk,increasing risk,decreasing risk,decreasing risk,increasing risk,increasing risk,increasing risk,increasing risk,decreasing risk,increasing risk,0.0,6.5,17.0,25.8,20.7,18.6,1.04,2.93,0.0,low,3.1
21MABCH-MA774596-1,Phillips - Location 1,2026-09-07,0.0554,Safe,0.13,True,Rainfall today,Solar radiation (6 days ago),River discharge,Onshore wind (2 days ago),Solar radiation (1 day ago),Rain near combined sewer outfalls,7-day cumulative rainfall,Rain and high tide combination,High tide level,Wave height,Average wave period (4 days ago),Lunar cycle,Solar radiation today,Wave period (2 days ago),Water temperature (5 days ago),decreasing risk,decreasing risk,decreasing risk,increasing risk,increasing risk,increasing risk,increasing risk,increasing risk,decreasing risk,increasing risk,increasing risk,decreasing risk,increasing risk,decreasing risk,increasing risk,0.0,6.5,17.0,25.8,20.7,18.6,1.04,2.93,0.0,low,3.1
21MABCH-MA780232,Constitution,2026-09-07,0.137,Unsafe,0.08,True,Rainfall today,Rain near combined sewer outfalls,River discharge,7-day cumulative rainfall,Wave height,Solar radiation (1 day ago),Solar radiation (6 days ago),Tide level at sample time,Low tide level (yesterday),Average wave period (4 days ago),Yesterday rainfall,High tide level,Solar radiation today,Hours since high tide,Lunar cycle,decreasing risk,increasing risk,decreasing risk,increasing risk,increasing risk,increasing risk,decreasing risk,increasing risk,decreasing risk,increasing risk,decreasing risk,decreasing risk,increasing risk,decreasing risk,decreasing risk,0.0,6.1,18.0,25.7,20.7,18.6,1.04,2.93,0.0,low,1.51
21MABCH-MA786792,Singing,2026-09-07,0.0749,Safe,0.13,True,Wave height,Rainfall today,Solar radiation (6 days ago),High tide level,River discharge,7-day cumulative rainfall,Low tide level (yesterday),Solar radiation (1 day ago),Low tide level,Rain near combined sewer outfalls,Average wave period (4 days ago),Average wave period (5 days ago),Yesterday rainfall,Solar radiation today,3-day cumulative rainfall,increasing risk,decreasing risk,decreasing risk,decreasing risk,decreasing risk,increasing risk,decreasing risk,increasing risk,decreasing risk,decreasing risk,increasing risk,increasing risk,decreasing risk,increasing risk,decreasing risk,0.0,3.4,15.0,25.4,20.8,18.6,1.04,2.93,0.0,low,9.29
21MABCH-MA794165,Children's Island - Wally,2026-09-07,0.1058,Safe,0.13,True,Rainfall today,Wave height,River discharge,Solar radiation (6 days ago),High tide level,Rain near combined sewer outfalls,7-day cumulative rainfall,Low tide level (yesterday),Solar radiation (1 day ago),Average wave period (5 days ago),Average wave period (4 days ago),Water temperature (5 days ago),Low tide level,Yesterday rainfall,Solar radiation today,decreasing risk,increasing risk,decreasing risk,decreasing risk,decreasing risk,decreasing risk,increasing risk,decreasing risk,increasing risk,increasing risk,increasing risk,increasing risk,decreasing risk,decreasing risk,increasing risk,0.0,3.4,15.0,25.5,20.8,18.6,1.04,2.93,0.0,low,10.21
21MABCH-MA794165-1,Children's Island - Wally - Location 1,2026-09-07,0.0749,Safe,0.13,True,Rainfall today,Wave height,Solar radiation (6 days ago),High tide level,River discharge,Rain near combined sewer outfalls,Water temperature (5 days ago),Solar radiation (1 day ago),7-day cumulative rainfall,Onshore wind (2 days ago),Lunar cycle,Wave period (2 days ago),Low tide level (yesterday),Solar radiation today,Yesterday rainfall,decreasing risk,increasing risk,decreasing risk,decreasing risk,decreasing risk,decreasing risk,increasing risk,increasing risk,increasing risk,increasing risk,decreasing risk,decreasing risk,decreasing risk,increasing risk,decreasing risk,0.0,3.4,15.0,25.5,20.8,18.6,1.04,2.93,0.0,low,10.21
21MABCH-MA796562,Old Garden,2026-09-07,0.0451,Safe,0.13,True,Wave height,Rainfall today,River discharge,High tide level,7-day cumulative rainfall,Solar radiation (6 days ago),Low tide level (yesterday),Wind gusts,Rain near combined sewer outfalls,30-day cumulative rainfall,Average wave period (5 days ago),Solar radiation (1 day ago),Yesterday rainfall,3-day cumulative rainfall,Solar radiation today,increasing risk,decreasing risk,decreasing risk,decreasing risk,increasing risk,decreasing risk,decreasing risk,decreasing risk,decreasing risk,decreasing risk,increasing risk,increasing risk,decreasing risk,decreasing risk,increasing risk,0.0,1.9,17.0,25.3,20.8,18.6,1.04,2.93,0.0,low,5.88
21MABCH-MA796562-1,Old Garden - Location 1,2026-09-07,0.0451,Safe,0.13,True,Wave height,Rainfall today,River discharge,High tide level,7-day cumulative rainfall,Solar radiation (6 days ago),Low tide level (yesterday),Wind gusts,Rain near combined sewer outfalls,30-day cumulative rainfall,Average wave period (5 days ago),Solar radiation (1 day ago),Yesterday rainfall,3-day cumulative rainfall,Solar radiation today,increasing risk,decreasing risk,decreasing risk,decreasing risk,increasing risk,decreasing risk,decreasing risk,decreasing risk,decreasing risk,decreasing risk,increasing risk,increasing risk,decreasing risk,decreasing risk,increasing risk,0.0,1.9,17.0,25.3,20.8,18.6,1.04,2.93,0.0,low,5.88
21MABCH-MA802515,Sandy Beach,2026-09-07,0.2479,Unsafe,0.13,True,Rainfall today,Wave height,Solar radiation (6 days ago),Rain and high tide combination,High tide level,Solar radiation (1 day ago),Rain near combined sewer outfalls,Average wave period (4 days ago),Low tide level (yesterday),River discharge (4 days ago),Tidal range,Solar radiation today,River discharge,Hours since high tide,Onshore wave energy (3 days ago),decreasing risk,increasing risk,decreasing risk,increasing risk,decreasing risk,increasing risk,decreasing risk,increasing risk,decreasing risk,increasing risk,decreasing risk,increasing risk,increasing risk,decreasing risk,increasing risk,0.0,5.1,17.0,26.2,20.6,18.6,1.04,2.93,0.0,low,9.82
21MABCH-MA802515-1,Sandy Beach (Danvers) - Location 1,2026-09-07,0.1931,Unsafe,0.13,True,Rainfall today,Wave height,Solar radiation (6 days ago),7-day cumulative rainfall,Solar radiation (1 day ago),High tide level,Low tide level (yesterday),Average wave period (4 days ago),Rain and high tide combination,Tidal range,River discharge (4 days ago),River discharge,Rain near combined sewer outfalls,Lunar cycle,Wind gusts,decreasing risk,increasing risk,decreasing risk,increasing risk,increasing risk,decreasing risk,decreasing risk,increasing risk,increasing risk,decreasing risk,increasing risk,increasing risk,decreasing risk,decreasing risk,increasing risk,0.0,5.1,17.0,26.2,20.6,18.6,1.04,2.93,0.0,low,9.82
21MABCH-MA807670,Cape Hedge,2026-09-07,0.0451,Safe,0.13,True,Rainfall today,River discharge,Wave height,High tide level,7-day cumulative rainfall,Solar radiation (6 days ago),Low tide level (yesterday),Wind gusts,Rain near combined sewer outfalls,3-day cumulative rainfall,Yesterday rainfall,30-day cumulative rainfall,Rainfall (6 days ago),Average wave period (5 days ago),Low tide level,decreasing risk,decreasing risk,increasing risk,decreasing risk,increasing risk,decreasing risk,decreasing risk,decreasing risk,decreasing risk,decreasing risk,decreasing risk,decreasing risk,increasing risk,increasing risk,decreasing risk,0.0,1.9,17.0,25.3,20.8,18.6,1.04,2.93,0.0,low,4.19
21MABCH-MA807670-1,Cape Hedge - Location 1,2026-09-07,0.0278,Safe,0.13,True,Rainfall today,River discharge,High tide level,Solar radiation (6 days ago),Wind gusts,Rain near combined sewer outfalls,Solar radiation today,Onshore wind (2 days ago),Low tide level (yesterday),Wave period (2 days ago),Rainfall (6 days ago),Lunar cycle,30-day cumulative rainfall,3-day cumulative rainfall,Water temperature (5 days ago),decreasing risk,decreasing risk,decreasing risk,decreasing risk,decreasing risk,decreasing risk,increasing risk,increasing risk,decreasing risk,decreasing risk,increasing risk,decreasing risk,decreasing risk,decreasing risk,increasing risk,0.0,1.9,17.0,25.3,20.8,18.6,1.04,2.93,0.0,low,4.19
21MABCH-MA809018,Revere,2026-09-07,0.1448,Unsafe,0.13,True,Rainfall today,Rain near combined sewer outfalls,Wave height,Solar radiation (1 day ago),7-day cumulative rainfall,Solar radiation (6 days ago),Low tide level (yesterday),Average wave period (4 days ago),Average wave period (5 days ago),River discharge (4 days ago),Yesterday rainfall,Lunar cycle,Alongshore wind today,Onshore wave energy today,High tide level,decreasing risk,increasing risk,increasing risk,increasing risk,increasing risk,decreasing risk,decreasing risk,increasing risk,increasing risk,increasing risk,decreasing risk,decreasing risk,increasing risk,increasing risk,decreasing risk,0.0,6.1,18.0,25.7,20.7,18.6,1.04,2.93,0.0,low,3.29
21MABCH-MA813543,XYZ,2026-09-07,0.1058,Safe,0.13,True,Rainfall today,Wave height,River discharge,Rain near combined sewer outfalls,Solar radiation (1 day ago),Solar radiation (6 days ago),7-day cumulative rainfall,Low tide level (yesterday),High tide level,Rain and high tide combination,Average wave period (4 days ago),Average wave period (5 days ago),Water temperature (5 days ago),Solar radiation today,Hours since high tide,decreasing risk,increasing risk,decreasing risk,decreasing risk,increasing risk,decreasing risk,increasing risk,decreasing risk,decreasing risk,increasing risk,increasing risk,increasing risk,increasing risk,increasing risk,decreasing risk,0.0,3.3,18.0,25.6,21.2,18.6,1.04,2.93,0.0,low,12.16
21MABCH-MA813543-1,XYZ - Location 1,2026-09-07,0.0749,Safe,0.13,True,Rainfall today,Wave height,Solar radiation (1 day ago),Solar radiation (6 days ago),River discharge,High tide level,Rain near combined sewer outfalls,Rain and high tide combination,Water temperature (5 days ago),Average wave period (4 days ago),Lunar cycle,Wave period (2 days ago),Low tide level (yesterday),Onshore wind (2 days ago),Solar radiation today,decreasing risk,increasing risk,increasing risk,decreasing risk,decreasing risk,decreasing risk,decreasing risk,increasing risk,increasing risk,increasing risk,decreasing risk,decreasing risk,decreasing risk,increasing risk,increasing risk,0.0,3.3,18.0,25.6,21.2,18.6,1.04,2.93,0.0,low,12.16
21MABCH-MA815082-1,Sandy Point - Plum Island (DCR)-North,2026-09-07,0.0281,Safe,0.13,True,Rainfall today,Wave height,Rain near combined sewer outfalls,Solar radiation (6 days ago),Air temperature (1 day ago),High tide level,Onshore wind (2 days ago),7-day cumulative rainfall,Wave period (2 days ago),3-day cumulative rainfall,Alongshore wind today,Solar radiation (1 day ago),Average wave period (5 days ago),Lunar cycle,Low tide level (yesterday),decreasing risk,increasing risk,decreasing risk,decreasing risk,increasing risk,decreasing risk,increasing risk,increasing risk,decreasing risk,decreasing risk,increasing risk,increasing risk,decreasing risk,decreasing risk,decreasing risk,0.0,2.7,17.0,25.8,20.4,18.6,1.04,2.93,0.0,low,13.62
21MABCH-MA815082-2,Sandy Point - Plum Island (DCR)-South,2026-09-07,0.0281,Safe,0.13,True,Rainfall today,Wave height,Rain near combined sewer outfalls,Solar radiation (6 days ago),Air temperature (1 day ago),High tide level,Onshore wind (2 days ago),7-day cumulative rainfall,Wave period (2 days ago),3-day cumulative rainfall,Alongshore wind today,Solar radiation (1 day ago),Average wave period (5 days ago),Lunar cycle,Low tide level (yesterday),decreasing risk,increasing risk,decreasing risk,decreasing risk,increasing risk,decreasing risk,increasing risk,increasing risk,decreasing risk,decreasing risk,increasing risk,increasing risk,decreasing risk,decreasing risk,decreasing risk,0.0,2.7,17.0,25.8,20.4,18.6,1.04,2.93,0.0,low,13.84
21MABCH-MA822629,Salisbury,2026-09-07,0.022,Safe,0.13,True,Rainfall today,Wave height (4 days ago),Wave period (5 days ago),Rain near combined sewer outfalls,High tide level,Solar radiation (6 days ago),Air temperature (1 day ago),Alongshore wind today,7-day cumulative rainfall,30-day cumulative rainfall,Onshore wind (2 days ago),Low tide level (yesterday),Onshore wind (3 days ago),3-day cumulative rainfall,River discharge,decreasing risk,decreasing risk,decreasing risk,decreasing risk,decreasing risk,decreasing risk,increasing risk,increasing risk,increasing risk,decreasing risk,increasing risk,decreasing risk,increasing risk,decreasing risk,increasing risk,0.0,1.7,17.0,25.1,20.5,16.5,0.89,2.93,0.0,low,21.48
21MABCH-MA822629-1,"Salisbury Beach, Main (DCR) - Location 1",2026-09-07,0.022,Safe,0.13,True,Rainfall today,Wave height (4 days ago),Wave period (5 days ago),Rain near combined sewer outfalls,High tide level,Solar radiation (6 days ago),Air temperature (1 day ago),Onshore wind (2 days ago),30-day cumulative rainfall,Alongshore wind today,7-day cumulative rainfall,Low tide level (yesterday),Onshore wind (3 days ago),3-day cumulative rainfall,Solar radiation today,decreasing risk,decreasing risk,decreasing risk,decreasing risk,decreasing risk,decreasing risk,increasing risk,increasing risk,decreasing risk,increasing risk,increasing risk,decreasing risk,increasing risk,decreasing risk,increasing risk,0.0,1.7,17.0,25.1,20.5,16.5,0.89,2.93,0.0,low,21.48
21MABCH-MA833667,Nantasket,2026-09-07,0.0554,Safe,0.13,True,Rainfall today,Wave height,Solar radiation (1 day ago),High tide level,River discharge,Rain near combined sewer outfalls,Solar radiation (6 days ago),Wave period (5 days ago),Air temperature (1 day ago),Rain and high tide combination,Onshore wind (2 days ago),Wave period (2 days ago),Water temperature (5 days ago),Tide level at sample time,7-day cumulative rainfall,decreasing risk,increasing risk,increasing risk,decreasing risk,decreasing risk,decreasing risk,decreasing risk,increasing risk,increasing risk,increasing risk,increasing risk,decreasing risk,increasing risk,increasing risk,increasing risk,0.0,3.3,18.0,25.6,21.2,18.6,1.04,2.93,0.0,low,15.78
21MABCH-MA837135,Sand Hills,2026-09-07,0.1412,Unsafe,0.13,True,Rainfall today,Wave height,7-day cumulative rainfall,River discharge,High tide level,Rain near combined sewer outfalls,Low tide level (yesterday),Solar radiation (6 days ago),Tidal range,Water temperature (5 days ago),Average wave period (4 days ago),Wind speed (3 days ago),Solar radiation today,Yesterday rainfall,Average wave period (5 days ago),decreasing risk,increasing risk,increasing risk,decreasing risk,decreasing risk,decreasing risk,decreasing risk,decreasing risk,decreasing risk,increasing risk,increasing risk,decreasing risk,increasing risk,decreasing risk,decreasing risk,0.0,2.2,18.0,25.3,21.5,18.6,1.04,2.93,0.0,low,28.5
21MABCH-MA837135-1,Sand Hills - Location 1,2026-09-07,0.0853,Safe,0.13,True,Rainfall today,7-day cumulative rainfall,Wave height,High tide level,River discharge,Water temperature (5 days ago),Rain near combined sewer outfalls,Alongshore wind today,Solar radiation (6 days ago),Solar radiation today,Wave period (2 days ago),Lunar cycle,Onshore wind (2 days ago),Average wave period (5 days ago),Low tide level (yesterday),decreasing risk,increasing risk,increasing risk,decreasing risk,decreasing risk,increasing risk,decreasing risk,increasing risk,decreasing risk,increasing risk,decreasing risk,decreasing risk,increasing risk,decreasing risk,decreasing risk,0.0,2.2,18.0,25.3,21.5,18.6,1.04,2.93,0.0,low,28.5
21MABCH-MA840624-1,Yacht Club - Location 1,2026-09-07,0.0549,Safe,0.13,True,Rainfall today,Wave height,Solar radiation (1 day ago),High tide level,Solar radiation (6 days ago),Rain near combined sewer outfalls,River discharge,Rain and high tide combination,Air temperature (1 day ago),Onshore wind (2 days ago),Wave period (2 days ago),Wave period (5 days ago),Lunar cycle,Water temperature (5 days ago),7-day cumulative rainfall,decreasing risk,increasing risk,increasing risk,decreasing risk,decreasing risk,decreasing risk,decreasing risk,increasing risk,increasing risk,increasing risk,decreasing risk,increasing risk,decreasing risk,increasing risk,increasing risk,0.0,3.3,18.0,25.6,21.2,18.6,1.04,2.93,0.0,low,13.4
21MABCH-MA846279,M Street Beach,2026-09-07,0.0853,Safe,0.13,True,Rainfall today,Wave height,River discharge,Average wave period (4 days ago),Rain near combined sewer outfalls,Solar radiation (6 days ago),Onshore wave energy (1 day ago),Tide level at sample time,7-day cumulative rainfall,Solar radiation (1 day ago),Low tide level (yesterday),Seasonal pattern,Wave height (1 day ago),Wind gusts,Average wave period (3 days ago),decreasing risk,increasing risk,decreasing risk,increasing risk,increasing risk,decreasing risk,increasing risk,increasing risk,increasing risk,increasing risk,decreasing risk,increasing risk,increasing risk,increasing risk,decreasing risk,0.0,4.4,18.0,26.0,20.9,18.6,1.04,2.93,0.0,low,0.2
21MABCH-MA846279-1,M Street Beach (DCR) - Location 1,2026-09-07,0.0451,Safe,0.13,True,Rainfall today,Average wave period (4 days ago),River discharge,Solar radiation (6 days ago),Tide level at sample time,Onshore wave energy (1 day ago),Wave height,Solar radiation (1 day ago),Rain near combined sewer outfalls,Water temperature (5 days ago),Seasonal pattern,Rain and high tide combination,High tide level,Solar radiation today,Wave height (1 day ago),decreasing risk,increasing risk,decreasing risk,decreasing risk,increasing risk,increasing risk,increasing risk,increasing risk,increasing risk,increasing risk,increasing risk,increasing risk,decreasing risk,increasing risk,increasing risk,0.0,4.4,18.0,26.0,20.9,18.6,1.04,2.93,0.0,low,0.2
21MABCH-MA852444,Stramski,2026-09-07,0.137,Unsafe,0.13,True,Rainfall today,Wave height,Solar radiation (6 days ago),Rain near combined sewer outfalls,7-day cumulative rainfall,River discharge,Low tide level (yesterday),Rain and high tide combination,High tide level,Solar radiation (1 day ago),Average wave period (4 days ago),Onshore wind (2 days ago),Hours since high tide,Tidal range,Air temperature (2 days ago),decreasing risk,increasing risk,decreasing risk,increasing risk,increasing risk,decreasing risk,decreasing risk,increasing risk,decreasing risk,increasing risk,increasing risk,increasing risk,decreasing risk,decreasing risk,decreasing risk,0.0,6.5,17.0,25.8,20.7,18.6,1.04,2.93,0.0,low,7.01
21MABCH-MA852444-1,Stramski - Location 1,2026-09-07,0.0853,Safe,0.13,True,Rainfall today,Wave height,Solar radiation (6 days ago),River discharge,Onshore wind (2 days ago),Solar radiation (1 day ago),7-day cumulative rainfall,Rain near combined sewer outfalls,Rain and high tide combination,High tide level,Water temperature (5 days ago),Wave period (2 days ago),Average wave period (4 days ago),Lunar cycle,Low tide level (yesterday),decreasing risk,increasing risk,decreasing risk,decreasing risk,increasing risk,increasing risk,increasing risk,increasing risk,increasing risk,decreasing risk,increasing risk,decreasing risk,increasing risk,decreasing risk,decreasing risk,0.0,6.5,17.0,25.8,20.7,18.6,1.04,2.93,0.0,low,7.01
21MABCH-MA858920,Tuck's Point,2026-09-07,0.0853,Safe,0.13,True,Rainfall today,Wave height,High tide level,Solar radiation (6 days ago),River discharge,Rain near combined sewer outfalls,Low tide level (yesterday),7-day cumulative rainfall,Tidal range,Solar radiation (1 day ago),Low tide level,Average wave period (4 days ago),Yesterday rainfall,Solar radiation today,Hours since high tide,decreasing risk,increasing risk,decreasing risk,decreasing risk,decreasing risk,decreasing risk,decreasing risk,increasing risk,decreasing risk,increasing risk,decreasing risk,increasing risk,decreasing risk,increasing risk,decreasing risk,0.0,3.4,15.0,25.4,20.8,18.6,1.04,2.93,0.0,low,10.55
21MABCH-MA858920-1,Tuck's Point - Location 1,2026-09-07,0.0897,Safe,0.13,True,Rainfall today,Wave height,Solar radiation (6 days ago),High tide level,River discharge,Rain near combined sewer outfalls,7-day cumulative rainfall,Low tide level (yesterday),Solar radiation (1 day ago),Average wave period (5 days ago),Solar radiation today,Average wave period (4 days ago),Water temperature (5 days ago),Low tide level,Yesterday rainfall,decreasing risk,increasing risk,decreasing risk,decreasing risk,decreasing risk,decreasing risk,increasing risk,decreasing risk,increasing risk,increasing risk,increasing risk,increasing risk,increasing risk,decreasing risk,decreasing risk,0.0,3.4,15.0,25.4,20.8,18.6,1.04,2.93,0.0,low,10.55
21MABCH-MA861846-1,Town Landing - West of Coast Guard - Location 1,2026-09-07,0.1931,Unsafe,0.13,True,Onshore wave energy today,Rainfall today,Wind speed (1 day ago),Average wave period (3 days ago),7-day cumulative rainfall,Mean wave direction,Average wave period (4 days ago),River discharge,Onshore wind (1 day ago),Solar radiation (1 day ago),Wave period (1 day ago),Average wave period (1 day ago),High tide level,Seasonal pattern,Solar radiation (6 days ago),decreasing risk,decreasing risk,increasing risk,increasing risk,increasing risk,decreasing risk,increasing risk,decreasing risk,increasing risk,increasing risk,decreasing risk,increasing risk,decreasing risk,increasing risk,decreasing risk,0.0,0.0,28.0,21.3,22.2,19.3,0.48,2.98,0.0,low,50.0
21MABCH-MA866757,Edgewater,2026-09-07,0.1604,Unsafe,0.13,True,Rainfall today,Wave height,Rain near combined sewer outfalls,Solar radiation (1 day ago),7-day cumulative rainfall,River discharge,Solar radiation (6 days ago),Low tide level (yesterday),Average wave period (4 days ago),High tide level,Onshore wind (2 days ago),Lunar cycle,Hours since high tide,Rain and high tide combination,Solar radiation today,decreasing risk,increasing risk,increasing risk,increasing risk,increasing risk,decreasing risk,decreasing risk,decreasing risk,increasing risk,decreasing risk,increasing risk,decreasing risk,decreasing risk,increasing risk,increasing risk,0.0,4.4,18.0,26.0,20.9,18.6,1.04,2.93,0.0,low,9.68
21MABCH-MA866757-1,Edgewater (Quincy) - Location 1,2026-09-07,0.1604,Unsafe,0.13,True,Rainfall today,Wave height,Solar radiation (1 day ago),Rain near combined sewer outfalls,7-day cumulative rainfall,River discharge,Solar radiation (6 days ago),Low tide level (yesterday),Average wave period (4 days ago),Average wave period (5 days ago),Yesterday rainfall,High tide level,Onshore wind (2 days ago),Lunar cycle,Water temperature (5 days ago),decreasing risk,increasing risk,increasing risk,increasing risk,increasing risk,decreasing risk,decreasing risk,decreasing risk,increasing risk,increasing risk,decreasing risk,decreasing risk,increasing risk,decreasing risk,increasing risk,0.0,4.4,18.0,26.0,20.9,18.6,1.04,2.93,0.0,low,9.68
21MABCH-MA869051,Fisherman's,2026-09-07,0.1448,Unsafe,0.13,True,Rainfall today,Wave height,River discharge,Rain near combined sewer outfalls,Solar radiation (6 days ago),High tide level,Low tide level (yesterday),Solar radiation today,Average wave period (4 days ago),Rain and high tide combination,Hours since high tide,Alongshore wind today,Onshore wind (2 days ago),7-day cumulative rainfall,Solar radiation (1 day ago),decreasing risk,increasing risk,decreasing risk,increasing risk,decreasing risk,decreasing risk,decreasing risk,increasing risk,increasing risk,increasing risk,decreasing risk,increasing risk,increasing risk,increasing risk,increasing risk,0.0,6.5,17.0,25.8,20.7,18.6,1.04,2.93,0.0,low,1.02
21MABCH-MA869051-1,Fisherman's - Location 1,2026-09-07,0.1058,Safe,0.13,True,Rainfall today,Wave height,Rain near combined sewer outfalls,7-day cumulative rainfall,Solar radiation (6 days ago),River discharge,Solar radiation (1 day ago),Low tide level (yesterday),Average wave period (4 days ago),High tide level,Solar radiation today,Wind direction,Air temperature (2 days ago),Onshore wind (2 days ago),Hours since high tide,decreasing risk,increasing risk,increasing risk,increasing risk,decreasing risk,decreasing risk,increasing risk,decreasing risk,increasing risk,decreasing risk,increasing risk,decreasing risk,decreasing risk,increasing risk,decreasing risk,0.0,6.5,17.0,25.8,20.7,18.6,1.04,2.93,0.0,low,0.9
21MABCH-MA871019-1,Nantasket (DCR)-Bathhouse,2026-09-07,0.0549,Safe,0.13,True,Rainfall today,Wave height,River discharge,Solar radiation (1 day ago),High tide level,Rain near combined sewer outfalls,Solar radiation (6 days ago),Air temperature (1 day ago),Rain and high tide combination,Wave period (5 days ago),Onshore wind (2 days ago),Wave period (2 days ago),Water temperature (5 days ago),Lunar cycle,Low tide level (yesterday),decreasing risk,increasing risk,decreasing risk,increasing risk,decreasing risk,decreasing risk,decreasing risk,increasing risk,increasing risk,increasing risk,increasing risk,decreasing risk,increasing risk,decreasing risk,decreasing risk,0.0,3.3,18.0,25.6,21.2,18.6,1.04,2.93,0.0,low,15.35
21MABCH-MA871019-2,Nantasket (DCR)-North,2026-09-07,0.0549,Safe,0.13,True,Rainfall today,Wave height,River discharge,Solar radiation (1 day ago),High tide level,Rain near combined sewer outfalls,Solar radiation (6 days ago),Rain and high tide combination,Air temperature (1 day ago),Wave period (5 days ago),Onshore wind (2 days ago),Wave period (2 days ago),Water temperature (5 days ago),Lunar cycle,Low tide level (yesterday),decreasing risk,increasing risk,decreasing risk,increasing risk,decreasing risk,decreasing risk,decreasing risk,increasing risk,increasing risk,increasing risk,increasing risk,decreasing risk,increasing risk,decreasing risk,decreasing risk,0.0,3.3,18.0,25.6,21.2,18.6,1.04,2.93,0.0,low,14.27
21MABCH-MA871019-3,Nantasket (DCR)-Park St.,2026-09-07,0.0549,Safe,0.13,True,Rainfall today,Wave height,River discharge,Solar radiation (1 day ago),High tide level,Rain near combined sewer outfalls,Solar radiation (6 days ago),Air temperature (1 day ago),Rain and high tide combination,Wave period (5 days ago),Wave period (2 days ago),Onshore wind (2 days ago),Water temperature (5 days ago),Lunar cycle,Low tide level (yesterday),decreasing risk,increasing risk,decreasing risk,increasing risk,decreasing risk,decreasing risk,decreasing risk,increasing risk,increasing risk,increasing risk,decreasing risk,increasing risk,increasing risk,decreasing risk,decreasing risk,0.0,3.3,18.0,25.6,21.2,18.6,1.04,2.93,0.0,low,15.78
21MABCH-MA871019-4,Nantasket (DCR)-Water St.,2026-09-07,0.0554,Safe,0.13,False,Rainfall today,River discharge,Wave height,Solar radiation (1 day ago),Rain near combined sewer outfalls,Solar radiation (6 days ago),High tide level,Air temperature (1 day ago),Rain and high tide combination,Wave period (5 days ago),Onshore wind (2 days ago),7-day cumulative rainfall,Tide level at sample time,Average wave period (4 days ago),Lunar cycle,decreasing risk,decreasing risk,increasing risk,increasing risk,decreasing risk,decreasing risk,decreasing risk,increasing risk,increasing risk,increasing risk,increasing risk,increasing risk,increasing risk,increasing risk,decreasing risk,0.0,3.3,18.0,25.6,21.2,18.6,1.04,2.93,0.0,low,14.82
21MABCH-MA895787,Plum Cove,2026-09-07,0.0549,Safe,0.13,True,Wave height,Rainfall today,River discharge,High tide level,Solar radiation (6 days ago),Low tide level (yesterday),Rain near combined sewer outfalls,7-day cumulative rainfall,30-day cumulative rainfall,Yesterday rainfall,Rainfall (6 days ago),Solar radiation today,Wind direction,Low tide level,Average wave period (4 days ago),increasing risk,decreasing risk,decreasing risk,decreasing risk,decreasing risk,decreasing risk,decreasing risk,increasing risk,decreasing risk,decreasing risk,increasing risk,increasing risk,decreasing risk,decreasing risk,increasing risk,0.0,1.9,17.0,25.3,20.8,18.6,1.04,2.93,0.0,low,6.5
21MABCH-MA895787-1,Plum Cove - Location 1,2026-09-07,0.0418,Safe,0.13,True,Rainfall today,River discharge,High tide level,Solar radiation (6 days ago),Wave height,Rain near combined sewer outfalls,Solar radiation today,Onshore wind (2 days ago),Alongshore wind today,Low tide level (yesterday),Lunar cycle,Wave period (2 days ago),30-day cumulative rainfall,Rainfall (6 days ago),Yesterday rainfall,decreasing risk,decreasing risk,decreasing risk,decreasing risk,increasing risk,decreasing risk,increasing risk,increasing risk,increasing risk,decreasing risk,decreasing risk,decreasing risk,decreasing risk,increasing risk,decreasing risk,0.0,1.9,17.0,25.3,20.8,18.6,1.04,2.93,0.0,low,6.5
21MABCH-MA898442-1,Nahant Beach (DCR)-1 (North/Ward Bathhouse),2026-09-07,0.443,Unsafe,0.13,False,Rainfall today,River discharge,Wave height,Wind direction,Rain and high tide combination,Solar radiation (6 days ago),Solar radiation (1 day ago),Average wave period (4 days ago),Rain near combined sewer outfalls,High tide level,Rainfall (7 days ago),Wind gusts,Lunar cycle,Solar radiation (3 days ago),Solar radiation today,decreasing risk,decreasing risk,increasing risk,decreasing risk,increasing risk,decreasing risk,increasing risk,increasing risk,increasing risk,decreasing risk,decreasing risk,increasing risk,decreasing risk,increasing risk,increasing risk,0.0,6.5,17.0,25.8,20.7,18.6,1.04,2.93,0.0,low,0.88
21MABCH-MA898442-2,Nahant Beach (DCR)-2 (Flagpole/Halfway),2026-09-07,0.0897,Safe,0.13,True,Rainfall today,Wave height,7-day cumulative rainfall,Rain near combined sewer outfalls,River discharge,Solar radiation (6 days ago),Solar radiation (1 day ago),Onshore wind (2 days ago),High tide level,Water temperature (5 days ago),Average wave period (4 days ago),Lunar cycle,Rain and high tide combination,Wave period (2 days ago),Low tide level (yesterday),decreasing risk,increasing risk,increasing risk,increasing risk,decreasing risk,decreasing risk,increasing risk,increasing risk,decreasing risk,increasing risk,increasing risk,decreasing risk,increasing risk,decreasing risk,decreasing risk,0.0,6.5,17.0,25.9,20.7,18.6,1.04,2.93,0.0,low,1.86
21MABCH-MA898442-3,Nahant Beach (DCR)-3 (Parking Section 12),2026-09-07,0.137,Unsafe,0.13,True,Rainfall today,Wave height,7-day cumulative rainfall,River discharge,Rain near combined sewer outfalls,Solar radiation (1 day ago),Solar radiation (6 days ago),Low tide level (yesterday),Average wave period (4 days ago),High tide level,Average wave period (5 days ago),Water temperature (5 days ago),Lunar cycle,Solar radiation today,Hours since high tide,decreasing risk,increasing risk,increasing risk,decreasing risk,increasing risk,increasing risk,decreasing risk,decreasing risk,increasing risk,decreasing risk,increasing risk,increasing risk,decreasing risk,increasing risk,decreasing risk,0.0,6.5,17.0,25.9,20.7,18.6,1.04,2.93,0.0,low,1.37
21MABCH-MA898442-4,Nahant Beach (DCR)-4 (South/Main Entrance),2026-09-07,0.0853,Safe,0.13,True,Rainfall today,Wave height,River discharge,Solar radiation (1 day ago),Solar radiation (6 days ago),Onshore wind (2 days ago),Rain near combined sewer outfalls,High tide level,Lunar cycle,Water temperature (5 days ago),Rain and high tide combination,Average wave period (4 days ago),7-day cumulative rainfall,Solar radiation today,Low tide level (yesterday),decreasing risk,increasing risk,decreasing risk,increasing risk,decreasing risk,increasing risk,increasing risk,decreasing risk,decreasing risk,increasing risk,increasing risk,increasing risk,increasing risk,increasing risk,decreasing risk,0.0,6.5,17.0,25.9,20.7,18.6,1.04,2.93,0.0,low,2.49
21MABCH-MA901313,Wessagusett (Old Wessagussett),2026-09-07,0.1412,Unsafe,0.13,True,Rainfall today,Wave height,River discharge,Solar radiation (1 day ago),Alongshore wind today,Rain near combined sewer outfalls,Solar radiation (6 days ago),7-day cumulative rainfall,Low tide level (yesterday),High tide level,Average wave period (4 days ago),Average wave period (5 days ago),Solar radiation today,Water temperature (5 days ago),Lunar cycle,decreasing risk,increasing risk,decreasing risk,increasing risk,increasing risk,decreasing risk,decreasing risk,increasing risk,decreasing risk,decreasing risk,increasing risk,increasing risk,increasing risk,increasing risk,decreasing risk,0.0,3.3,18.0,25.6,21.2,18.6,1.04,2.93,0.0,low,11.2
21MABCH-MA901313-1,Wessagusett (Old Wessagussett) - Location 1,2026-09-07,0.0853,Safe,0.13,True,Rainfall today,Wave height,Alongshore wind today,Solar radiation (1 day ago),Solar radiation (6 days ago),High tide level,River discharge,Solar radiation today,Rain and high tide combination,Lunar cycle,Rain near combined sewer outfalls,Water temperature (5 days ago),Average wave period (4 days ago),Wave period (2 days ago),Low tide level (yesterday),decreasing risk,increasing risk,increasing risk,increasing risk,decreasing risk,decreasing risk,decreasing risk,increasing risk,increasing risk,decreasing risk,decreasing risk,increasing risk,increasing risk,decreasing risk,decreasing risk,0.0,3.3,18.0,25.6,21.2,18.6,1.04,2.93,0.0,low,11.2
21MABCH-MA902548,Devereux,2026-09-07,0.1147,Safe,0.13,True,Rainfall today,Wave height,Rain near combined sewer outfalls,7-day cumulative rainfall,Solar radiation (6 days ago),River discharge,Solar radiation (1 day ago),Low tide level (yesterday),Average wave period (4 days ago),Average wave period (5 days ago),High tide level,Onshore wind (2 days ago),Hours since high tide,Rain and high tide combination,Solar radiation today,decreasing risk,increasing risk,increasing risk,increasing risk,decreasing risk,decreasing risk,increasing risk,decreasing risk,increasing risk,increasing risk,decreasing risk,increasing risk,decreasing risk,increasing risk,increasing risk,0.0,6.5,17.0,25.8,20.7,18.6,1.04,2.93,0.0,low,6.05
21MABCH-MA902548-1,Devereux - Location 1,2026-09-07,0.0853,Safe,0.13,True,Rainfall today,Wave height,Solar radiation (6 days ago),River discharge,Onshore wind (2 days ago),Solar radiation (1 day ago),Rain near combined sewer outfalls,7-day cumulative rainfall,Rain and high tide combination,High tide level,Water temperature (5 days ago),Wave period (2 days ago),Average wave period (4 days ago),Lunar cycle,Low tide level (yesterday),decreasing risk,increasing risk,decreasing risk,decreasing risk,increasing risk,increasing risk,increasing risk,increasing risk,increasing risk,decreasing risk,increasing risk,decreasing risk,increasing risk,decreasing risk,decreasing risk,0.0,6.5,17.0,25.8,20.7,18.6,1.04,2.93,0.0,low,6.05
21MABCH-MA919254,Crocker Park,2026-09-07,0.1017,Safe,0.13,True,Rainfall today,Wave height,Rain near combined sewer outfalls,Solar radiation (6 days ago),7-day cumulative rainfall,River discharge,Low tide level (yesterday),High tide level,Solar radiation (1 day ago),Average wave period (4 days ago),Average wave period (5 days ago),Yesterday rainfall,Onshore wind (2 days ago),Hours since high tide,Air temperature (2 days ago),decreasing risk,increasing risk,increasing risk,decreasing risk,increasing risk,decreasing risk,decreasing risk,decreasing risk,increasing risk,increasing risk,increasing risk,decreasing risk,increasing risk,decreasing risk,decreasing risk,0.0,3.4,15.0,25.5,20.8,18.6,1.04,2.93,0.0,low,7.24
21MABCH-MA919254-1,Crocker Park - Location 1,2026-09-07,0.0554,Safe,0.13,True,Rainfall today,Solar radiation (6 days ago),Wave height,River discharge,Rain near combined sewer outfalls,Onshore wind (2 days ago),High tide level,Solar radiation (1 day ago),7-day cumulative rainfall,Water temperature (5 days ago),Wave period (2 days ago),Low tide level (yesterday),Solar radiation today,Lunar cycle,Yesterday rainfall,decreasing risk,decreasing risk,increasing risk,decreasing risk,increasing risk,increasing risk,decreasing risk,increasing risk,increasing risk,increasing risk,decreasing risk,decreasing risk,increasing risk,decreasing risk,decreasing risk,0.0,3.4,15.0,25.5,20.8,18.6,1.04,2.93,0.0,low,7.24
21MABCH-MA924979,Kings,2026-09-07,0.137,Safe,0.24,True,Rainfall today,Wave height,Rain near combined sewer outfalls,Wind direction,7-day cumulative rainfall,River discharge,Solar radiation (6 days ago),Solar radiation (1 day ago),Average wave period (4 days ago),Low tide level (yesterday),High tide level,Air temperature (2 days ago),Rain and high tide combination,Lunar cycle,Rainfall (7 days ago),decreasing risk,increasing risk,increasing risk,decreasing risk,increasing risk,decreasing risk,decreasing risk,increasing risk,increasing risk,decreasing risk,decreasing risk,decreasing risk,increasing risk,decreasing risk,decreasing risk,0.0,6.5,17.0,25.8,20.7,18.6,1.04,2.93,0.0,low,0.48
21MABCH-MA930718,Scituate Lighthouse,2026-09-07,0.1448,Unsafe,0.13,True,Wave height,Rainfall today,7-day cumulative rainfall,River discharge,Rain near combined sewer outfalls,High tide level,Low tide level (yesterday),Water temperature (5 days ago),Solar radiation (6 days ago),Yesterday rainfall,Average wave period (4 days ago),Wind speed (3 days ago),Solar radiation today,Low tide level,Average wave period (5 days ago),increasing risk,decreasing risk,increasing risk,decreasing risk,decreasing risk,decreasing risk,decreasing risk,increasing risk,decreasing risk,decreasing risk,increasing risk,decreasing risk,increasing risk,decreasing risk,decreasing risk,0.0,2.2,18.0,25.3,21.5,18.6,1.04,2.93,0.0,low,29.11
21MABCH-MA930718-1,Scituate Lighthouse - Location 1,2026-09-07,0.1448,Unsafe,0.13,True,Wave height,Rainfall today,7-day cumulative rainfall,River discharge,High tide level,Rain near combined sewer outfalls,Low tide level (yesterday),Water temperature (5 days ago),Solar radiation (6 days ago),Solar radiation today,Average wave period (4 days ago),Wind speed (3 days ago),Yesterday rainfall,Lunar cycle,Onshore wind (3 days ago),increasing risk,decreasing risk,increasing risk,decreasing risk,decreasing risk,decreasing risk,decreasing risk,increasing risk,decreasing risk,increasing risk,increasing risk,decreasing risk,decreasing risk,decreasing risk,increasing risk,0.0,2.2,18.0,25.3,21.5,18.6,1.04,2.93,0.0,low,29.11
21MABCH-MA930792,Parkhurst,2026-09-07,0.1448,Unsafe,0.13,True,Rainfall today,Wave height,Solar radiation (1 day ago),River discharge,Solar radiation (6 days ago),Rain near combined sewer outfalls,Low tide level (yesterday),High tide level,Hours since high tide,Rain and high tide combination,Average wave period (4 days ago),Solar radiation today,Tidal range,Lunar cycle,7-day cumulative rainfall,decreasing risk,increasing risk,increasing risk,decreasing risk,decreasing risk,increasing risk,decreasing risk,decreasing risk,decreasing risk,increasing risk,increasing risk,increasing risk,decreasing risk,decreasing risk,increasing risk,0.0,4.4,18.0,26.0,20.9,18.6,1.04,2.93,0.0,low,8.84
21MABCH-MA930792-1,Parkhurst - Location 1,2026-09-07,0.1412,Unsafe,0.13,True,Rainfall today,Wave height,Rain near combined sewer outfalls,Solar radiation (1 day ago),7-day cumulative rainfall,Solar radiation (6 days ago),River discharge,Low tide level (yesterday),Average wave period (4 days ago),Average wave period (5 days ago),Yesterday rainfall,High tide level,Lunar cycle,Water temperature (5 days ago),Hours since high tide,decreasing risk,increasing risk,increasing risk,increasing risk,increasing risk,decreasing risk,decreasing risk,decreasing risk,increasing risk,increasing risk,decreasing risk,decreasing risk,decreasing risk,increasing risk,decreasing risk,0.0,4.4,18.0,26.0,20.9,18.6,1.04,2.93,0.0,low,8.84
21MABCH-MA933943,Back,2026-09-07,0.0483,Safe,0.13,True,Wave height,Rainfall today,River discharge,Rain near combined sewer outfalls,High tide level,Solar radiation (6 days ago),Low tide level (yesterday),30-day cumulative rainfall,Tidal range,Hours since high tide,Solar radiation today,Yesterday rainfall,Low tide level,Spring tide conditions,Rain and high tide combination,increasing risk,decreasing risk,decreasing risk,decreasing risk,decreasing risk,decreasing risk,decreasing risk,decreasing risk,decreasing risk,decreasing risk,increasing risk,decreasing risk,decreasing risk,decreasing risk,decreasing risk,0.0,1.9,17.0,25.3,20.8,18.6,1.04,2.93,0.0,low,5.57
21MABCH-MA933943-1,Back Beach - Location 1,2026-09-07,0.0289,Safe,0.13,True,Rainfall today,River discharge,High tide level,Solar radiation (6 days ago),Wave height,Rain near combined sewer outfalls,Solar radiation today,Onshore wind (2 days ago),Alongshore wind today,Low tide level (yesterday),Wave period (2 days ago),30-day cumulative rainfall,Lunar cycle,Rainfall (6 days ago),Yesterday rainfall,decreasing risk,decreasing risk,decreasing risk,decreasing risk,increasing risk,decreasing risk,increasing risk,increasing risk,increasing risk,decreasing risk,decreasing risk,decreasing risk,decreasing risk,increasing risk,decreasing risk,0.0,1.9,17.0,25.3,20.8,18.6,1.04,2.93,0.0,low,5.57
21MABCH-MA951037,Niles,2026-09-07,0.0749,Safe,0.13,True,Rainfall today,Rain near combined sewer outfalls,Wave height,River discharge,7-day cumulative rainfall,High tide level,Solar radiation (6 days ago),Low tide level (yesterday),Average wave period (4 days ago),Yesterday rainfall,Onshore wind (2 days ago),Average wave period (5 days ago),30-day cumulative rainfall,Hours since high tide,Solar radiation today,decreasing risk,increasing risk,increasing risk,decreasing risk,increasing risk,decreasing risk,decreasing risk,decreasing risk,increasing risk,decreasing risk,increasing risk,increasing risk,decreasing risk,decreasing risk,increasing risk,0.0,1.9,17.0,24.9,20.8,18.6,1.04,2.93,0.0,low,1.67
21MABCH-MA951037-1,Niles - Location 1,2026-09-07,0.0451,Safe,0.13,True,Rainfall today,River discharge,High tide level,Solar radiation (6 days ago),Rain near combined sewer outfalls,Onshore wind (2 days ago),Wave height,7-day cumulative rainfall,Low tide level (yesterday),Wave period (2 days ago),Average wave period (4 days ago),Solar radiation today,Lunar cycle,Yesterday rainfall,Water temperature (5 days ago),decreasing risk,decreasing risk,decreasing risk,decreasing risk,increasing risk,increasing risk,increasing risk,increasing risk,decreasing risk,decreasing risk,increasing risk,increasing risk,decreasing risk,decreasing risk,increasing risk,0.0,1.9,17.0,24.9,20.8,18.6,1.04,2.93,0.0,low,1.67
21MABCH-MA955202,Long,2026-09-07,0.0451,Safe,0.13,True,Rainfall today,River discharge,Wave height,7-day cumulative rainfall,Rain near combined sewer outfalls,High tide level,Solar radiation (6 days ago),Low tide level (yesterday),Wind gusts,30-day cumulative rainfall,Average wave period (5 days ago),Solar radiation (1 day ago),Yesterday rainfall,Onshore wind (2 days ago),Rainfall (6 days ago),decreasing risk,decreasing risk,increasing risk,increasing risk,increasing risk,decreasing risk,decreasing risk,decreasing risk,decreasing risk,decreasing risk,increasing risk,increasing risk,decreasing risk,increasing risk,increasing risk,0.0,1.9,17.0,25.3,20.8,18.6,1.04,2.93,0.0,low,3.46
21MABCH-MA955202-1,Long Beach - Location 1,2026-09-07,0.0281,Safe,0.13,True,Rainfall today,River discharge,High tide level,Solar radiation (6 days ago),Onshore wind (2 days ago),Rain near combined sewer outfalls,Wind gusts,Solar radiation today,Low tide level (yesterday),Wave period (2 days ago),30-day cumulative rainfall,Rainfall (6 days ago),7-day cumulative rainfall,Yesterday rainfall,Lunar cycle,decreasing risk,decreasing risk,decreasing risk,decreasing risk,increasing risk,increasing risk,decreasing risk,increasing risk,decreasing risk,decreasing risk,decreasing risk,increasing risk,increasing risk,decreasing risk,decreasing risk,0.0,1.9,17.0,25.3,20.8,18.6,1.04,2.93,0.0,low,3.46
21MABCH-MA957964,Wollaston,2026-09-07,0.1604,Safe,0.18,True,Rainfall today,Wave height,Rain near combined sewer outfalls,River discharge,Solar radiation (6 days ago),Solar radiation (1 day ago),7-day cumulative rainfall,Low tide level (yesterday),Average wave period (4 days ago),High tide level,Rain and high tide combination,Lunar cycle,Hours since high tide,Tidal range,Onshore wind (2 days ago),decreasing risk,increasing risk,increasing risk,decreasing risk,decreasing risk,increasing risk,increasing risk,decreasing risk,increasing risk,decreasing risk,increasing risk,decreasing risk,decreasing risk,decreasing risk,increasing risk,0.0,4.4,18.0,26.0,20.9,18.6,1.04,2.93,0.0,low,6.11
21MABCH-MA957964-1,Wollaston @ Channing Street (DCR) - Location 1,2026-09-07,0.1448,Safe,0.18,False,Rainfall today,Wave height,Rain near combined sewer outfalls,Solar radiation (6 days ago),River discharge,Solar radiation (1 day ago),7-day cumulative rainfall,Low tide level (yesterday),Average wave period (4 days ago),Rain and high tide combination,High tide level,Lunar cycle,Solar radiation today,Tidal range,Hours since high tide,decreasing risk,increasing risk,increasing risk,decreasing risk,decreasing risk,increasing risk,increasing risk,decreasing risk,increasing risk,increasing risk,decreasing risk,decreasing risk,increasing risk,decreasing risk,decreasing risk,0.0,4.4,18.0,26.0,20.9,18.6,1.04,2.93,0.0,low,5.79
21MABCH-MA982021,Kimball,2026-09-07,0.137,Unsafe,0.13,True,Rainfall today,Wave height,Solar radiation (1 day ago),7-day cumulative rainfall,River discharge,Solar radiation (6 days ago),Rain near combined sewer outfalls,Low tide level (yesterday),High tide level,Average wave period (5 days ago),Average wave period (4 days ago),Water temperature (5 days ago),Solar radiation today,Hours since high tide,Yesterday rainfall,decreasing risk,increasing risk,increasing risk,increasing risk,decreasing risk,decreasing risk,decreasing risk,decreasing risk,decreasing risk,increasing risk,increasing risk,increasing risk,increasing risk,decreasing risk,decreasing risk,0.0,3.3,18.0,25.6,21.2,18.6,1.04,2.93,0.0,low,12.18
21MABCH-MA982021-1,Kimball - Location 1,2026-09-07,0.0853,Safe,0.13,True,Rainfall today,Wave height,Solar radiation (1 day ago),Solar radiation (6 days ago),High tide level,River discharge,Rain near combined sewer outfalls,Rain and high tide combination,Water temperature (5 days ago),Lunar cycle,Onshore wind (2 days ago),Average wave period (4 days ago),Low tide level (yesterday),Wave period (2 days ago),Solar radiation today,decreasing risk,increasing risk,increasing risk,decreasing risk,decreasing risk,decreasing risk,decreasing risk,increasing risk,increasing risk,decreasing risk,increasing risk,increasing risk,decreasing risk,decreasing risk,increasing risk,0.0,3.3,18.0,25.6,21.2,18.6,1.04,2.93,0.0,low,12.18
21MABCH-MA984037,Kings,2026-09-07,0.1448,Safe,0.24,True,Rainfall today,Wave height,Rain near combined sewer outfalls,7-day cumulative rainfall,River discharge,Solar radiation (6 days ago),Average wave period (4 days ago),Solar radiation (1 day ago),Low tide level (yesterday),High tide level,Rain and high tide combination,Solar radiation today,Air temperature (2 days ago),Wind direction,Onshore wind (2 days ago),decreasing risk,increasing risk,increasing risk,increasing risk,decreasing risk,decreasing risk,increasing risk,increasing risk,decreasing risk,decreasing risk,increasing risk,increasing risk,decreasing risk,decreasing risk,increasing risk,0.0,6.5,17.0,25.8,20.7,18.6,1.04,2.93,0.0,low,0.37
21MABCH-MA984037-1,Kings - Location 1,2026-09-07,0.137,Safe,0.24,True,Rainfall today,Wave height,7-day cumulative rainfall,Rain near combined sewer outfalls,River discharge,Solar radiation (1 day ago),Solar radiation (6 days ago),Low tide level (yesterday),Average wave period (4 days ago),Wind direction,Solar radiation today,High tide level,Air temperature (2 days ago),Onshore wind (2 days ago),Rainfall (7 days ago),decreasing risk,increasing risk,increasing risk,increasing risk,decreasing risk,increasing risk,decreasing risk,decreasing risk,increasing risk,decreasing risk,increasing risk,decreasing risk,decreasing risk,increasing risk,decreasing risk,0.0,6.5,17.0,25.8,20.7,18.6,1.04,2.93,0.0,low,0.37
MYRWA-BEI093,Belle Isle Inlet at Crystal Avenue in Revere; sampled from end of private dock or by walking across mud to channel,2026-09-07,0.1931,Unsafe,0.13,True,Rainfall today,River discharge,Wind speed (3 days ago),Rain near combined sewer outfalls,Solar radiation (1 day ago),Solar radiation (6 days ago),Wave height,Average wave period (4 days ago),High tide level,Rain and high tide combination,Yesterday rainfall,Low tide level (yesterday),Solar radiation today,Solar radiation (3 days ago),Lunar cycle,decreasing risk,decreasing risk,decreasing risk,increasing risk,increasing risk,decreasing risk,increasing risk,increasing risk,decreasing risk,decreasing risk,decreasing risk,decreasing risk,increasing risk,increasing risk,decreasing risk,0.0,6.1,18.0,25.7,20.7,18.6,1.04,2.93,0.0,low,2.68
MYRWA-CHR95S,Chelsea River in East Boston at Condor Street; sampled at east side of Urban Wild,2026-09-07,0.1412,Unsafe,0.13,True,Rainfall today,Rain near combined sewer outfalls,Wave height,Solar radiation (6 days ago),7-day cumulative rainfall,Onshore wave energy (1 day ago),Solar radiation (1 day ago),Tide level at sample time,Wind gusts,Seasonal pattern,Low tide level (yesterday),Average wave period (4 days ago),Yesterday rainfall,Wind direction,Wave height (1 day ago),decreasing risk,increasing risk,increasing risk,decreasing risk,increasing risk,increasing risk,increasing risk,increasing risk,increasing risk,increasing risk,decreasing risk,increasing risk,decreasing risk,decreasing risk,increasing risk,0.0,6.1,18.0,25.7,20.7,18.6,1.04,2.93,0.0,low,0.19
MYRWA-MIC004,Mill Creek at Broadway Bridge on Chelsea/Revere line; sampled from south east side of Broadway bridge,2026-09-07,0.4902,Unsafe,0.13,True,Rainfall today,Wind speed (3 days ago),Alongshore wind today,Solar radiation (1 day ago),Rain near combined sewer outfalls,Solar radiation (6 days ago),Yesterday rainfall,Solar radiation today,Onshore wind (2 days ago),Wind direction,Wind gusts,Average wave period (4 days ago),Wave period (1 day ago),Wind speed,High tide level,decreasing risk,decreasing risk,increasing risk,increasing risk,increasing risk,decreasing risk,decreasing risk,increasing risk,increasing risk,decreasing risk,increasing risk,increasing risk,decreasing risk,increasing risk,decreasing risk,0.0,6.1,18.0,25.7,20.7,18.6,1.04,2.93,0.0,low,0.96
MYRWA-MYR275,Mystic River at Draw Seven Park in Somerville; sampled downstream of MWR205,2026-09-07,0.1931,Unsafe,0.13,True,Rainfall today,Rain near combined sewer outfalls,Wave height,Solar radiation (6 days ago),7-day cumulative rainfall,Solar radiation (1 day ago),Onshore wave energy (1 day ago),Low tide level (yesterday),Average wave period (4 days ago),Tide level at sample time,Wind gusts,Yesterday rainfall,Seasonal pattern,River discharge,High tide level,decreasing risk,increasing risk,increasing risk,decreasing risk,increasing risk,increasing risk,increasing risk,decreasing risk,increasing risk,increasing risk,increasing risk,decreasing risk,increasing risk,increasing risk,decreasing risk,0.0,6.1,18.0,25.6,20.7,18.6,1.04,2.93,0.0,low,0.1
MYRWA-MYRMMP,Mystic River at Mary O'Malley Park in Chelsea; sampled from east side of wooden pier at east end of park,2026-09-07,0.137,Unsafe,0.13,True,Rainfall today,Wave height,Rain near combined sewer outfalls,7-day cumulative rainfall,Solar radiation (6 days ago),Solar radiation (1 day ago),Wind direction,Onshore wave energy (1 day ago),Low tide level (yesterday),Average wave period (4 days ago),Seasonal pattern,Tide level at sample time,Yesterday rainfall,Wind gusts,Wave height (1 day ago),decreasing risk,increasing risk,increasing risk,increasing risk,decreasing risk,increasing risk,decreasing risk,increasing risk,decreasing risk,increasing risk,increasing risk,increasing risk,decreasing risk,increasing risk,increasing risk,0.0,6.1,18.0,25.7,20.7,18.6,1.04,2.93,0.0,low,0.67
NARS_WQX-NCA_MA-10159,NCA_MA-10159,2026-09-07,0.1931,Unsafe,0.13,True,Rainfall today,Wave height,Solar radiation (6 days ago),Onshore wave energy (1 day ago),Solar radiation (1 day ago),Seasonal pattern,Wind direction,Rain near combined sewer outfalls,Average wave period (4 days ago),Wind gusts,Yesterday rainfall,Tidal range,High tide level,Tide level at sample time,River discharge,decreasing risk,increasing risk,decreasing risk,increasing risk,increasing risk,increasing risk,decreasing risk,increasing risk,increasing risk,increasing risk,decreasing risk,decreasing risk,decreasing risk,increasing risk,increasing risk,0.0,6.1,18.0,25.6,20.7,18.6,1.04,2.93,0.0,low,0.6
NARS_WQX-NCA_MA-10160,NCA_MA-10160,2026-09-07,0.0281,Safe,0.13,True,Rainfall today,Wave height,Rain near combined sewer outfalls,Air temperature (1 day ago),Solar radiation (6 days ago),High tide level,Onshore wind (2 days ago),7-day cumulative rainfall,Wave period (2 days ago),Wave period (5 days ago),Alongshore wind today,River discharge,Solar radiation (1 day ago),Tide level at sample time,Average wave period (5 days ago),decreasing risk,increasing risk,decreasing risk,increasing risk,decreasing risk,decreasing risk,increasing risk,increasing risk,decreasing risk,increasing risk,increasing risk,decreasing risk,increasing risk,increasing risk,decreasing risk,0.0,2.7,17.0,25.8,20.4,18.6,1.04,2.93,0.0,low,18.3
NARS_WQX-NCA_MA-10162,NCA_MA-10162,2026-09-07,0.1412,Unsafe,0.13,True,Rainfall today,River discharge,Solar radiation (6 days ago),Wave height,Rain near combined sewer outfalls,High tide level,Rain and high tide combination,Average wave period (4 days ago),Solar radiation today,Onshore wind (2 days ago),Low tide level (yesterday),30-day cumulative rainfall,Low tide level,Wind direction,Yesterday rainfall,decreasing risk,decreasing risk,decreasing risk,increasing risk,increasing risk,decreasing risk,decreasing risk,increasing risk,increasing risk,increasing risk,decreasing risk,decreasing risk,decreasing risk,decreasing risk,decreasing risk,0.0,1.9,17.0,24.9,20.8,18.6,1.04,2.93,0.0,low,1.56
NARS_WQX-NCA_MA-10164,NCA_MA-10164,2026-09-07,0.0749,Safe,0.13,True,Rainfall today,Wave height,Solar radiation (6 days ago),High tide level,River discharge,7-day cumulative rainfall,Water temperature (5 days ago),Solar radiation (1 day ago),Onshore wind (2 days ago),Low tide level (yesterday),Lunar cycle,Wave period (2 days ago),Rain near combined sewer outfalls,Solar radiation today,Average wave period (4 days ago),decreasing risk,increasing risk,decreasing risk,decreasing risk,decreasing risk,increasing risk,increasing risk,increasing risk,increasing risk,decreasing risk,decreasing risk,decreasing risk,decreasing risk,increasing risk,increasing risk,0.0,3.4,15.0,25.5,20.8,18.6,1.04,2.93,0.0,low,9.44
NARS_WQX-NCA_MA-10166,NCA_MA-10166,2026-09-07,0.0853,Safe,0.13,True,Rainfall today,Solar radiation (6 days ago),Wave height,Solar radiation (1 day ago),Rain near combined sewer outfalls,Onshore wind (2 days ago),Water temperature (5 days ago),High tide level,Lunar cycle,Yesterday rainfall,Alongshore wind today,Solar radiation today,Average wave period (4 days ago),Wave period (2 days ago),Low tide level (yesterday),decreasing risk,decreasing risk,increasing risk,increasing risk,increasing risk,increasing risk,increasing risk,decreasing risk,decreasing risk,decreasing risk,increasing risk,increasing risk,increasing risk,decreasing risk,decreasing risk,0.0,6.1,18.0,25.7,20.7,18.6,1.04,2.93,0.0,low,1.37
NARS_WQX-NCA_MA-10181,NCA_MA-10181,2026-09-07,0.0278,Safe,0.13,True,Rainfall today,Air temperature (1 day ago),Rain near combined sewer outfalls,Wave height,Solar radiation (6 days ago),High tide level,River discharge,Onshore wind (2 days ago),Average wave period (5 days ago),Wave period (5 days ago),Wave period (2 days ago),Wind speed (2 days ago),Tide level at sample time,7-day cumulative rainfall,30-day cumulative rainfall,decreasing risk,increasing risk,decreasing risk,increasing risk,decreasing risk,decreasing risk,decreasing risk,increasing risk,decreasing risk,increasing risk,decreasing risk,decreasing risk,increasing risk,increasing risk,decreasing risk,0.0,1.7,17.0,25.1,20.5,18.6,1.04,2.93,0.0,low,19.67
NARS_WQX-NCA_MA-10182,NCA_MA-10182,2026-09-07,0.0281,Safe,0.13,True,Rainfall today,Wave height,Rain near combined sewer outfalls,Air temperature (1 day ago),Solar radiation (6 days ago),High tide level,Onshore wind (2 days ago),7-day cumulative rainfall,Wave period (2 days ago),Wave period (5 days ago),Alongshore wind today,River discharge,Solar radiation (1 day ago),Low tide level (yesterday),Tide level at sample time,decreasing risk,increasing risk,decreasing risk,increasing risk,decreasing risk,decreasing risk,increasing risk,increasing risk,decreasing risk,increasing risk,increasing risk,decreasing risk,increasing risk,decreasing risk,increasing risk,0.0,2.7,17.0,25.8,20.4,18.6,1.04,2.93,0.0,low,16.53
NARS_WQX-NCA_MA-10183,NCA_MA-10183,2026-09-07,0.0853,Safe,0.13,True,Wave height,Rainfall today,River discharge,High tide level,Rain near combined sewer outfalls,Solar radiation (6 days ago),Rain and high tide combination,Tidal range,Low tide level (yesterday),Solar radiation today,30-day cumulative rainfall,Yesterday rainfall,Rainfall (6 days ago),Wind direction,Low tide level,increasing risk,decreasing risk,decreasing risk,decreasing risk,decreasing risk,decreasing risk,decreasing risk,decreasing risk,decreasing risk,increasing risk,decreasing risk,decreasing risk,increasing risk,decreasing risk,decreasing risk,0.0,1.9,17.0,25.3,20.8,18.6,1.04,2.93,0.0,low,6.04
NARS_WQX-NCA_MA-10184,NCA_MA-10184,2026-09-07,0.0451,Safe,0.13,True,Rainfall today,Wave height,Solar radiation (6 days ago),Rain near combined sewer outfalls,High tide level,Alongshore wind today,Low tide level (yesterday),Lunar cycle,Onshore wind (2 days ago),Wave period (2 days ago),Solar radiation (1 day ago),Solar radiation today,River discharge,Yesterday rainfall,River discharge (4 days ago),decreasing risk,increasing risk,decreasing risk,decreasing risk,decreasing risk,increasing risk,decreasing risk,decreasing risk,increasing risk,decreasing risk,increasing risk,increasing risk,increasing risk,decreasing risk,increasing risk,0.0,1.9,17.0,25.3,20.8,18.6,1.04,2.93,0.0,low,10.91
NARS_WQX-NCA_MA-10185,NCA_MA-10185,2026-09-07,0.0451,Safe,0.13,True,Rainfall today,River discharge,High tide level,Solar radiation (6 days ago),Rain near combined sewer outfalls,Onshore wind (2 days ago),7-day cumulative rainfall,Low tide level (yesterday),Wave period (2 days ago),Average wave period (4 days ago),Solar radiation today,Lunar cycle,Wave height,Yesterday rainfall,Water temperature (5 days ago),decreasing risk,decreasing risk,decreasing risk,decreasing risk,increasing risk,increasing risk,increasing risk,decreasing risk,decreasing risk,increasing risk,increasing risk,decreasing risk,increasing risk,decreasing risk,increasing risk,0.0,1.9,17.0,24.9,20.8,18.6,1.04,2.93,0.0,low,1.92
NARS_WQX-NCA_MA-10186,NCA_MA-10186,2026-09-07,0.0281,Safe,0.13,True,Rainfall today,Wave height,Rain near combined sewer outfalls,Air temperature (1 day ago),Solar radiation (6 days ago),High tide level,Onshore wind (2 days ago),7-day cumulative rainfall,Wave period (2 days ago),Wave period (5 days ago),Alongshore wind today,River discharge,Solar radiation (1 day ago),Tide level at sample time,Average wave period (5 days ago),decreasing risk,increasing risk,decreasing risk,increasing risk,decreasing risk,decreasing risk,increasing risk,increasing risk,decreasing risk,increasing risk,increasing risk,decreasing risk,increasing risk,increasing risk,decreasing risk,0.0,2.7,17.0,25.8,20.4,18.6,1.04,2.93,0.0,low,18.27
NARS_WQX-NCA_MA-10188,NCA_MA-10188,2026-09-07,0.443,Unsafe,0.13,True,Wave height,Rainfall today,Rain and high tide combination,Alongshore wind today,River discharge,Solar radiation (6 days ago),Solar radiation (1 day ago),Solar radiation today,High tide level,Average wave period (4 days ago),Rain near combined sewer outfalls,Hours since high tide,Lunar cycle,Low tide level,Average wave period (5 days ago),increasing risk,decreasing risk,increasing risk,increasing risk,decreasing risk,decreasing risk,increasing risk,increasing risk,decreasing risk,increasing risk,decreasing risk,decreasing risk,decreasing risk,decreasing risk,increasing risk,0.0,3.3,18.0,25.6,21.2,18.6,1.04,2.93,0.0,low,11.79
NARS_WQX-NCA_MA-10189,NCA_MA-10189,2026-09-07,0.0853,Safe,0.13,True,Rainfall today,Rain near combined sewer outfalls,River discharge,Solar radiation (1 day ago),Solar radiation (6 days ago),Water temperature (5 days ago),Average wave period (4 days ago),Wave height,High tide level,Lunar cycle,Rain and high tide combination,7-day cumulative rainfall,Onshore wave energy today,Yesterday rainfall,Solar radiation today,decreasing risk,increasing risk,decreasing risk,increasing risk,decreasing risk,increasing risk,increasing risk,increasing risk,decreasing risk,decreasing risk,increasing risk,increasing risk,increasing risk,decreasing risk,increasing risk,0.0,4.4,18.0,26.0,20.9,18.6,1.04,2.93,0.0,low,2.67
NARS_WQX-NCA_MA-10190,NCA_MA-10190,2026-09-07,0.0853,Safe,0.13,True,Rainfall today,Wave height,Solar radiation (6 days ago),River discharge,Solar radiation (1 day ago),High tide level,Rain and high tide combination,7-day cumulative rainfall,Water temperature (5 days ago),Lunar cycle,Onshore wind (2 days ago),Average wave period (4 days ago),Low tide level (yesterday),Wave period (2 days ago),Solar radiation today,decreasing risk,increasing risk,decreasing risk,decreasing risk,increasing risk,decreasing risk,increasing risk,increasing risk,increasing risk,decreasing risk,increasing risk,increasing risk,decreasing risk,decreasing risk,increasing risk,0.0,6.5,17.0,25.8,20.7,18.6,1.04,2.93,0.0,low,9.29
NARS_WQX-NCA_MA-10191,NCA_MA-10191,2026-09-07,0.25,Unsafe,0.13,True,Rainfall today,Wind speed (3 days ago),River discharge,Wave height,Solar radiation (6 days ago),Solar radiation (1 day ago),Onshore wave energy (1 day ago),Tide level at sample time,Average wave period (4 days ago),Rain near combined sewer outfalls,Wind direction,Wind gusts,Wave height (1 day ago),Seasonal pattern,High tide level,decreasing risk,decreasing risk,decreasing risk,increasing risk,decreasing risk,increasing risk,increasing risk,increasing risk,increasing risk,increasing risk,decreasing risk,increasing risk,increasing risk,increasing risk,decreasing risk,0.0,4.4,18.0,26.0,20.9,18.6,1.04,2.93,0.0,low,0.66
NARS_WQX-NCA_MA-10192,NCA_MA-10192,2026-09-07,0.0853,Safe,0.13,True,Rainfall today,Rain near combined sewer outfalls,Solar radiation (1 day ago),River discharge,Wave height,Solar radiation (6 days ago),Water temperature (5 days ago),Average wave period (4 days ago),Lunar cycle,High tide level,7-day cumulative rainfall,Wave period (2 days ago),Rain and high tide combination,Onshore wave energy today,Solar radiation today,decreasing risk,increasing risk,increasing risk,decreasing risk,increasing risk,decreasing risk,increasing risk,increasing risk,decreasing risk,decreasing risk,increasing risk,decreasing risk,increasing risk,increasing risk,increasing risk,0.0,4.4,18.0,26.0,20.9,18.6,1.04,2.93,0.0,low,4.81
NARS_WQX-NCA_MA-10193,NCA_MA-10193,2026-09-07,0.0853,Safe,0.13,True,Rainfall today,Wave height,Solar radiation (1 day ago),Solar radiation (6 days ago),High tide level,River discharge,Rain near combined sewer outfalls,Rain and high tide combination,Water temperature (5 days ago),Lunar cycle,Wave period (2 days ago),Average wave period (4 days ago),Onshore wind (2 days ago),Low tide level (yesterday),Solar radiation today,decreasing risk,increasing risk,increasing risk,decreasing risk,decreasing risk,decreasing risk,decreasing risk,increasing risk,increasing risk,decreasing risk,decreasing risk,increasing risk,increasing risk,decreasing risk,increasing risk,0.0,3.3,18.0,25.6,21.2,18.6,1.04,2.93,0.0,low,10.58
NARS_WQX-NCA_MA-10194,NCA_MA-10194,2026-09-07,0.2411,Unsafe,0.13,True,Wave height,Rainfall today,Rain and high tide combination,7-day cumulative rainfall,River discharge,High tide level,Solar radiation (6 days ago),Wind speed (3 days ago),Rain near combined sewer outfalls,Average wave period (4 days ago),Solar radiation today,Low tide level (yesterday),Average wave period (5 days ago),Tidal range,Low tide level,increasing risk,decreasing risk,increasing risk,increasing risk,decreasing risk,decreasing risk,decreasing risk,decreasing risk,decreasing risk,increasing risk,increasing risk,decreasing risk,decreasing risk,decreasing risk,decreasing risk,0.0,5.1,16.0,25.1,21.8,18.6,1.04,2.93,0.0,low,33.63
SSCW-169,Manchester Harbor,2026-09-07,0.1448,Unsafe,0.13,True,Wave height,Rainfall today,Solar radiation (6 days ago),High tide level,River discharge,Wind speed (3 days ago),Rain and high tide combination,Rain near combined sewer outfalls,Solar radiation today,Low tide level,Average wave period (4 days ago),Low tide level (yesterday),Solar radiation (1 day ago),Tidal range,Hours since high tide,increasing risk,decreasing risk,decreasing risk,decreasing risk,decreasing risk,decreasing risk,decreasing risk,decreasing risk,increasing risk,decreasing risk,increasing risk,decreasing risk,increasing risk,decreasing risk,decreasing risk,0.0,3.4,15.0,25.4,20.8,18.6,1.04,2.93,0.0,low,9.77
SSCW-422,Porter River at Rt. 35 - Dock at Pope's Landing,2026-09-07,0.45,Unsafe,0.13,True,Rainfall today,Rain and high tide combination,Wave height,Solar radiation (6 days ago),Solar radiation (1 day ago),High tide level,Alongshore wind today,River discharge,Rain near combined sewer outfalls,Average wave period (4 days ago),Solar radiation today,River discharge (4 days ago),Onshore wave energy (3 days ago),Wave period,Wind gusts,decreasing risk,increasing risk,increasing risk,decreasing risk,increasing risk,decreasing risk,increasing risk,increasing risk,decreasing risk,increasing risk,increasing risk,increasing risk,increasing risk,decreasing risk,increasing risk,0.0,5.1,17.0,26.2,20.6,18.6,1.04,2.93,0.0,low,10.01
SSCW-601,Forest River off of Lafayette St,2026-09-07,0.2479,Unsafe,0.13,True,Rainfall today,River discharge,Rain and high tide combination,Wave height,Solar radiation (6 days ago),Rain near combined sewer outfalls,Average wave period (4 days ago),Solar radiation today,High tide level,Onshore wind (2 days ago),Solar radiation (1 day ago),7-day cumulative rainfall,Low tide level (yesterday),Hours since high tide,Wind gusts,decreasing risk,decreasing risk,increasing risk,increasing risk,decreasing risk,increasing risk,increasing risk,increasing risk,decreasing risk,increasing risk,increasing risk,increasing risk,decreasing risk,decreasing risk,increasing risk,0.0,6.5,17.0,25.8,20.7,18.6,1.04,2.93,0.0,low,4.48
SSCW-643,South River - Off floating dock on Congress St.,2026-09-07,0.443,Unsafe,0.13,True,Rainfall today,Wave height,Rain and high tide combination,Solar radiation (6 days ago),Rain near combined sewer outfalls,Alongshore wind today,River discharge,High tide level,Solar radiation (1 day ago),River discharge (4 days ago),Average wave period (4 days ago),Onshore wind (2 days ago),Solar radiation today,7-day cumulative rainfall,Wind gusts,decreasing risk,increasing risk,increasing risk,decreasing risk,increasing risk,increasing risk,increasing risk,decreasing risk,increasing risk,increasing risk,increasing risk,increasing risk,increasing risk,increasing risk,increasing risk,0.0,6.5,17.0,25.8,20.7,18.6,1.04,2.93,0.0,low,6.41
